region,product_id,total_vendido
East,b'B\x16\x00\x00\x00\x00\x00\x00',b'\x0e\x00\x00\x00\x00\x00\x00\x00\n\x00\x00\x00\x00\x00\x00\x00\x03\x00\x00\x00\x00\x00\x00\x00'
West,b'~\x19\x00\x00\x00\x00\x00\x00',b'\x0e\x00\x00\x00\x00\x00\x00\x00\x08\x00\x00\x00\x00\x00\x00\x00\x02\x00\x00\x00\x00\x00\x00\x00'
South,b'=\x03\x00\x00\x00\x00\x00\x00',b'\x0e\x00\x00\x00\x00\x00\x00\x00\x08\x00\x00\x00\x00\x00\x00\x00\x02\x00\x00\x00\x00\x00\x00\x00'
West,b'\x1e\x1d\x00\x00\x00\x00\x00\x00',b'\x0e\x00\x00\x00\x00\x00\x00\x00\x07\x00\x00\x00\x00\x00\x00\x00\x03\x00\x00\x00\x00\x00\x00\x00\x07\x00\x00\x00\x00\x00\x00\x00'
East,"b'\xc8""\x00\x00\x00\x00\x00\x00'",b'\x0e\x00\x00\x00\x00\x00\x00\x00\x06\x00\x00\x00\x00\x00\x00\x00\x05\x00\x00\x00\x00\x00\x00\x00\x06\x00\x00\x00\x00\x00\x00\x00'
West,b'\xe3\r\x00\x00\x00\x00\x00\x00',b'\x0e\x00\x00\x00\x00\x00\x00\x00\x05\x00\x00\x00\x00\x00\x00\x00\x02\x00\x00\x00\x00\x00\x00\x00'
West,"b'\x8a""\x00\x00\x00\x00\x00\x00'",b'\x0e\x00\x00\x00\x00\x00\x00\x00\x04\x00\x00\x00\x00\x00\x00\x00\x05\x00\x00\x00\x00\x00\x00\x00\x06\x00\x00\x00\x00\x00\x00\x00\x03\x00\x00\x00\x00\x00\x00\x00'
West,b'\x86\x0e\x00\x00\x00\x00\x00\x00',b'\x0e\x00\x00\x00\x00\x00\x00\x00\x04\x00\x00\x00\x00\x00\x00\x00\x02\x00\x00\x00\x00\x00\x00\x00\x02\x00\x00\x00\x00\x00\x00\x00'
West,b'\xc5\x0e\x00\x00\x00\x00\x00\x00',b'\x0e\x00\x00\x00\x00\x00\x00\x00\x04\x00\x00\x00\x00\x00\x00\x00\x02\x00\x00\x00\x00\x00\x00\x00\x02\x00\x00\x00\x00\x00\x00\x00'
West,"b's""\x00\x00\x00\x00\x00\x00'",b'\x0e\x00\x00\x00\x00\x00\x00\x00\x04\x00\x00\x00\x00\x00\x00\x00'
South,b'8\x10\x00\x00\x00\x00\x00\x00',b'\x0e\x00\x00\x00\x00\x00\x00\x00\x04\x00\x00\x00\x00\x00\x00\x00'
South,b'\x9d\x15\x00\x00\x00\x00\x00\x00',b'\x0e\x00\x00\x00\x00\x00\x00\x00\x03\x00\x00\x00\x00\x00\x00\x00'
West,b'\xa2\x08\x00\x00\x00\x00\x00\x00',b'\x0e\x00\x00\x00\x00\x00\x00\x00\x03\x00\x00\x00\x00\x00\x00\x00'
West,b'\x9d\x11\x00\x00\x00\x00\x00\x00',b'\x0e\x00\x00\x00\x00\x00\x00\x00\x03\x00\x00\x00\x00\x00\x00\x00'
West,b'\xf7\x07\x00\x00\x00\x00\x00\x00',b'\x0e\x00\x00\x00\x00\x00\x00\x00\x03\x00\x00\x00\x00\x00\x00\x00'
South,b'\xbc\x19\x00\x00\x00\x00\x00\x00',b'\x0e\x00\x00\x00\x00\x00\x00\x00\x03\x00\x00\x00\x00\x00\x00\x00'
West,b'\xd0$\x00\x00\x00\x00\x00\x00',b'\x0e\x00\x00\x00\x00\x00\x00\x00\x02\x00\x00\x00\x00\x00\x00\x00\x03\x00\x00\x00\x00\x00\x00\x00\x03\x00\x00\x00\x00\x00\x00\x00'
Central,b'N&\x00\x00\x00\x00\x00\x00',b'\x0e\x00\x00\x00\x00\x00\x00\x00\x02\x00\x00\x00\x00\x00\x00\x00\x03\x00\x00\x00\x00\x00\x00\x00\x02\x00\x00\x00\x00\x00\x00\x00\x01\x00\x00\x00\x00\x00\x00\x00'
East,"b'""\r\x00\x00\x00\x00\x00\x00'",b'\x0e\x00\x00\x00\x00\x00\x00\x00\x02\x00\x00\x00\x00\x00\x00\x00\x02\x00\x00\x00\x00\x00\x00\x00'
East,b'\t!\x00\x00\x00\x00\x00\x00',b'\x0e\x00\x00\x00\x00\x00\x00\x00\x02\x00\x00\x00\x00\x00\x00\x00\x02\x00\x00\x00\x00\x00\x00\x00'
East,b'\xc5\x1a\x00\x00\x00\x00\x00\x00',b'\x0e\x00\x00\x00\x00\x00\x00\x00\x02\x00\x00\x00\x00\x00\x00\x00\x01\x00\x00\x00\x00\x00\x00\x00'
West,b'P\x06\x00\x00\x00\x00\x00\x00',b'\x0e\x00\x00\x00\x00\x00\x00\x00\x02\x00\x00\x00\x00\x00\x00\x00'
South,b'\xae\x10\x00\x00\x00\x00\x00\x00',b'\x0e\x00\x00\x00\x00\x00\x00\x00\x02\x00\x00\x00\x00\x00\x00\x00'
Central,b'\xf5\x07\x00\x00\x00\x00\x00\x00',b'\x0e\x00\x00\x00\x00\x00\x00\x00\x02\x00\x00\x00\x00\x00\x00\x00'
East,b'\x12\x05\x00\x00\x00\x00\x00\x00',b'\x0e\x00\x00\x00\x00\x00\x00\x00\x02\x00\x00\x00\x00\x00\x00\x00'
Central,"b'f""\x00\x00\x00\x00\x00\x00'",b'\x0e\x00\x00\x00\x00\x00\x00\x00'
East,b'\x9d\x02\x00\x00\x00\x00\x00\x00',b'\x0e\x00\x00\x00\x00\x00\x00\x00'
South,b'\x82\x0f\x00\x00\x00\x00\x00\x00',b'\x0e\x00\x00\x00\x00\x00\x00\x00'
East,b'\x17\x11\x00\x00\x00\x00\x00\x00',b'\x0e\x00\x00\x00\x00\x00\x00\x00'
West,b'\xb0\x01\x00\x00\x00\x00\x00\x00',b'\r\x00\x00\x00\x00\x00\x00\x00\t\x00\x00\x00\x00\x00\x00\x00\x03\x00\x00\x00\x00\x00\x00\x00\x01\x00\x00\x00\x00\x00\x00\x00'
West,b'\xb8\x0f\x00\x00\x00\x00\x00\x00',b'\r\x00\x00\x00\x00\x00\x00\x00\t\x00\x00\x00\x00\x00\x00\x00\x03\x00\x00\x00\x00\x00\x00\x00\x01\x00\x00\x00\x00\x00\x00\x00'
South,b'8\x00\x00\x00\x00\x00\x00\x00',b'\r\x00\x00\x00\x00\x00\x00\x00\x07\x00\x00\x00\x00\x00\x00\x00'
South,b'\n\x00\x00\x00\x00\x00\x00\x00',b'\r\x00\x00\x00\x00\x00\x00\x00\x07\x00\x00\x00\x00\x00\x00\x00'
West,b'l\x1b\x00\x00\x00\x00\x00\x00',b'\r\x00\x00\x00\x00\x00\x00\x00\x06\x00\x00\x00\x00\x00\x00\x00\x04\x00\x00\x00\x00\x00\x00\x00'
West,b'\xbb\x07\x00\x00\x00\x00\x00\x00',b'\r\x00\x00\x00\x00\x00\x00\x00\x05\x00\x00\x00\x00\x00\x00\x00\x06\x00\x00\x00\x00\x00\x00\x00\x02\x00\x00\x00\x00\x00\x00\x00'
East,b'g\x04\x00\x00\x00\x00\x00\x00',b'\r\x00\x00\x00\x00\x00\x00\x00\x05\x00\x00\x00\x00\x00\x00\x00\x06\x00\x00\x00\x00\x00\x00\x00\x01\x00\x00\x00\x00\x00\x00\x00'
Central,b'o\x00\x00\x00\x00\x00\x00\x00',b'\r\x00\x00\x00\x00\x00\x00\x00\x05\x00\x00\x00\x00\x00\x00\x00'
East,b'\x8c\x0e\x00\x00\x00\x00\x00\x00',b'\r\x00\x00\x00\x00\x00\x00\x00\x05\x00\x00\x00\x00\x00\x00\x00'
South,b'(\x0b\x00\x00\x00\x00\x00\x00',b'\r\x00\x00\x00\x00\x00\x00\x00\x04\x00\x00\x00\x00\x00\x00\x00\x03\x00\x00\x00\x00\x00\x00\x00'
East,b'\x0f\x11\x00\x00\x00\x00\x00\x00',b'\r\x00\x00\x00\x00\x00\x00\x00\x03\x00\x00\x00\x00\x00\x00\x00\x07\x00\x00\x00\x00\x00\x00\x00'
East,b'\xbd\x19\x00\x00\x00\x00\x00\x00',b'\r\x00\x00\x00\x00\x00\x00\x00\x03\x00\x00\x00\x00\x00\x00\x00\x05\x00\x00\x00\x00\x00\x00\x00'
West,b'\x94 \x00\x00\x00\x00\x00\x00',b'\r\x00\x00\x00\x00\x00\x00\x00\x03\x00\x00\x00\x00\x00\x00\x00\x03\x00\x00\x00\x00\x00\x00\x00'
West,b'\xff%\x00\x00\x00\x00\x00\x00',b'\r\x00\x00\x00\x00\x00\x00\x00\x03\x00\x00\x00\x00\x00\x00\x00\x03\x00\x00\x00\x00\x00\x00\x00'
East,b']$\x00\x00\x00\x00\x00\x00',b'\r\x00\x00\x00\x00\x00\x00\x00\x03\x00\x00\x00\x00\x00\x00\x00'
East,b'\x12\x1a\x00\x00\x00\x00\x00\x00',b'\r\x00\x00\x00\x00\x00\x00\x00\x03\x00\x00\x00\x00\x00\x00\x00'
Central,b'\xd8\x12\x00\x00\x00\x00\x00\x00',b'\r\x00\x00\x00\x00\x00\x00\x00\x03\x00\x00\x00\x00\x00\x00\x00'
South,b'\xd3!\x00\x00\x00\x00\x00\x00',b'\r\x00\x00\x00\x00\x00\x00\x00\x03\x00\x00\x00\x00\x00\x00\x00'
Central,b'@\x14\x00\x00\x00\x00\x00\x00',b'\r\x00\x00\x00\x00\x00\x00\x00\x02\x00\x00\x00\x00\x00\x00\x00'
Central,b'0$\x00\x00\x00\x00\x00\x00',b'\r\x00\x00\x00\x00\x00\x00\x00\x02\x00\x00\x00\x00\x00\x00\x00'
Central,b'\xec\x17\x00\x00\x00\x00\x00\x00',b'\r\x00\x00\x00\x00\x00\x00\x00\x02\x00\x00\x00\x00\x00\x00\x00'
West,b'&\x1e\x00\x00\x00\x00\x00\x00',b'\r\x00\x00\x00\x00\x00\x00\x00\x01\x00\x00\x00\x00\x00\x00\x00'
East,b']%\x00\x00\x00\x00\x00\x00',b'\r\x00\x00\x00\x00\x00\x00\x00'
South,b' \x0c\x00\x00\x00\x00\x00\x00',b'\r\x00\x00\x00\x00\x00\x00\x00'
East,b'\xc1\x14\x00\x00\x00\x00\x00\x00',b'\r\x00\x00\x00\x00\x00\x00\x00'
East,b'm\r\x00\x00\x00\x00\x00\x00',b'\r\x00\x00\x00\x00\x00\x00\x00'
South,b'\x06\x1b\x00\x00\x00\x00\x00\x00',b'\r\x00\x00\x00\x00\x00\x00\x00'
South,b'o\x15\x00\x00\x00\x00\x00\x00',b'\r\x00\x00\x00\x00\x00\x00\x00'
East,b'\xde\x03\x00\x00\x00\x00\x00\x00',b'\r\x00\x00\x00\x00\x00\x00\x00'
South,b'\xd5\x0e\x00\x00\x00\x00\x00\x00',b'\r\x00\x00\x00\x00\x00\x00\x00'
East,b'\x90\x01\x00\x00\x00\x00\x00\x00',b'\x0c\x00\x00\x00\x00\x00\x00\x00\t\x00\x00\x00\x00\x00\x00\x00\x02\x00\x00\x00\x00\x00\x00\x00'
East,b'\x17\x01\x00\x00\x00\x00\x00\x00',b'\x0c\x00\x00\x00\x00\x00\x00\x00\t\x00\x00\x00\x00\x00\x00\x00\x02\x00\x00\x00\x00\x00\x00\x00'
West,b'\xd6\x1c\x00\x00\x00\x00\x00\x00',b'\x0c\x00\x00\x00\x00\x00\x00\x00\x08\x00\x00\x00\x00\x00\x00\x00\x05\x00\x00\x00\x00\x00\x00\x00'
West,b'\xc8\x0c\x00\x00\x00\x00\x00\x00',b'\x0c\x00\x00\x00\x00\x00\x00\x00\x07\x00\x00\x00\x00\x00\x00\x00\x03\x00\x00\x00\x00\x00\x00\x00\x02\x00\x00\x00\x00\x00\x00\x00\x01\x00\x00\x00\x00\x00\x00\x00'
West,b'\xb1\x1f\x00\x00\x00\x00\x00\x00',b'\x0c\x00\x00\x00\x00\x00\x00\x00\x06\x00\x00\x00\x00\x00\x00\x00\x01\x00\x00\x00\x00\x00\x00\x00'
West,b'\x11\x02\x00\x00\x00\x00\x00\x00',b'\x0c\x00\x00\x00\x00\x00\x00\x00\x05\x00\x00\x00\x00\x00\x00\x00\x04\x00\x00\x00\x00\x00\x00\x00\x03\x00\x00\x00\x00\x00\x00\x00'
West,b'\xa1#\x00\x00\x00\x00\x00\x00',b'\x0c\x00\x00\x00\x00\x00\x00\x00\x05\x00\x00\x00\x00\x00\x00\x00\x03\x00\x00\x00\x00\x00\x00\x00'
West,b'\xfc\x08\x00\x00\x00\x00\x00\x00',b'\x0c\x00\x00\x00\x00\x00\x00\x00\x05\x00\x00\x00\x00\x00\x00\x00'
West,b'D\t\x00\x00\x00\x00\x00\x00',b'\x0c\x00\x00\x00\x00\x00\x00\x00\x05\x00\x00\x00\x00\x00\x00\x00'
West,b'\xf8\x1d\x00\x00\x00\x00\x00\x00',b'\x0c\x00\x00\x00\x00\x00\x00\x00\x04\x00\x00\x00\x00\x00\x00\x00\x02\x00\x00\x00\x00\x00\x00\x00'
West,b'\xb1#\x00\x00\x00\x00\x00\x00',b'\x0c\x00\x00\x00\x00\x00\x00\x00\x04\x00\x00\x00\x00\x00\x00\x00'
South,b'g\x04\x00\x00\x00\x00\x00\x00',b'\x0c\x00\x00\x00\x00\x00\x00\x00\x04\x00\x00\x00\x00\x00\x00\x00'
West,"b'""\x00\x00\x00\x00\x00\x00\x00'",b'\x0c\x00\x00\x00\x00\x00\x00\x00\x03\x00\x00\x00\x00\x00\x00\x00\x03\x00\x00\x00\x00\x00\x00\x00\x03\x00\x00\x00\x00\x00\x00\x00\x03\x00\x00\x00\x00\x00\x00\x00\x01\x00\x00\x00\x00\x00\x00\x00\x01\x00\x00\x00\x00\x00\x00\x00'
South,b'\xa9\x0c\x00\x00\x00\x00\x00\x00',b'\x0c\x00\x00\x00\x00\x00\x00\x00\x03\x00\x00\x00\x00\x00\x00\x00\x02\x00\x00\x00\x00\x00\x00\x00\x03\x00\x00\x00\x00\x00\x00\x00'
South,b'\xcb\x05\x00\x00\x00\x00\x00\x00',b'\x0c\x00\x00\x00\x00\x00\x00\x00\x03\x00\x00\x00\x00\x00\x00\x00\x02\x00\x00\x00\x00\x00\x00\x00\x02\x00\x00\x00\x00\x00\x00\x00'
Central,b'}#\x00\x00\x00\x00\x00\x00',b'\x0c\x00\x00\x00\x00\x00\x00\x00\x03\x00\x00\x00\x00\x00\x00\x00\x01\x00\x00\x00\x00\x00\x00\x00'
East,b'm\x1c\x00\x00\x00\x00\x00\x00',b'\x0c\x00\x00\x00\x00\x00\x00\x00\x03\x00\x00\x00\x00\x00\x00\x00'
West,b'z\x19\x00\x00\x00\x00\x00\x00',b'\x0c\x00\x00\x00\x00\x00\x00\x00\x01\x00\x00\x00\x00\x00\x00\x00'
West,b'\xd6%\x00\x00\x00\x00\x00\x00',b'\x0c\x00\x00\x00\x00\x00\x00\x00\x01\x00\x00\x00\x00\x00\x00\x00'
South,b'\xce$\x00\x00\x00\x00\x00\x00',b'\x0c\x00\x00\x00\x00\x00\x00\x00'
South,b'R&\x00\x00\x00\x00\x00\x00',b'\x0c\x00\x00\x00\x00\x00\x00\x00'
Central,b'@\x13\x00\x00\x00\x00\x00\x00',b'\x0c\x00\x00\x00\x00\x00\x00\x00'
East,b't\x0b\x00\x00\x00\x00\x00\x00',b'\x0c\x00\x00\x00\x00\x00\x00\x00'
West,b'\xd4\x1a\x00\x00\x00\x00\x00\x00',b'\x0b\x00\x00\x00\x00\x00\x00\x00\x07\x00\x00\x00\x00\x00\x00\x00\x05\x00\x00\x00\x00\x00\x00\x00\x02\x00\x00\x00\x00\x00\x00\x00'
East,b'\x12\x11\x00\x00\x00\x00\x00\x00',b'\x0b\x00\x00\x00\x00\x00\x00\x00\x07\x00\x00\x00\x00\x00\x00\x00\x02\x00\x00\x00\x00\x00\x00\x00\x01\x00\x00\x00\x00\x00\x00\x00'
South,b')#\x00\x00\x00\x00\x00\x00',b'\x0b\x00\x00\x00\x00\x00\x00\x00\x07\x00\x00\x00\x00\x00\x00\x00'
East,b'&\x1e\x00\x00\x00\x00\x00\x00',b'\x0b\x00\x00\x00\x00\x00\x00\x00\x07\x00\x00\x00\x00\x00\x00\x00'
East,b'\xf6#\x00\x00\x00\x00\x00\x00',b'\x0b\x00\x00\x00\x00\x00\x00\x00\x05\x00\x00\x00\x00\x00\x00\x00'
West,b'\xe6\x12\x00\x00\x00\x00\x00\x00',b'\x0b\x00\x00\x00\x00\x00\x00\x00\x05\x00\x00\x00\x00\x00\x00\x00'
West,b'*\x08\x00\x00\x00\x00\x00\x00',b'\x0b\x00\x00\x00\x00\x00\x00\x00\x04\x00\x00\x00\x00\x00\x00\x00\x03\x00\x00\x00\x00\x00\x00\x00\x03\x00\x00\x00\x00\x00\x00\x00'
West,"b'\xa3""\x00\x00\x00\x00\x00\x00'",b'\x0b\x00\x00\x00\x00\x00\x00\x00\x04\x00\x00\x00\x00\x00\x00\x00\x03\x00\x00\x00\x00\x00\x00\x00'
West,b'b\x12\x00\x00\x00\x00\x00\x00',b'\x0b\x00\x00\x00\x00\x00\x00\x00\x04\x00\x00\x00\x00\x00\x00\x00\x03\x00\x00\x00\x00\x00\x00\x00'
West,b'_\r\x00\x00\x00\x00\x00\x00',b'\x0b\x00\x00\x00\x00\x00\x00\x00\x03\x00\x00\x00\x00\x00\x00\x00\x07\x00\x00\x00\x00\x00\x00\x00'
East,b't\x05\x00\x00\x00\x00\x00\x00',b'\x0b\x00\x00\x00\x00\x00\x00\x00\x03\x00\x00\x00\x00\x00\x00\x00\x03\x00\x00\x00\x00\x00\x00\x00'
West,b'1\x12\x00\x00\x00\x00\x00\x00',b'\x0b\x00\x00\x00\x00\x00\x00\x00\x03\x00\x00\x00\x00\x00\x00\x00\x01\x00\x00\x00\x00\x00\x00\x00'
East,b'\x80\x01\x00\x00\x00\x00\x00\x00',b'\x0b\x00\x00\x00\x00\x00\x00\x00\x03\x00\x00\x00\x00\x00\x00\x00'
South,b'\xee\x17\x00\x00\x00\x00\x00\x00',b'\x0b\x00\x00\x00\x00\x00\x00\x00\x03\x00\x00\x00\x00\x00\x00\x00'
West,b'\xd5%\x00\x00\x00\x00\x00\x00',b'\x0b\x00\x00\x00\x00\x00\x00\x00\x03\x00\x00\x00\x00\x00\x00\x00'
Central,b'q\x0c\x00\x00\x00\x00\x00\x00',b'\x0b\x00\x00\x00\x00\x00\x00\x00\x02\x00\x00\x00\x00\x00\x00\x00\x03\x00\x00\x00\x00\x00\x00\x00'
West,b'\xbe!\x00\x00\x00\x00\x00\x00',b'\x0b\x00\x00\x00\x00\x00\x00\x00\x02\x00\x00\x00\x00\x00\x00\x00\x02\x00\x00\x00\x00\x00\x00\x00'
Central,b'W\x0b\x00\x00\x00\x00\x00\x00',b'\x0b\x00\x00\x00\x00\x00\x00\x00\x02\x00\x00\x00\x00\x00\x00\x00'
West,b'\xa4\x19\x00\x00\x00\x00\x00\x00',b'\x0b\x00\x00\x00\x00\x00\x00\x00\x02\x00\x00\x00\x00\x00\x00\x00'
Central,b'k\x19\x00\x00\x00\x00\x00\x00',b'\x0b\x00\x00\x00\x00\x00\x00\x00\x02\x00\x00\x00\x00\x00\x00\x00'
West,b'\xe2&\x00\x00\x00\x00\x00\x00',b'\x0b\x00\x00\x00\x00\x00\x00\x00\x02\x00\x00\x00\x00\x00\x00\x00'
East,b'\x8e\x1d\x00\x00\x00\x00\x00\x00',b'\x0b\x00\x00\x00\x00\x00\x00\x00\x02\x00\x00\x00\x00\x00\x00\x00'
East,b'\x0c\x02\x00\x00\x00\x00\x00\x00',b'\x0b\x00\x00\x00\x00\x00\x00\x00'
Central,b'\xab\x0c\x00\x00\x00\x00\x00\x00',b'\x0b\x00\x00\x00\x00\x00\x00\x00'
Central,b'\x8c\x1e\x00\x00\x00\x00\x00\x00',b'\x0b\x00\x00\x00\x00\x00\x00\x00'
West,b'\xf5\x1b\x00\x00\x00\x00\x00\x00',b'\x0b\x00\x00\x00\x00\x00\x00\x00'
Central,b'3\x16\x00\x00\x00\x00\x00\x00',b'\x0b\x00\x00\x00\x00\x00\x00\x00'
East,b'\x80\x1c\x00\x00\x00\x00\x00\x00',b'\x0b\x00\x00\x00\x00\x00\x00\x00'
South,b'\xb5\x0f\x00\x00\x00\x00\x00\x00',b'\x0b\x00\x00\x00\x00\x00\x00\x00'
South,b'\xc5\x07\x00\x00\x00\x00\x00\x00',b'\x0b\x00\x00\x00\x00\x00\x00\x00'
East,b'I\x01\x00\x00\x00\x00\x00\x00',b'\x0b\x00\x00\x00\x00\x00\x00\x00'
South,b'\xd0\x1b\x00\x00\x00\x00\x00\x00',b'\x0b\x00\x00\x00\x00\x00\x00\x00'
West,b'\x9c\x12\x00\x00\x00\x00\x00\x00',b'\x0b\x00\x00\x00\x00\x00\x00\x00'
West,b'a!\x00\x00\x00\x00\x00\x00',b'\n\x00\x00\x00\x00\x00\x00\x00\t\x00\x00\x00\x00\x00\x00\x00'
West,b'\xbc\x07\x00\x00\x00\x00\x00\x00',b'\n\x00\x00\x00\x00\x00\x00\x00\t\x00\x00\x00\x00\x00\x00\x00'
East,b'b\x15\x00\x00\x00\x00\x00\x00',b'\n\x00\x00\x00\x00\x00\x00\x00\x07\x00\x00\x00\x00\x00\x00\x00\x04\x00\x00\x00\x00\x00\x00\x00'
West,b'\x90\x19\x00\x00\x00\x00\x00\x00',b'\n\x00\x00\x00\x00\x00\x00\x00\x07\x00\x00\x00\x00\x00\x00\x00\x04\x00\x00\x00\x00\x00\x00\x00'
West,b'l!\x00\x00\x00\x00\x00\x00',b'\n\x00\x00\x00\x00\x00\x00\x00\x06\x00\x00\x00\x00\x00\x00\x00\x04\x00\x00\x00\x00\x00\x00\x00\x05\x00\x00\x00\x00\x00\x00\x00'
West,b'\x96 \x00\x00\x00\x00\x00\x00',b'\n\x00\x00\x00\x00\x00\x00\x00\x06\x00\x00\x00\x00\x00\x00\x00\x01\x00\x00\x00\x00\x00\x00\x00'
Central,b'\x9e$\x00\x00\x00\x00\x00\x00',b'\n\x00\x00\x00\x00\x00\x00\x00\x05\x00\x00\x00\x00\x00\x00\x00\x02\x00\x00\x00\x00\x00\x00\x00'
West,b'\xdf\x11\x00\x00\x00\x00\x00\x00',b'\n\x00\x00\x00\x00\x00\x00\x00\x05\x00\x00\x00\x00\x00\x00\x00'
West,b':\n\x00\x00\x00\x00\x00\x00',b'\n\x00\x00\x00\x00\x00\x00\x00\x04\x00\x00\x00\x00\x00\x00\x00\x03\x00\x00\x00\x00\x00\x00\x00\x05\x00\x00\x00\x00\x00\x00\x00\x01\x00\x00\x00\x00\x00\x00\x00'
East,b'\x80\x02\x00\x00\x00\x00\x00\x00',b'\n\x00\x00\x00\x00\x00\x00\x00\x04\x00\x00\x00\x00\x00\x00\x00\x03\x00\x00\x00\x00\x00\x00\x00'
Central,b'F \x00\x00\x00\x00\x00\x00',b'\n\x00\x00\x00\x00\x00\x00\x00\x04\x00\x00\x00\x00\x00\x00\x00\x02\x00\x00\x00\x00\x00\x00\x00'
Central,b'\xee\x1a\x00\x00\x00\x00\x00\x00',b'\n\x00\x00\x00\x00\x00\x00\x00\x04\x00\x00\x00\x00\x00\x00\x00\x02\x00\x00\x00\x00\x00\x00\x00'
West,b'\x0c\x0b\x00\x00\x00\x00\x00\x00',b'\n\x00\x00\x00\x00\x00\x00\x00\x04\x00\x00\x00\x00\x00\x00\x00'
Central,b'\xd9\x11\x00\x00\x00\x00\x00\x00',b'\n\x00\x00\x00\x00\x00\x00\x00\x04\x00\x00\x00\x00\x00\x00\x00'
West,b'\t\x07\x00\x00\x00\x00\x00\x00',b'\n\x00\x00\x00\x00\x00\x00\x00\x04\x00\x00\x00\x00\x00\x00\x00'
East,b'\xfe\x17\x00\x00\x00\x00\x00\x00',b'\n\x00\x00\x00\x00\x00\x00\x00\x03\x00\x00\x00\x00\x00\x00\x00\x02\x00\x00\x00\x00\x00\x00\x00\x05\x00\x00\x00\x00\x00\x00\x00'
East,b'P\x14\x00\x00\x00\x00\x00\x00',b'\n\x00\x00\x00\x00\x00\x00\x00\x03\x00\x00\x00\x00\x00\x00\x00\x01\x00\x00\x00\x00\x00\x00\x00\x02\x00\x00\x00\x00\x00\x00\x00'
Central,b'\x1d%\x00\x00\x00\x00\x00\x00',b'\n\x00\x00\x00\x00\x00\x00\x00\x03\x00\x00\x00\x00\x00\x00\x00'
West,b'\xe0\x19\x00\x00\x00\x00\x00\x00',b'\n\x00\x00\x00\x00\x00\x00\x00\x03\x00\x00\x00\x00\x00\x00\x00'
West,b'v\n\x00\x00\x00\x00\x00\x00',b'\n\x00\x00\x00\x00\x00\x00\x00\x03\x00\x00\x00\x00\x00\x00\x00'
East,b'\xd9\x11\x00\x00\x00\x00\x00\x00',b'\n\x00\x00\x00\x00\x00\x00\x00\x03\x00\x00\x00\x00\x00\x00\x00'
South,b'\xb8\x16\x00\x00\x00\x00\x00\x00',b'\n\x00\x00\x00\x00\x00\x00\x00\x03\x00\x00\x00\x00\x00\x00\x00'
East,b'\xed&\x00\x00\x00\x00\x00\x00',b'\n\x00\x00\x00\x00\x00\x00\x00\x03\x00\x00\x00\x00\x00\x00\x00'
East,b'\x12\x1d\x00\x00\x00\x00\x00\x00',b'\n\x00\x00\x00\x00\x00\x00\x00\x03\x00\x00\x00\x00\x00\x00\x00'
West,b'\xdd\x05\x00\x00\x00\x00\x00\x00',b'\n\x00\x00\x00\x00\x00\x00\x00\x03\x00\x00\x00\x00\x00\x00\x00'
West,b'\x8e!\x00\x00\x00\x00\x00\x00',b'\n\x00\x00\x00\x00\x00\x00\x00\x02\x00\x00\x00\x00\x00\x00\x00\x07\x00\x00\x00\x00\x00\x00\x00\x03\x00\x00\x00\x00\x00\x00\x00'
South,b'\xa6\x01\x00\x00\x00\x00\x00\x00',b'\n\x00\x00\x00\x00\x00\x00\x00\x02\x00\x00\x00\x00\x00\x00\x00\x07\x00\x00\x00\x00\x00\x00\x00'
West,b'}\x02\x00\x00\x00\x00\x00\x00',b'\n\x00\x00\x00\x00\x00\x00\x00\x02\x00\x00\x00\x00\x00\x00\x00\x05\x00\x00\x00\x00\x00\x00\x00\x01\x00\x00\x00\x00\x00\x00\x00\x02\x00\x00\x00\x00\x00\x00\x00'
East,b'\x12\x14\x00\x00\x00\x00\x00\x00',b'\n\x00\x00\x00\x00\x00\x00\x00\x02\x00\x00\x00\x00\x00\x00\x00\x03\x00\x00\x00\x00\x00\x00\x00\x05\x00\x00\x00\x00\x00\x00\x00'
Central,b'^&\x00\x00\x00\x00\x00\x00',b'\n\x00\x00\x00\x00\x00\x00\x00\x02\x00\x00\x00\x00\x00\x00\x00'
Central,b'\x7f\x18\x00\x00\x00\x00\x00\x00',b'\n\x00\x00\x00\x00\x00\x00\x00\x02\x00\x00\x00\x00\x00\x00\x00'
Central,b'\x7f \x00\x00\x00\x00\x00\x00',b'\n\x00\x00\x00\x00\x00\x00\x00\x02\x00\x00\x00\x00\x00\x00\x00'
West,b'1\x1d\x00\x00\x00\x00\x00\x00',b'\n\x00\x00\x00\x00\x00\x00\x00\x02\x00\x00\x00\x00\x00\x00\x00'
East,b'\x15\x0e\x00\x00\x00\x00\x00\x00',b'\n\x00\x00\x00\x00\x00\x00\x00\x02\x00\x00\x00\x00\x00\x00\x00'
West,b'm\x1c\x00\x00\x00\x00\x00\x00',b'\n\x00\x00\x00\x00\x00\x00\x00\x01\x00\x00\x00\x00\x00\x00\x00\x01\x00\x00\x00\x00\x00\x00\x00'
Central,b'H(\x00\x00\x00\x00\x00\x00',b'\n\x00\x00\x00\x00\x00\x00\x00\x01\x00\x00\x00\x00\x00\x00\x00'
East,b'\xa3\x1b\x00\x00\x00\x00\x00\x00',b'\n\x00\x00\x00\x00\x00\x00\x00'
South,b'\x82\x05\x00\x00\x00\x00\x00\x00',b'\n\x00\x00\x00\x00\x00\x00\x00'
South,b'!\x1b\x00\x00\x00\x00\x00\x00',b'\n\x00\x00\x00\x00\x00\x00\x00'
East,b'\x97\x1c\x00\x00\x00\x00\x00\x00',b'\n\x00\x00\x00\x00\x00\x00\x00'
Central,b'd\x03\x00\x00\x00\x00\x00\x00',b'\n\x00\x00\x00\x00\x00\x00\x00'
East,b'\xda\x10\x00\x00\x00\x00\x00\x00',b'\n\x00\x00\x00\x00\x00\x00\x00'
West,b'\x13\x03\x00\x00\x00\x00\x00\x00',b'\n\x00\x00\x00\x00\x00\x00\x00'
East,b'\xbb\x04\x00\x00\x00\x00\x00\x00',b'\n\x00\x00\x00\x00\x00\x00\x00'
South,b'G\x04\x00\x00\x00\x00\x00\x00',b'\n\x00\x00\x00\x00\x00\x00\x00'
West,b'9\x1d\x00\x00\x00\x00\x00\x00',b'\n\x00\x00\x00\x00\x00\x00\x00'
East,b'\xf9\x1e\x00\x00\x00\x00\x00\x00',b'\n\x00\x00\x00\x00\x00\x00\x00'
Central,b'w#\x00\x00\x00\x00\x00\x00',b'\n\x00\x00\x00\x00\x00\x00\x00'
Central,b'x\x0c\x00\x00\x00\x00\x00\x00',b'\n\x00\x00\x00\x00\x00\x00\x00'
East,b'\x06\x1c\x00\x00\x00\x00\x00\x00',b'\n\x00\x00\x00\x00\x00\x00\x00'
Central,b'\x9f\x12\x00\x00\x00\x00\x00\x00',b'\n\x00\x00\x00\x00\x00\x00\x00'
East,b'\xb0\x0c\x00\x00\x00\x00\x00\x00',b'\n\x00\x00\x00\x00\x00\x00\x00'
East,b'((\x00\x00\x00\x00\x00\x00',b'\t\x00\x00\x00\x00\x00\x00\x00\r\x00\x00\x00\x00\x00\x00\x00\x07\x00\x00\x00\x00\x00\x00\x00'
West,b'\xf5\x0f\x00\x00\x00\x00\x00\x00',b'\t\x00\x00\x00\x00\x00\x00\x00\t\x00\x00\x00\x00\x00\x00\x00\x05\x00\x00\x00\x00\x00\x00\x00\x02\x00\x00\x00\x00\x00\x00\x00'
East,b'\xad\x07\x00\x00\x00\x00\x00\x00',b'\t\x00\x00\x00\x00\x00\x00\x00\t\x00\x00\x00\x00\x00\x00\x00\x02\x00\x00\x00\x00\x00\x00\x00'
East,b'\x12\x13\x00\x00\x00\x00\x00\x00',b'\t\x00\x00\x00\x00\x00\x00\x00\x07\x00\x00\x00\x00\x00\x00\x00\x05\x00\x00\x00\x00\x00\x00\x00\x03\x00\x00\x00\x00\x00\x00\x00'
Central,b'#\x10\x00\x00\x00\x00\x00\x00',b'\t\x00\x00\x00\x00\x00\x00\x00\x07\x00\x00\x00\x00\x00\x00\x00\x04\x00\x00\x00\x00\x00\x00\x00'
Central,b' \x04\x00\x00\x00\x00\x00\x00',b'\t\x00\x00\x00\x00\x00\x00\x00\x07\x00\x00\x00\x00\x00\x00\x00\x03\x00\x00\x00\x00\x00\x00\x00\x04\x00\x00\x00\x00\x00\x00\x00\x03\x00\x00\x00\x00\x00\x00\x00'
South,b'\xec\x17\x00\x00\x00\x00\x00\x00',b'\t\x00\x00\x00\x00\x00\x00\x00\x07\x00\x00\x00\x00\x00\x00\x00\x03\x00\x00\x00\x00\x00\x00\x00'
South,b'0$\x00\x00\x00\x00\x00\x00',b'\t\x00\x00\x00\x00\x00\x00\x00\x07\x00\x00\x00\x00\x00\x00\x00\x03\x00\x00\x00\x00\x00\x00\x00'
South,b'@\x14\x00\x00\x00\x00\x00\x00',b'\t\x00\x00\x00\x00\x00\x00\x00\x07\x00\x00\x00\x00\x00\x00\x00\x03\x00\x00\x00\x00\x00\x00\x00'
Central,b'\xaf#\x00\x00\x00\x00\x00\x00',b'\t\x00\x00\x00\x00\x00\x00\x00\x06\x00\x00\x00\x00\x00\x00\x00\x06\x00\x00\x00\x00\x00\x00\x00\x04\x00\x00\x00\x00\x00\x00\x00\x01\x00\x00\x00\x00\x00\x00\x00\x03\x00\x00\x00\x00\x00\x00\x00'
Central,b'\x13$\x00\x00\x00\x00\x00\x00',b'\t\x00\x00\x00\x00\x00\x00\x00\x06\x00\x00\x00\x00\x00\x00\x00\x06\x00\x00\x00\x00\x00\x00\x00\x04\x00\x00\x00\x00\x00\x00\x00\x01\x00\x00\x00\x00\x00\x00\x00\x03\x00\x00\x00\x00\x00\x00\x00'
Central,b'\xd9\x07\x00\x00\x00\x00\x00\x00',b'\t\x00\x00\x00\x00\x00\x00\x00\x06\x00\x00\x00\x00\x00\x00\x00\x04\x00\x00\x00\x00\x00\x00\x00'
East,b'\xf3\r\x00\x00\x00\x00\x00\x00',b'\t\x00\x00\x00\x00\x00\x00\x00\x06\x00\x00\x00\x00\x00\x00\x00\x03\x00\x00\x00\x00\x00\x00\x00\x04\x00\x00\x00\x00\x00\x00\x00'
Central,b'l\x1a\x00\x00\x00\x00\x00\x00',b'\t\x00\x00\x00\x00\x00\x00\x00\x06\x00\x00\x00\x00\x00\x00\x00\x02\x00\x00\x00\x00\x00\x00\x00\x02\x00\x00\x00\x00\x00\x00\x00'
West,b'A\x13\x00\x00\x00\x00\x00\x00',b'\t\x00\x00\x00\x00\x00\x00\x00\x06\x00\x00\x00\x00\x00\x00\x00\x02\x00\x00\x00\x00\x00\x00\x00'
East,b'\xb2\x06\x00\x00\x00\x00\x00\x00',b'\t\x00\x00\x00\x00\x00\x00\x00\x06\x00\x00\x00\x00\x00\x00\x00\x01\x00\x00\x00\x00\x00\x00\x00'
East,b't\x15\x00\x00\x00\x00\x00\x00',b'\t\x00\x00\x00\x00\x00\x00\x00\x06\x00\x00\x00\x00\x00\x00\x00'
West,b'\xc0\x17\x00\x00\x00\x00\x00\x00',b'\t\x00\x00\x00\x00\x00\x00\x00\x06\x00\x00\x00\x00\x00\x00\x00'
East,b'\x11\x16\x00\x00\x00\x00\x00\x00',b'\t\x00\x00\x00\x00\x00\x00\x00\x06\x00\x00\x00\x00\x00\x00\x00'
East,b' \x00\x00\x00\x00\x00\x00\x00',b'\t\x00\x00\x00\x00\x00\x00\x00\x06\x00\x00\x00\x00\x00\x00\x00'
Central,b'M\x11\x00\x00\x00\x00\x00\x00',b'\t\x00\x00\x00\x00\x00\x00\x00\x05\x00\x00\x00\x00\x00\x00\x00\x08\x00\x00\x00\x00\x00\x00\x00\x01\x00\x00\x00\x00\x00\x00\x00'
West,b'\xa8\x1f\x00\x00\x00\x00\x00\x00',b'\t\x00\x00\x00\x00\x00\x00\x00\x05\x00\x00\x00\x00\x00\x00\x00\x06\x00\x00\x00\x00\x00\x00\x00\x04\x00\x00\x00\x00\x00\x00\x00'
East,b'U\x01\x00\x00\x00\x00\x00\x00',b'\t\x00\x00\x00\x00\x00\x00\x00\x05\x00\x00\x00\x00\x00\x00\x00\x06\x00\x00\x00\x00\x00\x00\x00\x03\x00\x00\x00\x00\x00\x00\x00\x01\x00\x00\x00\x00\x00\x00\x00'
West,b'\xfd\x04\x00\x00\x00\x00\x00\x00',b'\t\x00\x00\x00\x00\x00\x00\x00\x05\x00\x00\x00\x00\x00\x00\x00\x05\x00\x00\x00\x00\x00\x00\x00\x02\x00\x00\x00\x00\x00\x00\x00'
Central,b'\\\x1f\x00\x00\x00\x00\x00\x00',b'\t\x00\x00\x00\x00\x00\x00\x00\x05\x00\x00\x00\x00\x00\x00\x00\x04\x00\x00\x00\x00\x00\x00\x00\x05\x00\x00\x00\x00\x00\x00\x00\x02\x00\x00\x00\x00\x00\x00\x00'
East,b'\x0f\x10\x00\x00\x00\x00\x00\x00',b'\t\x00\x00\x00\x00\x00\x00\x00\x05\x00\x00\x00\x00\x00\x00\x00\x04\x00\x00\x00\x00\x00\x00\x00\x03\x00\x00\x00\x00\x00\x00\x00'
West,b'\xc2%\x00\x00\x00\x00\x00\x00',b'\t\x00\x00\x00\x00\x00\x00\x00\x05\x00\x00\x00\x00\x00\x00\x00\x04\x00\x00\x00\x00\x00\x00\x00\x03\x00\x00\x00\x00\x00\x00\x00'
East,b'\x03$\x00\x00\x00\x00\x00\x00',b'\t\x00\x00\x00\x00\x00\x00\x00\x05\x00\x00\x00\x00\x00\x00\x00\x04\x00\x00\x00\x00\x00\x00\x00'
West,b'\xcf&\x00\x00\x00\x00\x00\x00',b'\t\x00\x00\x00\x00\x00\x00\x00\x05\x00\x00\x00\x00\x00\x00\x00\x04\x00\x00\x00\x00\x00\x00\x00'
West,b'\xa7\x17\x00\x00\x00\x00\x00\x00',b'\t\x00\x00\x00\x00\x00\x00\x00\x05\x00\x00\x00\x00\x00\x00\x00\x03\x00\x00\x00\x00\x00\x00\x00\x04\x00\x00\x00\x00\x00\x00\x00'
East,b'_\x0c\x00\x00\x00\x00\x00\x00',b'\t\x00\x00\x00\x00\x00\x00\x00\x05\x00\x00\x00\x00\x00\x00\x00\x03\x00\x00\x00\x00\x00\x00\x00\x03\x00\x00\x00\x00\x00\x00\x00\x01\x00\x00\x00\x00\x00\x00\x00'
Central,b'\xc5\n\x00\x00\x00\x00\x00\x00',b'\t\x00\x00\x00\x00\x00\x00\x00\x05\x00\x00\x00\x00\x00\x00\x00\x03\x00\x00\x00\x00\x00\x00\x00'
East,b'c\x11\x00\x00\x00\x00\x00\x00',b'\t\x00\x00\x00\x00\x00\x00\x00\x05\x00\x00\x00\x00\x00\x00\x00\x03\x00\x00\x00\x00\x00\x00\x00'
Central,b'y\x05\x00\x00\x00\x00\x00\x00',b'\t\x00\x00\x00\x00\x00\x00\x00\x05\x00\x00\x00\x00\x00\x00\x00\x03\x00\x00\x00\x00\x00\x00\x00'
Central,b'\xee!\x00\x00\x00\x00\x00\x00',b'\t\x00\x00\x00\x00\x00\x00\x00\x05\x00\x00\x00\x00\x00\x00\x00\x03\x00\x00\x00\x00\x00\x00\x00'
Central,b'\xdd \x00\x00\x00\x00\x00\x00',b'\t\x00\x00\x00\x00\x00\x00\x00\x05\x00\x00\x00\x00\x00\x00\x00\x03\x00\x00\x00\x00\x00\x00\x00'
Central,b'Z\x0f\x00\x00\x00\x00\x00\x00',b'\t\x00\x00\x00\x00\x00\x00\x00\x05\x00\x00\x00\x00\x00\x00\x00\x03\x00\x00\x00\x00\x00\x00\x00'
West,b'\x98\x06\x00\x00\x00\x00\x00\x00',b'\t\x00\x00\x00\x00\x00\x00\x00\x05\x00\x00\x00\x00\x00\x00\x00\x02\x00\x00\x00\x00\x00\x00\x00\x06\x00\x00\x00\x00\x00\x00\x00'
West,b'\xd7\x1d\x00\x00\x00\x00\x00\x00',b'\t\x00\x00\x00\x00\x00\x00\x00\x05\x00\x00\x00\x00\x00\x00\x00\x02\x00\x00\x00\x00\x00\x00\x00\x02\x00\x00\x00\x00\x00\x00\x00\x03\x00\x00\x00\x00\x00\x00\x00'
East,b'A\x13\x00\x00\x00\x00\x00\x00',b'\t\x00\x00\x00\x00\x00\x00\x00\x05\x00\x00\x00\x00\x00\x00\x00\x02\x00\x00\x00\x00\x00\x00\x00'
West,b'|\x05\x00\x00\x00\x00\x00\x00',b'\t\x00\x00\x00\x00\x00\x00\x00\x05\x00\x00\x00\x00\x00\x00\x00\x02\x00\x00\x00\x00\x00\x00\x00'
West,b'8\x00\x00\x00\x00\x00\x00\x00',b'\t\x00\x00\x00\x00\x00\x00\x00\x05\x00\x00\x00\x00\x00\x00\x00\x02\x00\x00\x00\x00\x00\x00\x00'
West,"b""d'\x00\x00\x00\x00\x00\x00""",b'\t\x00\x00\x00\x00\x00\x00\x00\x05\x00\x00\x00\x00\x00\x00\x00\x02\x00\x00\x00\x00\x00\x00\x00'
Central,b'u\x10\x00\x00\x00\x00\x00\x00',b'\t\x00\x00\x00\x00\x00\x00\x00\x05\x00\x00\x00\x00\x00\x00\x00\x02\x00\x00\x00\x00\x00\x00\x00'
South,b'\x0e\x0e\x00\x00\x00\x00\x00\x00',b'\t\x00\x00\x00\x00\x00\x00\x00\x05\x00\x00\x00\x00\x00\x00\x00'
West,b'w#\x00\x00\x00\x00\x00\x00',b'\t\x00\x00\x00\x00\x00\x00\x00\x05\x00\x00\x00\x00\x00\x00\x00'
East,b'\x1e\x04\x00\x00\x00\x00\x00\x00',b'\t\x00\x00\x00\x00\x00\x00\x00\x05\x00\x00\x00\x00\x00\x00\x00'
West,b'\xeb\x08\x00\x00\x00\x00\x00\x00',b'\t\x00\x00\x00\x00\x00\x00\x00\x05\x00\x00\x00\x00\x00\x00\x00'
West,b'\x82\x06\x00\x00\x00\x00\x00\x00',b'\t\x00\x00\x00\x00\x00\x00\x00\x05\x00\x00\x00\x00\x00\x00\x00'
West,b'\x9f\x16\x00\x00\x00\x00\x00\x00',b'\t\x00\x00\x00\x00\x00\x00\x00\x05\x00\x00\x00\x00\x00\x00\x00'
Central,b'\x9e\x14\x00\x00\x00\x00\x00\x00',b'\t\x00\x00\x00\x00\x00\x00\x00\x05\x00\x00\x00\x00\x00\x00\x00'
Central,b'\x81\r\x00\x00\x00\x00\x00\x00',b'\t\x00\x00\x00\x00\x00\x00\x00\x05\x00\x00\x00\x00\x00\x00\x00'
South,b'\x85\x07\x00\x00\x00\x00\x00\x00',b'\t\x00\x00\x00\x00\x00\x00\x00\x05\x00\x00\x00\x00\x00\x00\x00'
South,"b'r""\x00\x00\x00\x00\x00\x00'",b'\t\x00\x00\x00\x00\x00\x00\x00\x04\x00\x00\x00\x00\x00\x00\x00\x06\x00\x00\x00\x00\x00\x00\x00'
South,b'\x9d\x0e\x00\x00\x00\x00\x00\x00',b'\t\x00\x00\x00\x00\x00\x00\x00\x04\x00\x00\x00\x00\x00\x00\x00\x05\x00\x00\x00\x00\x00\x00\x00'
Central,b'v\x1e\x00\x00\x00\x00\x00\x00',b'\t\x00\x00\x00\x00\x00\x00\x00\x04\x00\x00\x00\x00\x00\x00\x00\x04\x00\x00\x00\x00\x00\x00\x00'
West,"b'\xf4""\x00\x00\x00\x00\x00\x00'",b'\t\x00\x00\x00\x00\x00\x00\x00\x04\x00\x00\x00\x00\x00\x00\x00\x04\x00\x00\x00\x00\x00\x00\x00'
East,b'\xe9\x05\x00\x00\x00\x00\x00\x00',b'\t\x00\x00\x00\x00\x00\x00\x00\x04\x00\x00\x00\x00\x00\x00\x00\x03\x00\x00\x00\x00\x00\x00\x00'
West,b'\x17\x13\x00\x00\x00\x00\x00\x00',b'\t\x00\x00\x00\x00\x00\x00\x00\x04\x00\x00\x00\x00\x00\x00\x00\x03\x00\x00\x00\x00\x00\x00\x00'
East,b'2#\x00\x00\x00\x00\x00\x00',b'\t\x00\x00\x00\x00\x00\x00\x00\x04\x00\x00\x00\x00\x00\x00\x00\x03\x00\x00\x00\x00\x00\x00\x00'
West,"b""\x1c'\x00\x00\x00\x00\x00\x00""",b'\t\x00\x00\x00\x00\x00\x00\x00\x04\x00\x00\x00\x00\x00\x00\x00\x03\x00\x00\x00\x00\x00\x00\x00'
East,b'\xb2 \x00\x00\x00\x00\x00\x00',b'\t\x00\x00\x00\x00\x00\x00\x00\x04\x00\x00\x00\x00\x00\x00\x00\x03\x00\x00\x00\x00\x00\x00\x00'
East,b'\xb7\x00\x00\x00\x00\x00\x00\x00',b'\t\x00\x00\x00\x00\x00\x00\x00\x04\x00\x00\x00\x00\x00\x00\x00\x02\x00\x00\x00\x00\x00\x00\x00\x03\x00\x00\x00\x00\x00\x00\x00'
Central,b'\x90\x1e\x00\x00\x00\x00\x00\x00',b'\t\x00\x00\x00\x00\x00\x00\x00\x04\x00\x00\x00\x00\x00\x00\x00\x02\x00\x00\x00\x00\x00\x00\x00\x02\x00\x00\x00\x00\x00\x00\x00'
Central,b'\t \x00\x00\x00\x00\x00\x00',b'\t\x00\x00\x00\x00\x00\x00\x00\x04\x00\x00\x00\x00\x00\x00\x00\x02\x00\x00\x00\x00\x00\x00\x00\x02\x00\x00\x00\x00\x00\x00\x00'
East,b'\xbc\x1d\x00\x00\x00\x00\x00\x00',b'\t\x00\x00\x00\x00\x00\x00\x00\x04\x00\x00\x00\x00\x00\x00\x00\x02\x00\x00\x00\x00\x00\x00\x00\x02\x00\x00\x00\x00\x00\x00\x00'
Central,b'\x11\x02\x00\x00\x00\x00\x00\x00',b'\t\x00\x00\x00\x00\x00\x00\x00\x04\x00\x00\x00\x00\x00\x00\x00\x02\x00\x00\x00\x00\x00\x00\x00'
East,b'U\x18\x00\x00\x00\x00\x00\x00',b'\t\x00\x00\x00\x00\x00\x00\x00\x04\x00\x00\x00\x00\x00\x00\x00\x02\x00\x00\x00\x00\x00\x00\x00'
South,b'\xae\x1a\x00\x00\x00\x00\x00\x00',b'\t\x00\x00\x00\x00\x00\x00\x00\x04\x00\x00\x00\x00\x00\x00\x00'
Central,b'\x8e\x1d\x00\x00\x00\x00\x00\x00',b'\t\x00\x00\x00\x00\x00\x00\x00\x04\x00\x00\x00\x00\x00\x00\x00'
South,b'\xf7!\x00\x00\x00\x00\x00\x00',b'\t\x00\x00\x00\x00\x00\x00\x00\x04\x00\x00\x00\x00\x00\x00\x00'
West,b'\x04\x17\x00\x00\x00\x00\x00\x00',b'\t\x00\x00\x00\x00\x00\x00\x00\x04\x00\x00\x00\x00\x00\x00\x00'
West,"b""\xb1'\x00\x00\x00\x00\x00\x00""",b'\t\x00\x00\x00\x00\x00\x00\x00\x04\x00\x00\x00\x00\x00\x00\x00'
Central,b'\xbb\x04\x00\x00\x00\x00\x00\x00',b'\t\x00\x00\x00\x00\x00\x00\x00\x04\x00\x00\x00\x00\x00\x00\x00'
Central,b'\xb0\x0c\x00\x00\x00\x00\x00\x00',b'\t\x00\x00\x00\x00\x00\x00\x00\x04\x00\x00\x00\x00\x00\x00\x00'
West,b'\x9d\x0e\x00\x00\x00\x00\x00\x00',b'\t\x00\x00\x00\x00\x00\x00\x00\x04\x00\x00\x00\x00\x00\x00\x00'
East,b'\xda\x19\x00\x00\x00\x00\x00\x00',b'\t\x00\x00\x00\x00\x00\x00\x00\x04\x00\x00\x00\x00\x00\x00\x00'
East,"b'""\x1a\x00\x00\x00\x00\x00\x00'",b'\t\x00\x00\x00\x00\x00\x00\x00\x04\x00\x00\x00\x00\x00\x00\x00'
Central,b'\x00\x1e\x00\x00\x00\x00\x00\x00',b'\t\x00\x00\x00\x00\x00\x00\x00\x03\x00\x00\x00\x00\x00\x00\x00\x07\x00\x00\x00\x00\x00\x00\x00\x04\x00\x00\x00\x00\x00\x00\x00\x03\x00\x00\x00\x00\x00\x00\x00\x05\x00\x00\x00\x00\x00\x00\x00\x02\x00\x00\x00\x00\x00\x00\x00'
East,b'\xf9\x0e\x00\x00\x00\x00\x00\x00',b'\t\x00\x00\x00\x00\x00\x00\x00\x03\x00\x00\x00\x00\x00\x00\x00\x07\x00\x00\x00\x00\x00\x00\x00'
West,b'}\x01\x00\x00\x00\x00\x00\x00',b'\t\x00\x00\x00\x00\x00\x00\x00\x03\x00\x00\x00\x00\x00\x00\x00\x06\x00\x00\x00\x00\x00\x00\x00'
West,b'6\x06\x00\x00\x00\x00\x00\x00',b'\t\x00\x00\x00\x00\x00\x00\x00\x03\x00\x00\x00\x00\x00\x00\x00\x06\x00\x00\x00\x00\x00\x00\x00'
West,b'U\x05\x00\x00\x00\x00\x00\x00',b'\t\x00\x00\x00\x00\x00\x00\x00\x03\x00\x00\x00\x00\x00\x00\x00\x05\x00\x00\x00\x00\x00\x00\x00\x02\x00\x00\x00\x00\x00\x00\x00'
East,b'f\x02\x00\x00\x00\x00\x00\x00',b'\t\x00\x00\x00\x00\x00\x00\x00\x03\x00\x00\x00\x00\x00\x00\x00\x05\x00\x00\x00\x00\x00\x00\x00'
East,b'~\x07\x00\x00\x00\x00\x00\x00',b'\t\x00\x00\x00\x00\x00\x00\x00\x03\x00\x00\x00\x00\x00\x00\x00\x05\x00\x00\x00\x00\x00\x00\x00'
West,b'\xf4\x11\x00\x00\x00\x00\x00\x00',b'\t\x00\x00\x00\x00\x00\x00\x00\x03\x00\x00\x00\x00\x00\x00\x00\x04\x00\x00\x00\x00\x00\x00\x00\x02\x00\x00\x00\x00\x00\x00\x00\x02\x00\x00\x00\x00\x00\x00\x00'
East,b'\x87\x00\x00\x00\x00\x00\x00\x00',b'\t\x00\x00\x00\x00\x00\x00\x00\x03\x00\x00\x00\x00\x00\x00\x00\x04\x00\x00\x00\x00\x00\x00\x00'
East,b'>\x02\x00\x00\x00\x00\x00\x00',b'\t\x00\x00\x00\x00\x00\x00\x00\x03\x00\x00\x00\x00\x00\x00\x00\x03\x00\x00\x00\x00\x00\x00\x00\x06\x00\x00\x00\x00\x00\x00\x00\x02\x00\x00\x00\x00\x00\x00\x00'
West,b'>\x03\x00\x00\x00\x00\x00\x00',b'\t\x00\x00\x00\x00\x00\x00\x00\x03\x00\x00\x00\x00\x00\x00\x00\x03\x00\x00\x00\x00\x00\x00\x00\x02\x00\x00\x00\x00\x00\x00\x00\x01\x00\x00\x00\x00\x00\x00\x00'
Central,b'\x16(\x00\x00\x00\x00\x00\x00',b'\t\x00\x00\x00\x00\x00\x00\x00\x03\x00\x00\x00\x00\x00\x00\x00\x03\x00\x00\x00\x00\x00\x00\x00\x02\x00\x00\x00\x00\x00\x00\x00'
East,b'\xbb \x00\x00\x00\x00\x00\x00',b'\t\x00\x00\x00\x00\x00\x00\x00\x03\x00\x00\x00\x00\x00\x00\x00\x03\x00\x00\x00\x00\x00\x00\x00'
West,b'\xda\x07\x00\x00\x00\x00\x00\x00',b'\t\x00\x00\x00\x00\x00\x00\x00\x03\x00\x00\x00\x00\x00\x00\x00\x03\x00\x00\x00\x00\x00\x00\x00'
East,b'\xe5!\x00\x00\x00\x00\x00\x00',b'\t\x00\x00\x00\x00\x00\x00\x00\x03\x00\x00\x00\x00\x00\x00\x00\x03\x00\x00\x00\x00\x00\x00\x00'
East,b'\xe8\x18\x00\x00\x00\x00\x00\x00',b'\t\x00\x00\x00\x00\x00\x00\x00\x03\x00\x00\x00\x00\x00\x00\x00\x03\x00\x00\x00\x00\x00\x00\x00'
East,"b""\x93'\x00\x00\x00\x00\x00\x00""",b'\t\x00\x00\x00\x00\x00\x00\x00\x03\x00\x00\x00\x00\x00\x00\x00\x03\x00\x00\x00\x00\x00\x00\x00'
West,b'\x8f\t\x00\x00\x00\x00\x00\x00',b'\t\x00\x00\x00\x00\x00\x00\x00\x03\x00\x00\x00\x00\x00\x00\x00\x02\x00\x00\x00\x00\x00\x00\x00\x03\x00\x00\x00\x00\x00\x00\x00'
West,b'\xb5\x0f\x00\x00\x00\x00\x00\x00',b'\t\x00\x00\x00\x00\x00\x00\x00\x03\x00\x00\x00\x00\x00\x00\x00\x02\x00\x00\x00\x00\x00\x00\x00\x02\x00\x00\x00\x00\x00\x00\x00'
Central,b'\xe8\x13\x00\x00\x00\x00\x00\x00',b'\t\x00\x00\x00\x00\x00\x00\x00\x03\x00\x00\x00\x00\x00\x00\x00\x02\x00\x00\x00\x00\x00\x00\x00\x01\x00\x00\x00\x00\x00\x00\x00'
Central,b'\x15\x1a\x00\x00\x00\x00\x00\x00',b'\t\x00\x00\x00\x00\x00\x00\x00\x03\x00\x00\x00\x00\x00\x00\x00\x02\x00\x00\x00\x00\x00\x00\x00\x01\x00\x00\x00\x00\x00\x00\x00'
West,b'h\r\x00\x00\x00\x00\x00\x00',b'\t\x00\x00\x00\x00\x00\x00\x00\x03\x00\x00\x00\x00\x00\x00\x00\x02\x00\x00\x00\x00\x00\x00\x00'
East,b'\x14%\x00\x00\x00\x00\x00\x00',b'\t\x00\x00\x00\x00\x00\x00\x00\x03\x00\x00\x00\x00\x00\x00\x00\x02\x00\x00\x00\x00\x00\x00\x00'
South,"b""\x12'\x00\x00\x00\x00\x00\x00""",b'\t\x00\x00\x00\x00\x00\x00\x00\x03\x00\x00\x00\x00\x00\x00\x00\x02\x00\x00\x00\x00\x00\x00\x00'
South,b'\xa1\x14\x00\x00\x00\x00\x00\x00',b'\t\x00\x00\x00\x00\x00\x00\x00\x03\x00\x00\x00\x00\x00\x00\x00\x02\x00\x00\x00\x00\x00\x00\x00'
East,b'\x01!\x00\x00\x00\x00\x00\x00',b'\t\x00\x00\x00\x00\x00\x00\x00\x03\x00\x00\x00\x00\x00\x00\x00'
South,"b""\xa7'\x00\x00\x00\x00\x00\x00""",b'\t\x00\x00\x00\x00\x00\x00\x00\x03\x00\x00\x00\x00\x00\x00\x00'
East,"b""a'\x00\x00\x00\x00\x00\x00""",b'\t\x00\x00\x00\x00\x00\x00\x00\x03\x00\x00\x00\x00\x00\x00\x00'
West,b'\xd3\x00\x00\x00\x00\x00\x00\x00',b'\t\x00\x00\x00\x00\x00\x00\x00\x03\x00\x00\x00\x00\x00\x00\x00'
East,b'\xa8)\x00\x00\x00\x00\x00\x00',b'\t\x00\x00\x00\x00\x00\x00\x00\x03\x00\x00\x00\x00\x00\x00\x00'
West,b'\xcf\x1a\x00\x00\x00\x00\x00\x00',b'\t\x00\x00\x00\x00\x00\x00\x00\x03\x00\x00\x00\x00\x00\x00\x00'
Central,"b'P""\x00\x00\x00\x00\x00\x00'",b'\t\x00\x00\x00\x00\x00\x00\x00\x03\x00\x00\x00\x00\x00\x00\x00'
West,b'\xda\x00\x00\x00\x00\x00\x00\x00',b'\t\x00\x00\x00\x00\x00\x00\x00\x03\x00\x00\x00\x00\x00\x00\x00'
West,b'J\t\x00\x00\x00\x00\x00\x00',b'\t\x00\x00\x00\x00\x00\x00\x00\x03\x00\x00\x00\x00\x00\x00\x00'
West,b']\x19\x00\x00\x00\x00\x00\x00',b'\t\x00\x00\x00\x00\x00\x00\x00\x03\x00\x00\x00\x00\x00\x00\x00'
Central,b'.#\x00\x00\x00\x00\x00\x00',b'\t\x00\x00\x00\x00\x00\x00\x00\x03\x00\x00\x00\x00\x00\x00\x00'
Central,b'\xaf\x14\x00\x00\x00\x00\x00\x00',b'\t\x00\x00\x00\x00\x00\x00\x00\x03\x00\x00\x00\x00\x00\x00\x00'
South,b'9%\x00\x00\x00\x00\x00\x00',b'\t\x00\x00\x00\x00\x00\x00\x00\x03\x00\x00\x00\x00\x00\x00\x00'
Central,b'\xa1\x14\x00\x00\x00\x00\x00\x00',b'\t\x00\x00\x00\x00\x00\x00\x00\x03\x00\x00\x00\x00\x00\x00\x00'
East,"b'\x9c""\x00\x00\x00\x00\x00\x00'",b'\t\x00\x00\x00\x00\x00\x00\x00\x03\x00\x00\x00\x00\x00\x00\x00'
West,b'3 \x00\x00\x00\x00\x00\x00',b'\t\x00\x00\x00\x00\x00\x00\x00\x02\x00\x00\x00\x00\x00\x00\x00\x06\x00\x00\x00\x00\x00\x00\x00'
West,b'\xed&\x00\x00\x00\x00\x00\x00',b'\t\x00\x00\x00\x00\x00\x00\x00\x02\x00\x00\x00\x00\x00\x00\x00\x05\x00\x00\x00\x00\x00\x00\x00\x01\x00\x00\x00\x00\x00\x00\x00'
Central,b'j\x00\x00\x00\x00\x00\x00\x00',b'\t\x00\x00\x00\x00\x00\x00\x00\x02\x00\x00\x00\x00\x00\x00\x00\x05\x00\x00\x00\x00\x00\x00\x00'
Central,b'\x12&\x00\x00\x00\x00\x00\x00',b'\t\x00\x00\x00\x00\x00\x00\x00\x02\x00\x00\x00\x00\x00\x00\x00\x04\x00\x00\x00\x00\x00\x00\x00'
West,b' \x04\x00\x00\x00\x00\x00\x00',b'\t\x00\x00\x00\x00\x00\x00\x00\x02\x00\x00\x00\x00\x00\x00\x00\x04\x00\x00\x00\x00\x00\x00\x00'
Central,b'\xa8)\x00\x00\x00\x00\x00\x00',b'\t\x00\x00\x00\x00\x00\x00\x00\x02\x00\x00\x00\x00\x00\x00\x00\x03\x00\x00\x00\x00\x00\x00\x00\x05\x00\x00\x00\x00\x00\x00\x00\x03\x00\x00\x00\x00\x00\x00\x00'
Central,b'c\x0b\x00\x00\x00\x00\x00\x00',b'\t\x00\x00\x00\x00\x00\x00\x00\x02\x00\x00\x00\x00\x00\x00\x00\x03\x00\x00\x00\x00\x00\x00\x00\x04\x00\x00\x00\x00\x00\x00\x00'
East,b'\x05)\x00\x00\x00\x00\x00\x00',b'\t\x00\x00\x00\x00\x00\x00\x00\x02\x00\x00\x00\x00\x00\x00\x00\x03\x00\x00\x00\x00\x00\x00\x00\x02\x00\x00\x00\x00\x00\x00\x00'
East,b'\x90\x1a\x00\x00\x00\x00\x00\x00',b'\t\x00\x00\x00\x00\x00\x00\x00\x02\x00\x00\x00\x00\x00\x00\x00\x03\x00\x00\x00\x00\x00\x00\x00\x02\x00\x00\x00\x00\x00\x00\x00'
East,b'*\x04\x00\x00\x00\x00\x00\x00',b'\t\x00\x00\x00\x00\x00\x00\x00\x02\x00\x00\x00\x00\x00\x00\x00\x03\x00\x00\x00\x00\x00\x00\x00\x02\x00\x00\x00\x00\x00\x00\x00'
West,b'\x08\x00\x00\x00\x00\x00\x00\x00',b'\t\x00\x00\x00\x00\x00\x00\x00\x02\x00\x00\x00\x00\x00\x00\x00\x03\x00\x00\x00\x00\x00\x00\x00'
West,b'\xd7\x01\x00\x00\x00\x00\x00\x00',b'\t\x00\x00\x00\x00\x00\x00\x00\x02\x00\x00\x00\x00\x00\x00\x00\x03\x00\x00\x00\x00\x00\x00\x00'
West,b'\xce\x1d\x00\x00\x00\x00\x00\x00',b'\t\x00\x00\x00\x00\x00\x00\x00\x02\x00\x00\x00\x00\x00\x00\x00\x02\x00\x00\x00\x00\x00\x00\x00'
Central,b'\xc2 \x00\x00\x00\x00\x00\x00',b'\t\x00\x00\x00\x00\x00\x00\x00\x02\x00\x00\x00\x00\x00\x00\x00\x01\x00\x00\x00\x00\x00\x00\x00'
South,b'd\x03\x00\x00\x00\x00\x00\x00',b'\t\x00\x00\x00\x00\x00\x00\x00\x02\x00\x00\x00\x00\x00\x00\x00\x01\x00\x00\x00\x00\x00\x00\x00'
West,b'\xd7\x07\x00\x00\x00\x00\x00\x00',b'\t\x00\x00\x00\x00\x00\x00\x00\x02\x00\x00\x00\x00\x00\x00\x00'
West,b'v\x10\x00\x00\x00\x00\x00\x00',b'\t\x00\x00\x00\x00\x00\x00\x00\x02\x00\x00\x00\x00\x00\x00\x00'
East,b'c\x0c\x00\x00\x00\x00\x00\x00',b'\t\x00\x00\x00\x00\x00\x00\x00\x02\x00\x00\x00\x00\x00\x00\x00'
East,b'\xce\x18\x00\x00\x00\x00\x00\x00',b'\t\x00\x00\x00\x00\x00\x00\x00\x02\x00\x00\x00\x00\x00\x00\x00'
South,b'l\x1a\x00\x00\x00\x00\x00\x00',b'\t\x00\x00\x00\x00\x00\x00\x00\x02\x00\x00\x00\x00\x00\x00\x00'
Central,b'\xda\x1d\x00\x00\x00\x00\x00\x00',b'\t\x00\x00\x00\x00\x00\x00\x00\x02\x00\x00\x00\x00\x00\x00\x00'
East,b'I#\x00\x00\x00\x00\x00\x00',b'\t\x00\x00\x00\x00\x00\x00\x00\x02\x00\x00\x00\x00\x00\x00\x00'
Central,b'\xa2 \x00\x00\x00\x00\x00\x00',b'\t\x00\x00\x00\x00\x00\x00\x00\x02\x00\x00\x00\x00\x00\x00\x00'
Central,b'\xdd\x0b\x00\x00\x00\x00\x00\x00',b'\t\x00\x00\x00\x00\x00\x00\x00\x02\x00\x00\x00\x00\x00\x00\x00'
West,b'\xe9\x05\x00\x00\x00\x00\x00\x00',b'\t\x00\x00\x00\x00\x00\x00\x00\x02\x00\x00\x00\x00\x00\x00\x00'
Central,b'\x86\x0e\x00\x00\x00\x00\x00\x00',b'\t\x00\x00\x00\x00\x00\x00\x00\x02\x00\x00\x00\x00\x00\x00\x00'
South,b'\x11\x00\x00\x00\x00\x00\x00\x00',b'\t\x00\x00\x00\x00\x00\x00\x00\x02\x00\x00\x00\x00\x00\x00\x00'
West,b'\xea\x0b\x00\x00\x00\x00\x00\x00',b'\t\x00\x00\x00\x00\x00\x00\x00\x02\x00\x00\x00\x00\x00\x00\x00'
Central,b'L\x17\x00\x00\x00\x00\x00\x00',b'\t\x00\x00\x00\x00\x00\x00\x00\x02\x00\x00\x00\x00\x00\x00\x00'
South,b'\xbe\x0b\x00\x00\x00\x00\x00\x00',b'\t\x00\x00\x00\x00\x00\x00\x00\x02\x00\x00\x00\x00\x00\x00\x00'
East,b'\xf1\x14\x00\x00\x00\x00\x00\x00',b'\t\x00\x00\x00\x00\x00\x00\x00\x02\x00\x00\x00\x00\x00\x00\x00'
West,b'\x02\x02\x00\x00\x00\x00\x00\x00',b'\t\x00\x00\x00\x00\x00\x00\x00\x02\x00\x00\x00\x00\x00\x00\x00'
Central,b'\x12\x05\x00\x00\x00\x00\x00\x00',b'\t\x00\x00\x00\x00\x00\x00\x00\x02\x00\x00\x00\x00\x00\x00\x00'
Central,"b'\xec""\x00\x00\x00\x00\x00\x00'",b'\t\x00\x00\x00\x00\x00\x00\x00\x02\x00\x00\x00\x00\x00\x00\x00'
West,b'\xab\x0c\x00\x00\x00\x00\x00\x00',b'\t\x00\x00\x00\x00\x00\x00\x00\x02\x00\x00\x00\x00\x00\x00\x00'
East,b'\xda$\x00\x00\x00\x00\x00\x00',b'\t\x00\x00\x00\x00\x00\x00\x00\x02\x00\x00\x00\x00\x00\x00\x00'
Central,b'\xc5\x0e\x00\x00\x00\x00\x00\x00',b'\t\x00\x00\x00\x00\x00\x00\x00\x02\x00\x00\x00\x00\x00\x00\x00'
Central,b'\x91\x05\x00\x00\x00\x00\x00\x00',b'\t\x00\x00\x00\x00\x00\x00\x00\x02\x00\x00\x00\x00\x00\x00\x00'
East,"b'\xd0""\x00\x00\x00\x00\x00\x00'",b'\t\x00\x00\x00\x00\x00\x00\x00\x01\x00\x00\x00\x00\x00\x00\x00\x02\x00\x00\x00\x00\x00\x00\x00'
West,b'\x8d!\x00\x00\x00\x00\x00\x00',b'\t\x00\x00\x00\x00\x00\x00\x00\x01\x00\x00\x00\x00\x00\x00\x00\x02\x00\x00\x00\x00\x00\x00\x00'
East,b'\xe1!\x00\x00\x00\x00\x00\x00',b'\t\x00\x00\x00\x00\x00\x00\x00\x01\x00\x00\x00\x00\x00\x00\x00\x01\x00\x00\x00\x00\x00\x00\x00'
South,"b'A""\x00\x00\x00\x00\x00\x00'",b'\t\x00\x00\x00\x00\x00\x00\x00\x01\x00\x00\x00\x00\x00\x00\x00'
West,b'\x98&\x00\x00\x00\x00\x00\x00',b'\t\x00\x00\x00\x00\x00\x00\x00\x01\x00\x00\x00\x00\x00\x00\x00'
South,b'h\n\x00\x00\x00\x00\x00\x00',b'\t\x00\x00\x00\x00\x00\x00\x00\x01\x00\x00\x00\x00\x00\x00\x00'
East,b'\x12\t\x00\x00\x00\x00\x00\x00',b'\t\x00\x00\x00\x00\x00\x00\x00\x01\x00\x00\x00\x00\x00\x00\x00'
West,b'l(\x00\x00\x00\x00\x00\x00',b'\t\x00\x00\x00\x00\x00\x00\x00\x01\x00\x00\x00\x00\x00\x00\x00'
East,b'V(\x00\x00\x00\x00\x00\x00',b'\t\x00\x00\x00\x00\x00\x00\x00\x01\x00\x00\x00\x00\x00\x00\x00'
Central,b'\xbc\x07\x00\x00\x00\x00\x00\x00',b'\t\x00\x00\x00\x00\x00\x00\x00\x01\x00\x00\x00\x00\x00\x00\x00'
South,b'p\x03\x00\x00\x00\x00\x00\x00',b'\t\x00\x00\x00\x00\x00\x00\x00\x01\x00\x00\x00\x00\x00\x00\x00'
West,b'\xab\x04\x00\x00\x00\x00\x00\x00',b'\t\x00\x00\x00\x00\x00\x00\x00\x01\x00\x00\x00\x00\x00\x00\x00'
East,b'T\x0f\x00\x00\x00\x00\x00\x00',b'\t\x00\x00\x00\x00\x00\x00\x00'
West,b'Z\x01\x00\x00\x00\x00\x00\x00',b'\t\x00\x00\x00\x00\x00\x00\x00'
South,b'\xdd\x19\x00\x00\x00\x00\x00\x00',b'\t\x00\x00\x00\x00\x00\x00\x00'
South,b'c\n\x00\x00\x00\x00\x00\x00',b'\t\x00\x00\x00\x00\x00\x00\x00'
East,b'B\x0f\x00\x00\x00\x00\x00\x00',b'\t\x00\x00\x00\x00\x00\x00\x00'
Central,b'^\x0f\x00\x00\x00\x00\x00\x00',b'\t\x00\x00\x00\x00\x00\x00\x00'
West,b'\xc4\x01\x00\x00\x00\x00\x00\x00',b'\t\x00\x00\x00\x00\x00\x00\x00'
West,b'\x1a\x08\x00\x00\x00\x00\x00\x00',b'\t\x00\x00\x00\x00\x00\x00\x00'
West,"b"" '\x00\x00\x00\x00\x00\x00""",b'\t\x00\x00\x00\x00\x00\x00\x00'
East,b'\xe3 \x00\x00\x00\x00\x00\x00',b'\t\x00\x00\x00\x00\x00\x00\x00'
South,b'\xd7\x1d\x00\x00\x00\x00\x00\x00',b'\t\x00\x00\x00\x00\x00\x00\x00'
South,b'\xc2%\x00\x00\x00\x00\x00\x00',b'\t\x00\x00\x00\x00\x00\x00\x00'
West,b'\xbb\x04\x00\x00\x00\x00\x00\x00',b'\t\x00\x00\x00\x00\x00\x00\x00'
West,"b'""\x1f\x00\x00\x00\x00\x00\x00'",b'\t\x00\x00\x00\x00\x00\x00\x00'
South,b'\xdb\x01\x00\x00\x00\x00\x00\x00',b'\t\x00\x00\x00\x00\x00\x00\x00'
South,b']\x1d\x00\x00\x00\x00\x00\x00',b'\t\x00\x00\x00\x00\x00\x00\x00'
East,b'\x11\x00\x00\x00\x00\x00\x00\x00',b'\t\x00\x00\x00\x00\x00\x00\x00'
East,"b""O'\x00\x00\x00\x00\x00\x00""",b'\t\x00\x00\x00\x00\x00\x00\x00'
South,b'k\x14\x00\x00\x00\x00\x00\x00',b'\t\x00\x00\x00\x00\x00\x00\x00'
East,b'\xe6%\x00\x00\x00\x00\x00\x00',b'\t\x00\x00\x00\x00\x00\x00\x00'
Central,b'a\x1f\x00\x00\x00\x00\x00\x00',b'\t\x00\x00\x00\x00\x00\x00\x00'
East,"b'^""\x00\x00\x00\x00\x00\x00'",b'\t\x00\x00\x00\x00\x00\x00\x00'
Central,b'`!\x00\x00\x00\x00\x00\x00',b'\t\x00\x00\x00\x00\x00\x00\x00'
South,b'\xe4\r\x00\x00\x00\x00\x00\x00',b'\t\x00\x00\x00\x00\x00\x00\x00'
East,b'G\x04\x00\x00\x00\x00\x00\x00',b'\t\x00\x00\x00\x00\x00\x00\x00'
East,b'!\x1b\x00\x00\x00\x00\x00\x00',b'\t\x00\x00\x00\x00\x00\x00\x00'
South,b'w&\x00\x00\x00\x00\x00\x00',b'\t\x00\x00\x00\x00\x00\x00\x00'
Central,b'\xcb\r\x00\x00\x00\x00\x00\x00',b'\t\x00\x00\x00\x00\x00\x00\x00'
South,b'\x1f\x08\x00\x00\x00\x00\x00\x00',b'\t\x00\x00\x00\x00\x00\x00\x00'
East,b'\xf7\x15\x00\x00\x00\x00\x00\x00',b'\t\x00\x00\x00\x00\x00\x00\x00'
West,b'\xd0!\x00\x00\x00\x00\x00\x00',b'\t\x00\x00\x00\x00\x00\x00\x00'
West,b'\xa1\x16\x00\x00\x00\x00\x00\x00',b'\t\x00\x00\x00\x00\x00\x00\x00'
East,b'\xec&\x00\x00\x00\x00\x00\x00',b'\t\x00\x00\x00\x00\x00\x00\x00'
Central,b'\x86\x1d\x00\x00\x00\x00\x00\x00',b'\t\x00\x00\x00\x00\x00\x00\x00'
West,b'\x01\x1f\x00\x00\x00\x00\x00\x00',b'\t\x00\x00\x00\x00\x00\x00\x00'
Central,b't\x02\x00\x00\x00\x00\x00\x00',b'\t\x00\x00\x00\x00\x00\x00\x00'
West,b'\xb0\x0c\x00\x00\x00\x00\x00\x00',b'\t\x00\x00\x00\x00\x00\x00\x00'
West,b'\xaf\x1e\x00\x00\x00\x00\x00\x00',b'\t\x00\x00\x00\x00\x00\x00\x00'
West,b'\x80\x02\x00\x00\x00\x00\x00\x00',b'\t\x00\x00\x00\x00\x00\x00\x00'
Central,b'\xcc\x1e\x00\x00\x00\x00\x00\x00',b'\t\x00\x00\x00\x00\x00\x00\x00'
West,b'\xa3\x1b\x00\x00\x00\x00\x00\x00',b'\t\x00\x00\x00\x00\x00\x00\x00'
East,"b""\xee'\x00\x00\x00\x00\x00\x00""",b'\t\x00\x00\x00\x00\x00\x00\x00'
East,b'u\x00\x00\x00\x00\x00\x00\x00',b'\t\x00\x00\x00\x00\x00\x00\x00'
South,b'\xc9(\x00\x00\x00\x00\x00\x00',b'\t\x00\x00\x00\x00\x00\x00\x00'
South,b'\xa0!\x00\x00\x00\x00\x00\x00',b'\t\x00\x00\x00\x00\x00\x00\x00'
Central,b'm&\x00\x00\x00\x00\x00\x00',b'\t\x00\x00\x00\x00\x00\x00\x00'
Central,b'r\x19\x00\x00\x00\x00\x00\x00',b'\t\x00\x00\x00\x00\x00\x00\x00'
West,b'L(\x00\x00\x00\x00\x00\x00',b'\t\x00\x00\x00\x00\x00\x00\x00'
East,"b""'\x05\x00\x00\x00\x00\x00\x00""",b'\t\x00\x00\x00\x00\x00\x00\x00'
East,b':\n\x00\x00\x00\x00\x00\x00',b'\t\x00\x00\x00\x00\x00\x00\x00'
West,b'\xef\x0b\x00\x00\x00\x00\x00\x00',b'\t\x00\x00\x00\x00\x00\x00\x00'
West,b'\xb4$\x00\x00\x00\x00\x00\x00',b'\t\x00\x00\x00\x00\x00\x00\x00'
West,b'\xe9\x0b\x00\x00\x00\x00\x00\x00',b'\t\x00\x00\x00\x00\x00\x00\x00'
Central,b'\x04\x18\x00\x00\x00\x00\x00\x00',b'\t\x00\x00\x00\x00\x00\x00\x00'
South,b'\xf8)\x00\x00\x00\x00\x00\x00',b'\t\x00\x00\x00\x00\x00\x00\x00'
East,b'\xa7 \x00\x00\x00\x00\x00\x00',b'\t\x00\x00\x00\x00\x00\x00\x00'
Central,"b""\xa4'\x00\x00\x00\x00\x00\x00""",b'\t\x00\x00\x00\x00\x00\x00\x00'
South,b'\xcf%\x00\x00\x00\x00\x00\x00',b'\t\x00\x00\x00\x00\x00\x00\x00'
East,b'!\x1f\x00\x00\x00\x00\x00\x00',b'\t\x00\x00\x00\x00\x00\x00\x00'
Central,b'\xdf\x10\x00\x00\x00\x00\x00\x00',b'\t\x00\x00\x00\x00\x00\x00\x00'
Central,"b""@'\x00\x00\x00\x00\x00\x00""",b'\t\x00\x00\x00\x00\x00\x00\x00'
Central,b'>\x0f\x00\x00\x00\x00\x00\x00',b'\t\x00\x00\x00\x00\x00\x00\x00'
East,b'\t\x01\x00\x00\x00\x00\x00\x00',b'\t\x00\x00\x00\x00\x00\x00\x00'
South,b'\xfa\x17\x00\x00\x00\x00\x00\x00',b'\t\x00\x00\x00\x00\x00\x00\x00'
Central,b'\xb2\x04\x00\x00\x00\x00\x00\x00',b'\t\x00\x00\x00\x00\x00\x00\x00'
Central,b'\xd7(\x00\x00\x00\x00\x00\x00',b'\t\x00\x00\x00\x00\x00\x00\x00'
West,b'\x83\n\x00\x00\x00\x00\x00\x00',b'\t\x00\x00\x00\x00\x00\x00\x00'
Central,b'\xe9\x16\x00\x00\x00\x00\x00\x00',b'\t\x00\x00\x00\x00\x00\x00\x00'
Central,b'\x88\t\x00\x00\x00\x00\x00\x00',b'\t\x00\x00\x00\x00\x00\x00\x00'
East,b'm\t\x00\x00\x00\x00\x00\x00',b'\t\x00\x00\x00\x00\x00\x00\x00'
South,b'r\x03\x00\x00\x00\x00\x00\x00',b'\t\x00\x00\x00\x00\x00\x00\x00'
Central,b'\xd0\x13\x00\x00\x00\x00\x00\x00',b'\t\x00\x00\x00\x00\x00\x00\x00'
South,b'\r\x0e\x00\x00\x00\x00\x00\x00',b'\t\x00\x00\x00\x00\x00\x00\x00'
South,b'\xcc%\x00\x00\x00\x00\x00\x00',b'\t\x00\x00\x00\x00\x00\x00\x00'
West,b'\x92\x03\x00\x00\x00\x00\x00\x00',b'\t\x00\x00\x00\x00\x00\x00\x00'
East,"b'\xd8""\x00\x00\x00\x00\x00\x00'",b'\t\x00\x00\x00\x00\x00\x00\x00'
West,b'\x13\x02\x00\x00\x00\x00\x00\x00',b'\x08\x00\x00\x00\x00\x00\x00\x00\x0c\x00\x00\x00\x00\x00\x00\x00'
West,b'q\x1e\x00\x00\x00\x00\x00\x00',b'\x08\x00\x00\x00\x00\x00\x00\x00\x0c\x00\x00\x00\x00\x00\x00\x00'
Central,b'[\x02\x00\x00\x00\x00\x00\x00',b'\x08\x00\x00\x00\x00\x00\x00\x00\x08\x00\x00\x00\x00\x00\x00\x00\x03\x00\x00\x00\x00\x00\x00\x00\x05\x00\x00\x00\x00\x00\x00\x00'
West,b'\xdc\x16\x00\x00\x00\x00\x00\x00',b'\x08\x00\x00\x00\x00\x00\x00\x00\x08\x00\x00\x00\x00\x00\x00\x00'
West,b'\xbe\x08\x00\x00\x00\x00\x00\x00',b'\x08\x00\x00\x00\x00\x00\x00\x00\x08\x00\x00\x00\x00\x00\x00\x00'
West,b'p\x03\x00\x00\x00\x00\x00\x00',b'\x08\x00\x00\x00\x00\x00\x00\x00\x07\x00\x00\x00\x00\x00\x00\x00\x05\x00\x00\x00\x00\x00\x00\x00'
South,b'\xf4\x13\x00\x00\x00\x00\x00\x00',b'\x08\x00\x00\x00\x00\x00\x00\x00\x07\x00\x00\x00\x00\x00\x00\x00\x04\x00\x00\x00\x00\x00\x00\x00\x04\x00\x00\x00\x00\x00\x00\x00'
South,b'\xd7\x15\x00\x00\x00\x00\x00\x00',b'\x08\x00\x00\x00\x00\x00\x00\x00\x07\x00\x00\x00\x00\x00\x00\x00\x03\x00\x00\x00\x00\x00\x00\x00'
East,b'\x87%\x00\x00\x00\x00\x00\x00',b'\x08\x00\x00\x00\x00\x00\x00\x00\x07\x00\x00\x00\x00\x00\x00\x00\x02\x00\x00\x00\x00\x00\x00\x00'
West,b'z\n\x00\x00\x00\x00\x00\x00',b'\x08\x00\x00\x00\x00\x00\x00\x00\x07\x00\x00\x00\x00\x00\x00\x00'
South,b'\xc2\x16\x00\x00\x00\x00\x00\x00',b'\x08\x00\x00\x00\x00\x00\x00\x00\x07\x00\x00\x00\x00\x00\x00\x00'
West,b'H\x1a\x00\x00\x00\x00\x00\x00',b'\x08\x00\x00\x00\x00\x00\x00\x00\x07\x00\x00\x00\x00\x00\x00\x00'
West,b'P\x02\x00\x00\x00\x00\x00\x00',b'\x08\x00\x00\x00\x00\x00\x00\x00\x07\x00\x00\x00\x00\x00\x00\x00'
West,b'\x0c\x00\x00\x00\x00\x00\x00\x00',b'\x08\x00\x00\x00\x00\x00\x00\x00\x06\x00\x00\x00\x00\x00\x00\x00'
West,b'\x1b\x02\x00\x00\x00\x00\x00\x00',b'\x08\x00\x00\x00\x00\x00\x00\x00\x06\x00\x00\x00\x00\x00\x00\x00'
Central,b'X\x1a\x00\x00\x00\x00\x00\x00',b'\x08\x00\x00\x00\x00\x00\x00\x00\x06\x00\x00\x00\x00\x00\x00\x00'
West,b'Y\x1e\x00\x00\x00\x00\x00\x00',b'\x08\x00\x00\x00\x00\x00\x00\x00\x05\x00\x00\x00\x00\x00\x00\x00\t\x00\x00\x00\x00\x00\x00\x00\x05\x00\x00\x00\x00\x00\x00\x00'
East,b'k\x02\x00\x00\x00\x00\x00\x00',b'\x08\x00\x00\x00\x00\x00\x00\x00\x05\x00\x00\x00\x00\x00\x00\x00\x05\x00\x00\x00\x00\x00\x00\x00\n\x00\x00\x00\x00\x00\x00\x00\x03\x00\x00\x00\x00\x00\x00\x00\x01\x00\x00\x00\x00\x00\x00\x00'
West,b'\xce\x10\x00\x00\x00\x00\x00\x00',b'\x08\x00\x00\x00\x00\x00\x00\x00\x05\x00\x00\x00\x00\x00\x00\x00\x05\x00\x00\x00\x00\x00\x00\x00\x02\x00\x00\x00\x00\x00\x00\x00\x01\x00\x00\x00\x00\x00\x00\x00'
West,b'\xc2\x19\x00\x00\x00\x00\x00\x00',b'\x08\x00\x00\x00\x00\x00\x00\x00\x05\x00\x00\x00\x00\x00\x00\x00\x05\x00\x00\x00\x00\x00\x00\x00\x02\x00\x00\x00\x00\x00\x00\x00\x01\x00\x00\x00\x00\x00\x00\x00'
West,b'\xbc\x19\x00\x00\x00\x00\x00\x00',b'\x08\x00\x00\x00\x00\x00\x00\x00\x05\x00\x00\x00\x00\x00\x00\x00\x04\x00\x00\x00\x00\x00\x00\x00'
West,b'\x9d\x15\x00\x00\x00\x00\x00\x00',b'\x08\x00\x00\x00\x00\x00\x00\x00\x05\x00\x00\x00\x00\x00\x00\x00\x04\x00\x00\x00\x00\x00\x00\x00'
South,b'\x8f#\x00\x00\x00\x00\x00\x00',b'\x08\x00\x00\x00\x00\x00\x00\x00\x05\x00\x00\x00\x00\x00\x00\x00\x03\x00\x00\x00\x00\x00\x00\x00\x01\x00\x00\x00\x00\x00\x00\x00'
South,b'*\x08\x00\x00\x00\x00\x00\x00',b'\x08\x00\x00\x00\x00\x00\x00\x00\x05\x00\x00\x00\x00\x00\x00\x00\x03\x00\x00\x00\x00\x00\x00\x00'
East,b'\xde \x00\x00\x00\x00\x00\x00',b'\x08\x00\x00\x00\x00\x00\x00\x00\x05\x00\x00\x00\x00\x00\x00\x00\x02\x00\x00\x00\x00\x00\x00\x00\x02\x00\x00\x00\x00\x00\x00\x00\x04\x00\x00\x00\x00\x00\x00\x00\x04\x00\x00\x00\x00\x00\x00\x00\x05\x00\x00\x00\x00\x00\x00\x00\x01\x00\x00\x00\x00\x00\x00\x00\x02\x00\x00\x00\x00\x00\x00\x00'
East,b'\n\r\x00\x00\x00\x00\x00\x00',b'\x08\x00\x00\x00\x00\x00\x00\x00\x05\x00\x00\x00\x00\x00\x00\x00\x02\x00\x00\x00\x00\x00\x00\x00\x02\x00\x00\x00\x00\x00\x00\x00\x04\x00\x00\x00\x00\x00\x00\x00\x04\x00\x00\x00\x00\x00\x00\x00\x05\x00\x00\x00\x00\x00\x00\x00\x01\x00\x00\x00\x00\x00\x00\x00\x02\x00\x00\x00\x00\x00\x00\x00'
Central,b'X\x1c\x00\x00\x00\x00\x00\x00',b'\x08\x00\x00\x00\x00\x00\x00\x00\x05\x00\x00\x00\x00\x00\x00\x00\x02\x00\x00\x00\x00\x00\x00\x00\x01\x00\x00\x00\x00\x00\x00\x00'
East,b'\x9a)\x00\x00\x00\x00\x00\x00',b'\x08\x00\x00\x00\x00\x00\x00\x00\x05\x00\x00\x00\x00\x00\x00\x00\x02\x00\x00\x00\x00\x00\x00\x00'
West,b'\x12\x07\x00\x00\x00\x00\x00\x00',b'\x08\x00\x00\x00\x00\x00\x00\x00\x05\x00\x00\x00\x00\x00\x00\x00\x02\x00\x00\x00\x00\x00\x00\x00'
West,b'$\x01\x00\x00\x00\x00\x00\x00',b'\x08\x00\x00\x00\x00\x00\x00\x00\x05\x00\x00\x00\x00\x00\x00\x00\x01\x00\x00\x00\x00\x00\x00\x00\x03\x00\x00\x00\x00\x00\x00\x00\x03\x00\x00\x00\x00\x00\x00\x00'
West,"b'""\x03\x00\x00\x00\x00\x00\x00'",b'\x08\x00\x00\x00\x00\x00\x00\x00\x05\x00\x00\x00\x00\x00\x00\x00\x01\x00\x00\x00\x00\x00\x00\x00\x03\x00\x00\x00\x00\x00\x00\x00\x03\x00\x00\x00\x00\x00\x00\x00'
Central,b'\xda$\x00\x00\x00\x00\x00\x00',b'\x08\x00\x00\x00\x00\x00\x00\x00\x05\x00\x00\x00\x00\x00\x00\x00\x01\x00\x00\x00\x00\x00\x00\x00'
East,b'\xce\x19\x00\x00\x00\x00\x00\x00',b'\x08\x00\x00\x00\x00\x00\x00\x00\x05\x00\x00\x00\x00\x00\x00\x00\x01\x00\x00\x00\x00\x00\x00\x00'
East,b'w\x02\x00\x00\x00\x00\x00\x00',b'\x08\x00\x00\x00\x00\x00\x00\x00\x05\x00\x00\x00\x00\x00\x00\x00'
Central,b'=\x00\x00\x00\x00\x00\x00\x00',b'\x08\x00\x00\x00\x00\x00\x00\x00\x05\x00\x00\x00\x00\x00\x00\x00'
West,b'\x98\x0c\x00\x00\x00\x00\x00\x00',b'\x08\x00\x00\x00\x00\x00\x00\x00\x05\x00\x00\x00\x00\x00\x00\x00'
West,b'7\x0e\x00\x00\x00\x00\x00\x00',b'\x08\x00\x00\x00\x00\x00\x00\x00\x05\x00\x00\x00\x00\x00\x00\x00'
South,b'\x9b(\x00\x00\x00\x00\x00\x00',b'\x08\x00\x00\x00\x00\x00\x00\x00\x05\x00\x00\x00\x00\x00\x00\x00'
West,b'x\x00\x00\x00\x00\x00\x00\x00',b'\x08\x00\x00\x00\x00\x00\x00\x00\x05\x00\x00\x00\x00\x00\x00\x00'
Central,b'\x85\x07\x00\x00\x00\x00\x00\x00',b'\x08\x00\x00\x00\x00\x00\x00\x00\x05\x00\x00\x00\x00\x00\x00\x00'
East,b'\x7f\x1a\x00\x00\x00\x00\x00\x00',b'\x08\x00\x00\x00\x00\x00\x00\x00\x04\x00\x00\x00\x00\x00\x00\x00\x07\x00\x00\x00\x00\x00\x00\x00'
South,b'\xbc\x10\x00\x00\x00\x00\x00\x00',b'\x08\x00\x00\x00\x00\x00\x00\x00\x04\x00\x00\x00\x00\x00\x00\x00\x06\x00\x00\x00\x00\x00\x00\x00'
Central,b'\x90\x02\x00\x00\x00\x00\x00\x00',b'\x08\x00\x00\x00\x00\x00\x00\x00\x04\x00\x00\x00\x00\x00\x00\x00\x05\x00\x00\x00\x00\x00\x00\x00\x03\x00\x00\x00\x00\x00\x00\x00'
West,b'\x08\x1f\x00\x00\x00\x00\x00\x00',b'\x08\x00\x00\x00\x00\x00\x00\x00\x04\x00\x00\x00\x00\x00\x00\x00\x04\x00\x00\x00\x00\x00\x00\x00\x01\x00\x00\x00\x00\x00\x00\x00'
Central,b'\xc8\x19\x00\x00\x00\x00\x00\x00',b'\x08\x00\x00\x00\x00\x00\x00\x00\x04\x00\x00\x00\x00\x00\x00\x00\x04\x00\x00\x00\x00\x00\x00\x00'
West,b'\xac\x14\x00\x00\x00\x00\x00\x00',b'\x08\x00\x00\x00\x00\x00\x00\x00\x04\x00\x00\x00\x00\x00\x00\x00\x03\x00\x00\x00\x00\x00\x00\x00\x02\x00\x00\x00\x00\x00\x00\x00'
East,b'\xfd\x1c\x00\x00\x00\x00\x00\x00',b'\x08\x00\x00\x00\x00\x00\x00\x00\x04\x00\x00\x00\x00\x00\x00\x00\x03\x00\x00\x00\x00\x00\x00\x00'
East,b'\xa4\x0c\x00\x00\x00\x00\x00\x00',b'\x08\x00\x00\x00\x00\x00\x00\x00\x04\x00\x00\x00\x00\x00\x00\x00\x03\x00\x00\x00\x00\x00\x00\x00'
West,b'\x9b\x08\x00\x00\x00\x00\x00\x00',b'\x08\x00\x00\x00\x00\x00\x00\x00\x04\x00\x00\x00\x00\x00\x00\x00\x03\x00\x00\x00\x00\x00\x00\x00'
West,b'q%\x00\x00\x00\x00\x00\x00',b'\x08\x00\x00\x00\x00\x00\x00\x00\x04\x00\x00\x00\x00\x00\x00\x00'
West,b'\xda\x08\x00\x00\x00\x00\x00\x00',b'\x08\x00\x00\x00\x00\x00\x00\x00\x04\x00\x00\x00\x00\x00\x00\x00'
South,"b',)\x00\x00\x00\x00\x00\x00'",b'\x08\x00\x00\x00\x00\x00\x00\x00\x04\x00\x00\x00\x00\x00\x00\x00'
West,b'\x13\n\x00\x00\x00\x00\x00\x00',b'\x08\x00\x00\x00\x00\x00\x00\x00\x04\x00\x00\x00\x00\x00\x00\x00'
West,b'R\x07\x00\x00\x00\x00\x00\x00',b'\x08\x00\x00\x00\x00\x00\x00\x00\x04\x00\x00\x00\x00\x00\x00\x00'
West,b'\xdd#\x00\x00\x00\x00\x00\x00',b'\x08\x00\x00\x00\x00\x00\x00\x00\x04\x00\x00\x00\x00\x00\x00\x00'
West,b'\xcf%\x00\x00\x00\x00\x00\x00',b'\x08\x00\x00\x00\x00\x00\x00\x00\x04\x00\x00\x00\x00\x00\x00\x00'
Central,b'\x87\x10\x00\x00\x00\x00\x00\x00',b'\x08\x00\x00\x00\x00\x00\x00\x00\x04\x00\x00\x00\x00\x00\x00\x00'
West,b'\xf8)\x00\x00\x00\x00\x00\x00',b'\x08\x00\x00\x00\x00\x00\x00\x00\x04\x00\x00\x00\x00\x00\x00\x00'
East,b'R$\x00\x00\x00\x00\x00\x00',b'\x08\x00\x00\x00\x00\x00\x00\x00\x04\x00\x00\x00\x00\x00\x00\x00'
West,b'B\x0c\x00\x00\x00\x00\x00\x00',b'\x08\x00\x00\x00\x00\x00\x00\x00\x03\x00\x00\x00\x00\x00\x00\x00\x08\x00\x00\x00\x00\x00\x00\x00\x05\x00\x00\x00\x00\x00\x00\x00\x03\x00\x00\x00\x00\x00\x00\x00\x01\x00\x00\x00\x00\x00\x00\x00'
East,b'\xe6\x15\x00\x00\x00\x00\x00\x00',b'\x08\x00\x00\x00\x00\x00\x00\x00\x03\x00\x00\x00\x00\x00\x00\x00\x05\x00\x00\x00\x00\x00\x00\x00\x06\x00\x00\x00\x00\x00\x00\x00'
West,b'?\x0c\x00\x00\x00\x00\x00\x00',b'\x08\x00\x00\x00\x00\x00\x00\x00\x03\x00\x00\x00\x00\x00\x00\x00\x04\x00\x00\x00\x00\x00\x00\x00\x03\x00\x00\x00\x00\x00\x00\x00'
East,b'\xb4!\x00\x00\x00\x00\x00\x00',b'\x08\x00\x00\x00\x00\x00\x00\x00\x03\x00\x00\x00\x00\x00\x00\x00\x04\x00\x00\x00\x00\x00\x00\x00\x02\x00\x00\x00\x00\x00\x00\x00'
East,b'\xd7&\x00\x00\x00\x00\x00\x00',b'\x08\x00\x00\x00\x00\x00\x00\x00\x03\x00\x00\x00\x00\x00\x00\x00\x04\x00\x00\x00\x00\x00\x00\x00\x02\x00\x00\x00\x00\x00\x00\x00'
West,b'g\x08\x00\x00\x00\x00\x00\x00',b'\x08\x00\x00\x00\x00\x00\x00\x00\x03\x00\x00\x00\x00\x00\x00\x00\x03\x00\x00\x00\x00\x00\x00\x00\x05\x00\x00\x00\x00\x00\x00\x00'
East,b'\x11\x02\x00\x00\x00\x00\x00\x00',b'\x08\x00\x00\x00\x00\x00\x00\x00\x03\x00\x00\x00\x00\x00\x00\x00\x03\x00\x00\x00\x00\x00\x00\x00\x02\x00\x00\x00\x00\x00\x00\x00\x02\x00\x00\x00\x00\x00\x00\x00'
West,b'>\x16\x00\x00\x00\x00\x00\x00',b'\x08\x00\x00\x00\x00\x00\x00\x00\x03\x00\x00\x00\x00\x00\x00\x00\x03\x00\x00\x00\x00\x00\x00\x00\x02\x00\x00\x00\x00\x00\x00\x00'
Central,b'\x0e!\x00\x00\x00\x00\x00\x00',b'\x08\x00\x00\x00\x00\x00\x00\x00\x03\x00\x00\x00\x00\x00\x00\x00\x03\x00\x00\x00\x00\x00\x00\x00\x01\x00\x00\x00\x00\x00\x00\x00\x02\x00\x00\x00\x00\x00\x00\x00'
East,b'l\x1a\x00\x00\x00\x00\x00\x00',b'\x08\x00\x00\x00\x00\x00\x00\x00\x03\x00\x00\x00\x00\x00\x00\x00\x03\x00\x00\x00\x00\x00\x00\x00\x01\x00\x00\x00\x00\x00\x00\x00'
East,b'=\x00\x00\x00\x00\x00\x00\x00',b'\x08\x00\x00\x00\x00\x00\x00\x00\x03\x00\x00\x00\x00\x00\x00\x00\x02\x00\x00\x00\x00\x00\x00\x00\x03\x00\x00\x00\x00\x00\x00\x00'
West,b'\x17\x0b\x00\x00\x00\x00\x00\x00',b'\x08\x00\x00\x00\x00\x00\x00\x00\x03\x00\x00\x00\x00\x00\x00\x00\x02\x00\x00\x00\x00\x00\x00\x00'
West,b'\xc9$\x00\x00\x00\x00\x00\x00',b'\x08\x00\x00\x00\x00\x00\x00\x00\x03\x00\x00\x00\x00\x00\x00\x00\x02\x00\x00\x00\x00\x00\x00\x00'
West,b'p\x1c\x00\x00\x00\x00\x00\x00',b'\x08\x00\x00\x00\x00\x00\x00\x00\x03\x00\x00\x00\x00\x00\x00\x00\x02\x00\x00\x00\x00\x00\x00\x00'
East,b'\xb9\x18\x00\x00\x00\x00\x00\x00',b'\x08\x00\x00\x00\x00\x00\x00\x00\x03\x00\x00\x00\x00\x00\x00\x00'
East,b'\xf3\x06\x00\x00\x00\x00\x00\x00',b'\x08\x00\x00\x00\x00\x00\x00\x00\x03\x00\x00\x00\x00\x00\x00\x00'
West,b'\x81\x1b\x00\x00\x00\x00\x00\x00',b'\x08\x00\x00\x00\x00\x00\x00\x00\x03\x00\x00\x00\x00\x00\x00\x00'
East,b'h\x1d\x00\x00\x00\x00\x00\x00',b'\x08\x00\x00\x00\x00\x00\x00\x00\x03\x00\x00\x00\x00\x00\x00\x00'
West,"b""\xaa'\x00\x00\x00\x00\x00\x00""",b'\x08\x00\x00\x00\x00\x00\x00\x00\x03\x00\x00\x00\x00\x00\x00\x00'
Central,b'\x05\x18\x00\x00\x00\x00\x00\x00',b'\x08\x00\x00\x00\x00\x00\x00\x00\x03\x00\x00\x00\x00\x00\x00\x00'
West,b'%\x16\x00\x00\x00\x00\x00\x00',b'\x08\x00\x00\x00\x00\x00\x00\x00\x03\x00\x00\x00\x00\x00\x00\x00'
East,b'\xd6\x1c\x00\x00\x00\x00\x00\x00',b'\x08\x00\x00\x00\x00\x00\x00\x00\x03\x00\x00\x00\x00\x00\x00\x00'
West,b'\xbd\x19\x00\x00\x00\x00\x00\x00',b'\x08\x00\x00\x00\x00\x00\x00\x00\x03\x00\x00\x00\x00\x00\x00\x00'
Central,b'\x88\x18\x00\x00\x00\x00\x00\x00',b'\x08\x00\x00\x00\x00\x00\x00\x00\x03\x00\x00\x00\x00\x00\x00\x00'
East,b'\x9c\x00\x00\x00\x00\x00\x00\x00',b'\x08\x00\x00\x00\x00\x00\x00\x00\x03\x00\x00\x00\x00\x00\x00\x00'
West,b'\x89\t\x00\x00\x00\x00\x00\x00',b'\x08\x00\x00\x00\x00\x00\x00\x00\x03\x00\x00\x00\x00\x00\x00\x00'
Central,b'\xe3%\x00\x00\x00\x00\x00\x00',b'\x08\x00\x00\x00\x00\x00\x00\x00\x03\x00\x00\x00\x00\x00\x00\x00'
South,b'T\x1f\x00\x00\x00\x00\x00\x00',b'\x08\x00\x00\x00\x00\x00\x00\x00\x03\x00\x00\x00\x00\x00\x00\x00'
West,b'\xf5\x15\x00\x00\x00\x00\x00\x00',b'\x08\x00\x00\x00\x00\x00\x00\x00\x03\x00\x00\x00\x00\x00\x00\x00'
East,b'\xbd\x07\x00\x00\x00\x00\x00\x00',b'\x08\x00\x00\x00\x00\x00\x00\x00\x03\x00\x00\x00\x00\x00\x00\x00'
West,b'\x82&\x00\x00\x00\x00\x00\x00',b'\x08\x00\x00\x00\x00\x00\x00\x00\x03\x00\x00\x00\x00\x00\x00\x00'
Central,b'b\t\x00\x00\x00\x00\x00\x00',b'\x08\x00\x00\x00\x00\x00\x00\x00\x03\x00\x00\x00\x00\x00\x00\x00'
South,b'\x02\x1a\x00\x00\x00\x00\x00\x00',b'\x08\x00\x00\x00\x00\x00\x00\x00\x03\x00\x00\x00\x00\x00\x00\x00'
East,"b""@'\x00\x00\x00\x00\x00\x00""",b'\x08\x00\x00\x00\x00\x00\x00\x00\x02\x00\x00\x00\x00\x00\x00\x00\x06\x00\x00\x00\x00\x00\x00\x00'
South,b'\xfe\x10\x00\x00\x00\x00\x00\x00',b'\x08\x00\x00\x00\x00\x00\x00\x00\x02\x00\x00\x00\x00\x00\x00\x00\x05\x00\x00\x00\x00\x00\x00\x00'
West,b'\x84\x06\x00\x00\x00\x00\x00\x00',b'\x08\x00\x00\x00\x00\x00\x00\x00\x02\x00\x00\x00\x00\x00\x00\x00\x04\x00\x00\x00\x00\x00\x00\x00'
South,b'\x12\x05\x00\x00\x00\x00\x00\x00',b'\x08\x00\x00\x00\x00\x00\x00\x00\x02\x00\x00\x00\x00\x00\x00\x00\x03\x00\x00\x00\x00\x00\x00\x00\x03\x00\x00\x00\x00\x00\x00\x00'
East,b'\x8c\x0c\x00\x00\x00\x00\x00\x00',b'\x08\x00\x00\x00\x00\x00\x00\x00\x02\x00\x00\x00\x00\x00\x00\x00\x03\x00\x00\x00\x00\x00\x00\x00\x02\x00\x00\x00\x00\x00\x00\x00\x03\x00\x00\x00\x00\x00\x00\x00'
West,b'\xe0 \x00\x00\x00\x00\x00\x00',b'\x08\x00\x00\x00\x00\x00\x00\x00\x02\x00\x00\x00\x00\x00\x00\x00\x03\x00\x00\x00\x00\x00\x00\x00'
East,b'\xd7\x01\x00\x00\x00\x00\x00\x00',b'\x08\x00\x00\x00\x00\x00\x00\x00\x02\x00\x00\x00\x00\x00\x00\x00\x02\x00\x00\x00\x00\x00\x00\x00'
East,b'1 \x00\x00\x00\x00\x00\x00',b'\x08\x00\x00\x00\x00\x00\x00\x00\x02\x00\x00\x00\x00\x00\x00\x00\x02\x00\x00\x00\x00\x00\x00\x00'
West,b'\xdf!\x00\x00\x00\x00\x00\x00',b'\x08\x00\x00\x00\x00\x00\x00\x00\x02\x00\x00\x00\x00\x00\x00\x00\x02\x00\x00\x00\x00\x00\x00\x00'
East,b'\xfe\x1c\x00\x00\x00\x00\x00\x00',b'\x08\x00\x00\x00\x00\x00\x00\x00\x02\x00\x00\x00\x00\x00\x00\x00\x02\x00\x00\x00\x00\x00\x00\x00'
West,b'R)\x00\x00\x00\x00\x00\x00',b'\x08\x00\x00\x00\x00\x00\x00\x00\x02\x00\x00\x00\x00\x00\x00\x00\x02\x00\x00\x00\x00\x00\x00\x00'
East,b'\x08\x00\x00\x00\x00\x00\x00\x00',b'\x08\x00\x00\x00\x00\x00\x00\x00\x02\x00\x00\x00\x00\x00\x00\x00\x02\x00\x00\x00\x00\x00\x00\x00'
West,b'\xb0%\x00\x00\x00\x00\x00\x00',b'\x08\x00\x00\x00\x00\x00\x00\x00\x02\x00\x00\x00\x00\x00\x00\x00\x02\x00\x00\x00\x00\x00\x00\x00'
Central,b'n\x13\x00\x00\x00\x00\x00\x00',b'\x08\x00\x00\x00\x00\x00\x00\x00\x02\x00\x00\x00\x00\x00\x00\x00'
West,"b',\n\x00\x00\x00\x00\x00\x00'",b'\x08\x00\x00\x00\x00\x00\x00\x00\x02\x00\x00\x00\x00\x00\x00\x00'
South,b'\x85\x1f\x00\x00\x00\x00\x00\x00',b'\x08\x00\x00\x00\x00\x00\x00\x00\x02\x00\x00\x00\x00\x00\x00\x00'
East,b'\xf7\x13\x00\x00\x00\x00\x00\x00',b'\x08\x00\x00\x00\x00\x00\x00\x00\x02\x00\x00\x00\x00\x00\x00\x00'
Central,b'\xee\x04\x00\x00\x00\x00\x00\x00',b'\x08\x00\x00\x00\x00\x00\x00\x00\x02\x00\x00\x00\x00\x00\x00\x00'
South,b'\x9f\x16\x00\x00\x00\x00\x00\x00',b'\x08\x00\x00\x00\x00\x00\x00\x00\x02\x00\x00\x00\x00\x00\x00\x00'
Central,b'\xb9\x10\x00\x00\x00\x00\x00\x00',b'\x08\x00\x00\x00\x00\x00\x00\x00\x02\x00\x00\x00\x00\x00\x00\x00'
Central,b'\xee\x15\x00\x00\x00\x00\x00\x00',b'\x08\x00\x00\x00\x00\x00\x00\x00\x02\x00\x00\x00\x00\x00\x00\x00'
Central,b'\xa6 \x00\x00\x00\x00\x00\x00',b'\x08\x00\x00\x00\x00\x00\x00\x00\x02\x00\x00\x00\x00\x00\x00\x00'
South,b'\x1e\x04\x00\x00\x00\x00\x00\x00',b'\x08\x00\x00\x00\x00\x00\x00\x00\x02\x00\x00\x00\x00\x00\x00\x00'
South,b'\xb6\x1d\x00\x00\x00\x00\x00\x00',b'\x08\x00\x00\x00\x00\x00\x00\x00\x02\x00\x00\x00\x00\x00\x00\x00'
Central,b'\x11\x04\x00\x00\x00\x00\x00\x00',b'\x08\x00\x00\x00\x00\x00\x00\x00\x02\x00\x00\x00\x00\x00\x00\x00'
Central,b'k(\x00\x00\x00\x00\x00\x00',b'\x08\x00\x00\x00\x00\x00\x00\x00\x02\x00\x00\x00\x00\x00\x00\x00'
South,b'\xe2\x1b\x00\x00\x00\x00\x00\x00',b'\x08\x00\x00\x00\x00\x00\x00\x00\x02\x00\x00\x00\x00\x00\x00\x00'
Central,b'\xae%\x00\x00\x00\x00\x00\x00',b'\x08\x00\x00\x00\x00\x00\x00\x00\x02\x00\x00\x00\x00\x00\x00\x00'
East,b'B \x00\x00\x00\x00\x00\x00',b'\x08\x00\x00\x00\x00\x00\x00\x00\x02\x00\x00\x00\x00\x00\x00\x00'
Central,b'\xfd#\x00\x00\x00\x00\x00\x00',b'\x08\x00\x00\x00\x00\x00\x00\x00\x02\x00\x00\x00\x00\x00\x00\x00'
West,b'\x01\x16\x00\x00\x00\x00\x00\x00',b'\x08\x00\x00\x00\x00\x00\x00\x00\x02\x00\x00\x00\x00\x00\x00\x00'
East,b'\x19\x1c\x00\x00\x00\x00\x00\x00',b'\x08\x00\x00\x00\x00\x00\x00\x00\x02\x00\x00\x00\x00\x00\x00\x00'
West,b'\x1c\x00\x00\x00\x00\x00\x00\x00',b'\x08\x00\x00\x00\x00\x00\x00\x00\x02\x00\x00\x00\x00\x00\x00\x00'
Central,b'\xe1!\x00\x00\x00\x00\x00\x00',b'\x08\x00\x00\x00\x00\x00\x00\x00\x02\x00\x00\x00\x00\x00\x00\x00'
West,b'\x9b\x1d\x00\x00\x00\x00\x00\x00',b'\x08\x00\x00\x00\x00\x00\x00\x00\x02\x00\x00\x00\x00\x00\x00\x00'
Central,b'\\$\x00\x00\x00\x00\x00\x00',b'\x08\x00\x00\x00\x00\x00\x00\x00\x02\x00\x00\x00\x00\x00\x00\x00'
Central,b'U\x01\x00\x00\x00\x00\x00\x00',b'\x08\x00\x00\x00\x00\x00\x00\x00\x02\x00\x00\x00\x00\x00\x00\x00'
West,b'M\x07\x00\x00\x00\x00\x00\x00',b'\x08\x00\x00\x00\x00\x00\x00\x00\x01\x00\x00\x00\x00\x00\x00\x00\x03\x00\x00\x00\x00\x00\x00\x00'
West,b'\x84\x00\x00\x00\x00\x00\x00\x00',b'\x08\x00\x00\x00\x00\x00\x00\x00\x01\x00\x00\x00\x00\x00\x00\x00'
South,b'\xb6\x10\x00\x00\x00\x00\x00\x00',b'\x08\x00\x00\x00\x00\x00\x00\x00\x01\x00\x00\x00\x00\x00\x00\x00'
Central,b'd \x00\x00\x00\x00\x00\x00',b'\x08\x00\x00\x00\x00\x00\x00\x00\x01\x00\x00\x00\x00\x00\x00\x00'
Central,b'\x17\x0b\x00\x00\x00\x00\x00\x00',b'\x08\x00\x00\x00\x00\x00\x00\x00\x01\x00\x00\x00\x00\x00\x00\x00'
South,b'O\x01\x00\x00\x00\x00\x00\x00',b'\x08\x00\x00\x00\x00\x00\x00\x00\x01\x00\x00\x00\x00\x00\x00\x00'
West,b'\xc5\x1a\x00\x00\x00\x00\x00\x00',b'\x08\x00\x00\x00\x00\x00\x00\x00\x01\x00\x00\x00\x00\x00\x00\x00'
West,b'~)\x00\x00\x00\x00\x00\x00',b'\x08\x00\x00\x00\x00\x00\x00\x00\x01\x00\x00\x00\x00\x00\x00\x00'
East,"b'\x8f""\x00\x00\x00\x00\x00\x00'",b'\x08\x00\x00\x00\x00\x00\x00\x00'
South,b'\xa9\t\x00\x00\x00\x00\x00\x00',b'\x08\x00\x00\x00\x00\x00\x00\x00'
East,b'\xf8\x08\x00\x00\x00\x00\x00\x00',b'\x08\x00\x00\x00\x00\x00\x00\x00'
East,b'\xa0!\x00\x00\x00\x00\x00\x00',b'\x08\x00\x00\x00\x00\x00\x00\x00'
Central,b'\x84\x00\x00\x00\x00\x00\x00\x00',b'\x08\x00\x00\x00\x00\x00\x00\x00'
East,b'}\x01\x00\x00\x00\x00\x00\x00',b'\x08\x00\x00\x00\x00\x00\x00\x00'
West,b'\x8f\x08\x00\x00\x00\x00\x00\x00',b'\x08\x00\x00\x00\x00\x00\x00\x00'
South,b'z$\x00\x00\x00\x00\x00\x00',b'\x08\x00\x00\x00\x00\x00\x00\x00'
South,b'\x1e\x0f\x00\x00\x00\x00\x00\x00',b'\x08\x00\x00\x00\x00\x00\x00\x00'
Central,b'\xd8\x1a\x00\x00\x00\x00\x00\x00',b'\x08\x00\x00\x00\x00\x00\x00\x00'
East,b'\xba\x14\x00\x00\x00\x00\x00\x00',b'\x08\x00\x00\x00\x00\x00\x00\x00'
East,b'\xa7\x03\x00\x00\x00\x00\x00\x00',b'\x08\x00\x00\x00\x00\x00\x00\x00'
East,b'1\x1f\x00\x00\x00\x00\x00\x00',b'\x08\x00\x00\x00\x00\x00\x00\x00'
West,b'\xee\x05\x00\x00\x00\x00\x00\x00',b'\x08\x00\x00\x00\x00\x00\x00\x00'
West,b'\x84\x02\x00\x00\x00\x00\x00\x00',b'\x08\x00\x00\x00\x00\x00\x00\x00'
Central,b'\xc0$\x00\x00\x00\x00\x00\x00',b'\x08\x00\x00\x00\x00\x00\x00\x00'
East,b'\x7f\x0b\x00\x00\x00\x00\x00\x00',b'\x08\x00\x00\x00\x00\x00\x00\x00'
Central,b'\xe7#\x00\x00\x00\x00\x00\x00',b'\x08\x00\x00\x00\x00\x00\x00\x00'
East,"b""\xb1'\x00\x00\x00\x00\x00\x00""",b'\x08\x00\x00\x00\x00\x00\x00\x00'
East,b'6\x06\x00\x00\x00\x00\x00\x00',b'\x08\x00\x00\x00\x00\x00\x00\x00'
Central,b'}!\x00\x00\x00\x00\x00\x00',b'\x08\x00\x00\x00\x00\x00\x00\x00'
Central,b'\x7f\x00\x00\x00\x00\x00\x00\x00',b'\x08\x00\x00\x00\x00\x00\x00\x00'
East,b'\xae\x10\x00\x00\x00\x00\x00\x00',b'\x08\x00\x00\x00\x00\x00\x00\x00'
West,b'n\x05\x00\x00\x00\x00\x00\x00',b'\x08\x00\x00\x00\x00\x00\x00\x00'
South,b'G(\x00\x00\x00\x00\x00\x00',b'\x08\x00\x00\x00\x00\x00\x00\x00'
West,b';\x1e\x00\x00\x00\x00\x00\x00',b'\x08\x00\x00\x00\x00\x00\x00\x00'
South,b'\xf1\t\x00\x00\x00\x00\x00\x00',b'\x08\x00\x00\x00\x00\x00\x00\x00'
South,b'\xce\x04\x00\x00\x00\x00\x00\x00',b'\x08\x00\x00\x00\x00\x00\x00\x00'
South,b'\x15\x0b\x00\x00\x00\x00\x00\x00',b'\x08\x00\x00\x00\x00\x00\x00\x00'
East,"b'\x83""\x00\x00\x00\x00\x00\x00'",b'\x08\x00\x00\x00\x00\x00\x00\x00'
West,b'\x87\x06\x00\x00\x00\x00\x00\x00',b'\x08\x00\x00\x00\x00\x00\x00\x00'
Central,b'\x0c\r\x00\x00\x00\x00\x00\x00',b'\x08\x00\x00\x00\x00\x00\x00\x00'
Central,b'!$\x00\x00\x00\x00\x00\x00',b'\x08\x00\x00\x00\x00\x00\x00\x00'
West,b'G\x1a\x00\x00\x00\x00\x00\x00',b'\x08\x00\x00\x00\x00\x00\x00\x00'
Central,b'\xea\x1d\x00\x00\x00\x00\x00\x00',b'\x08\x00\x00\x00\x00\x00\x00\x00'
East,b'\xf3\x1f\x00\x00\x00\x00\x00\x00',b'\x08\x00\x00\x00\x00\x00\x00\x00'
West,b'\xc3\x1a\x00\x00\x00\x00\x00\x00',b'\x08\x00\x00\x00\x00\x00\x00\x00'
East,b'u\x10\x00\x00\x00\x00\x00\x00',b'\x08\x00\x00\x00\x00\x00\x00\x00'
South,b'0\x1f\x00\x00\x00\x00\x00\x00',b'\x08\x00\x00\x00\x00\x00\x00\x00'
South,b'j&\x00\x00\x00\x00\x00\x00',b'\x08\x00\x00\x00\x00\x00\x00\x00'
Central,b'J\x07\x00\x00\x00\x00\x00\x00',b'\x08\x00\x00\x00\x00\x00\x00\x00'
South,"b'f""\x00\x00\x00\x00\x00\x00'",b'\x08\x00\x00\x00\x00\x00\x00\x00'
South,b'a\x1e\x00\x00\x00\x00\x00\x00',b'\x08\x00\x00\x00\x00\x00\x00\x00'
South,b'\xd9\x04\x00\x00\x00\x00\x00\x00',b'\x08\x00\x00\x00\x00\x00\x00\x00'
West,b'y\x18\x00\x00\x00\x00\x00\x00',b'\x08\x00\x00\x00\x00\x00\x00\x00'
South,b'^)\x00\x00\x00\x00\x00\x00',b'\x08\x00\x00\x00\x00\x00\x00\x00'
South,b'\xd8\x05\x00\x00\x00\x00\x00\x00',b'\x08\x00\x00\x00\x00\x00\x00\x00'
East,b'\x1e\x0f\x00\x00\x00\x00\x00\x00',b'\x08\x00\x00\x00\x00\x00\x00\x00'
East,b'\xc8\x19\x00\x00\x00\x00\x00\x00',b'\x08\x00\x00\x00\x00\x00\x00\x00'
East,b'\xe4\x1f\x00\x00\x00\x00\x00\x00',b'\x08\x00\x00\x00\x00\x00\x00\x00'
East,"b'\x1d""\x00\x00\x00\x00\x00\x00'",b'\x08\x00\x00\x00\x00\x00\x00\x00'
East,b'N\x15\x00\x00\x00\x00\x00\x00',b'\x08\x00\x00\x00\x00\x00\x00\x00'
East,b'\xcb\x10\x00\x00\x00\x00\x00\x00',b'\x08\x00\x00\x00\x00\x00\x00\x00'
East,b'\xe3$\x00\x00\x00\x00\x00\x00',b'\x08\x00\x00\x00\x00\x00\x00\x00'
East,b'\xcd\x06\x00\x00\x00\x00\x00\x00',b'\x08\x00\x00\x00\x00\x00\x00\x00'
South,b'\\\x01\x00\x00\x00\x00\x00\x00',b'\x08\x00\x00\x00\x00\x00\x00\x00'
South,b'Z\n\x00\x00\x00\x00\x00\x00',b'\x08\x00\x00\x00\x00\x00\x00\x00'
East,b'\xcf&\x00\x00\x00\x00\x00\x00',b'\x08\x00\x00\x00\x00\x00\x00\x00'
West,"b""a'\x00\x00\x00\x00\x00\x00""",b'\x08\x00\x00\x00\x00\x00\x00\x00'
South,b'\xc1%\x00\x00\x00\x00\x00\x00',b'\x08\x00\x00\x00\x00\x00\x00\x00'
Central,b'G(\x00\x00\x00\x00\x00\x00',b'\x08\x00\x00\x00\x00\x00\x00\x00'
East,b'\xc3 \x00\x00\x00\x00\x00\x00',b'\x08\x00\x00\x00\x00\x00\x00\x00'
Central,b'>\x0b\x00\x00\x00\x00\x00\x00',b'\x08\x00\x00\x00\x00\x00\x00\x00'
South,b'+%\x00\x00\x00\x00\x00\x00',b'\x08\x00\x00\x00\x00\x00\x00\x00'
Central,b'k\x0f\x00\x00\x00\x00\x00\x00',b'\x08\x00\x00\x00\x00\x00\x00\x00'
West,b'\x7f\x08\x00\x00\x00\x00\x00\x00',b'\x08\x00\x00\x00\x00\x00\x00\x00'
Central,b'\xa8&\x00\x00\x00\x00\x00\x00',b'\x08\x00\x00\x00\x00\x00\x00\x00'
South,b'()\x00\x00\x00\x00\x00\x00',b'\x08\x00\x00\x00\x00\x00\x00\x00'
West,b'\xc9\x16\x00\x00\x00\x00\x00\x00',b'\x08\x00\x00\x00\x00\x00\x00\x00'
West,b'}$\x00\x00\x00\x00\x00\x00',b'\x08\x00\x00\x00\x00\x00\x00\x00'
South,b'(\x03\x00\x00\x00\x00\x00\x00',b'\x08\x00\x00\x00\x00\x00\x00\x00'
West,b'\x7f\x1e\x00\x00\x00\x00\x00\x00',b'\x08\x00\x00\x00\x00\x00\x00\x00'
East,b'\xec\x00\x00\x00\x00\x00\x00\x00',b'\x08\x00\x00\x00\x00\x00\x00\x00'
Central,b'\xa7\x03\x00\x00\x00\x00\x00\x00',b'\x08\x00\x00\x00\x00\x00\x00\x00'
Central,b'\xfe%\x00\x00\x00\x00\x00\x00',b'\x08\x00\x00\x00\x00\x00\x00\x00'
East,b'\r\x13\x00\x00\x00\x00\x00\x00',b'\x08\x00\x00\x00\x00\x00\x00\x00'
Central,b'\xbe\x0b\x00\x00\x00\x00\x00\x00',b'\x07\x00\x00\x00\x00\x00\x00\x00\x0e\x00\x00\x00\x00\x00\x00\x00\x06\x00\x00\x00\x00\x00\x00\x00'
West,b'#\x10\x00\x00\x00\x00\x00\x00',b'\x07\x00\x00\x00\x00\x00\x00\x00\x0e\x00\x00\x00\x00\x00\x00\x00'
Central,b'u)\x00\x00\x00\x00\x00\x00',b'\x07\x00\x00\x00\x00\x00\x00\x00\n\x00\x00\x00\x00\x00\x00\x00'
East,b'\xd3\x03\x00\x00\x00\x00\x00\x00',b'\x07\x00\x00\x00\x00\x00\x00\x00\t\x00\x00\x00\x00\x00\x00\x00\x07\x00\x00\x00\x00\x00\x00\x00\x03\x00\x00\x00\x00\x00\x00\x00\x03\x00\x00\x00\x00\x00\x00\x00'
East,b'\x08\x16\x00\x00\x00\x00\x00\x00',b'\x07\x00\x00\x00\x00\x00\x00\x00\t\x00\x00\x00\x00\x00\x00\x00\x05\x00\x00\x00\x00\x00\x00\x00\x03\x00\x00\x00\x00\x00\x00\x00'
East,b'\x12\x03\x00\x00\x00\x00\x00\x00',b'\x07\x00\x00\x00\x00\x00\x00\x00\t\x00\x00\x00\x00\x00\x00\x00\x03\x00\x00\x00\x00\x00\x00\x00'
South,b'\xe9\x01\x00\x00\x00\x00\x00\x00',b'\x07\x00\x00\x00\x00\x00\x00\x00\t\x00\x00\x00\x00\x00\x00\x00\x02\x00\x00\x00\x00\x00\x00\x00'
West,b'\x0f\x11\x00\x00\x00\x00\x00\x00',b'\x07\x00\x00\x00\x00\x00\x00\x00\t\x00\x00\x00\x00\x00\x00\x00\x01\x00\x00\x00\x00\x00\x00\x00'
West,b'\x10\x19\x00\x00\x00\x00\x00\x00',b'\x07\x00\x00\x00\x00\x00\x00\x00\x08\x00\x00\x00\x00\x00\x00\x00\x07\x00\x00\x00\x00\x00\x00\x00\x06\x00\x00\x00\x00\x00\x00\x00'
West,b'=\x0f\x00\x00\x00\x00\x00\x00',b'\x07\x00\x00\x00\x00\x00\x00\x00\x08\x00\x00\x00\x00\x00\x00\x00\x05\x00\x00\x00\x00\x00\x00\x00\x02\x00\x00\x00\x00\x00\x00\x00\x05\x00\x00\x00\x00\x00\x00\x00'
Central,b'\xd0\x17\x00\x00\x00\x00\x00\x00',b'\x07\x00\x00\x00\x00\x00\x00\x00\x08\x00\x00\x00\x00\x00\x00\x00\x04\x00\x00\x00\x00\x00\x00\x00'
South,b'K$\x00\x00\x00\x00\x00\x00',b'\x07\x00\x00\x00\x00\x00\x00\x00\x08\x00\x00\x00\x00\x00\x00\x00\x03\x00\x00\x00\x00\x00\x00\x00\x03\x00\x00\x00\x00\x00\x00\x00'
East,b'\xf6\x08\x00\x00\x00\x00\x00\x00',b'\x07\x00\x00\x00\x00\x00\x00\x00\x08\x00\x00\x00\x00\x00\x00\x00\x02\x00\x00\x00\x00\x00\x00\x00\x03\x00\x00\x00\x00\x00\x00\x00\x07\x00\x00\x00\x00\x00\x00\x00\x04\x00\x00\x00\x00\x00\x00\x00'
East,"b""\x03'\x00\x00\x00\x00\x00\x00""",b'\x07\x00\x00\x00\x00\x00\x00\x00\x08\x00\x00\x00\x00\x00\x00\x00\x02\x00\x00\x00\x00\x00\x00\x00\x03\x00\x00\x00\x00\x00\x00\x00\x07\x00\x00\x00\x00\x00\x00\x00\x04\x00\x00\x00\x00\x00\x00\x00'
West,"b""\x0c'\x00\x00\x00\x00\x00\x00""",b'\x07\x00\x00\x00\x00\x00\x00\x00\x08\x00\x00\x00\x00\x00\x00\x00\x02\x00\x00\x00\x00\x00\x00\x00\x02\x00\x00\x00\x00\x00\x00\x00'
East,b'\x94\x06\x00\x00\x00\x00\x00\x00',b'\x07\x00\x00\x00\x00\x00\x00\x00\x08\x00\x00\x00\x00\x00\x00\x00\x02\x00\x00\x00\x00\x00\x00\x00'
South,b'\xe1&\x00\x00\x00\x00\x00\x00',b'\x07\x00\x00\x00\x00\x00\x00\x00\x08\x00\x00\x00\x00\x00\x00\x00'
South,b'\x1d%\x00\x00\x00\x00\x00\x00',b'\x07\x00\x00\x00\x00\x00\x00\x00\x08\x00\x00\x00\x00\x00\x00\x00'
Central,b'\xf6\x01\x00\x00\x00\x00\x00\x00',b'\x07\x00\x00\x00\x00\x00\x00\x00\x08\x00\x00\x00\x00\x00\x00\x00'
West,b'\xb7\x14\x00\x00\x00\x00\x00\x00',b'\x07\x00\x00\x00\x00\x00\x00\x00\x08\x00\x00\x00\x00\x00\x00\x00'
West,b'W\x02\x00\x00\x00\x00\x00\x00',b'\x07\x00\x00\x00\x00\x00\x00\x00\x07\x00\x00\x00\x00\x00\x00\x00\x06\x00\x00\x00\x00\x00\x00\x00'
West,b'z\r\x00\x00\x00\x00\x00\x00',b'\x07\x00\x00\x00\x00\x00\x00\x00\x07\x00\x00\x00\x00\x00\x00\x00\x05\x00\x00\x00\x00\x00\x00\x00\x03\x00\x00\x00\x00\x00\x00\x00\x03\x00\x00\x00\x00\x00\x00\x00'
East,b'l\x11\x00\x00\x00\x00\x00\x00',b'\x07\x00\x00\x00\x00\x00\x00\x00\x07\x00\x00\x00\x00\x00\x00\x00\x04\x00\x00\x00\x00\x00\x00\x00\x02\x00\x00\x00\x00\x00\x00\x00'
Central,b'\xdc\t\x00\x00\x00\x00\x00\x00',b'\x07\x00\x00\x00\x00\x00\x00\x00\x07\x00\x00\x00\x00\x00\x00\x00\x04\x00\x00\x00\x00\x00\x00\x00'
Central,b'\n\r\x00\x00\x00\x00\x00\x00',b'\x07\x00\x00\x00\x00\x00\x00\x00\x07\x00\x00\x00\x00\x00\x00\x00\x02\x00\x00\x00\x00\x00\x00\x00\x03\x00\x00\x00\x00\x00\x00\x00'
Central,b'\xde \x00\x00\x00\x00\x00\x00',b'\x07\x00\x00\x00\x00\x00\x00\x00\x07\x00\x00\x00\x00\x00\x00\x00\x02\x00\x00\x00\x00\x00\x00\x00\x03\x00\x00\x00\x00\x00\x00\x00'
West,b'u)\x00\x00\x00\x00\x00\x00',b'\x07\x00\x00\x00\x00\x00\x00\x00\x07\x00\x00\x00\x00\x00\x00\x00\x02\x00\x00\x00\x00\x00\x00\x00\x02\x00\x00\x00\x00\x00\x00\x00'
East,b'9\x1c\x00\x00\x00\x00\x00\x00',b'\x07\x00\x00\x00\x00\x00\x00\x00\x07\x00\x00\x00\x00\x00\x00\x00\x02\x00\x00\x00\x00\x00\x00\x00'
South,b'\xab\x0c\x00\x00\x00\x00\x00\x00',b'\x07\x00\x00\x00\x00\x00\x00\x00\x07\x00\x00\x00\x00\x00\x00\x00\x01\x00\x00\x00\x00\x00\x00\x00\x03\x00\x00\x00\x00\x00\x00\x00'
West,b'u\x02\x00\x00\x00\x00\x00\x00',b'\x07\x00\x00\x00\x00\x00\x00\x00\x07\x00\x00\x00\x00\x00\x00\x00\x01\x00\x00\x00\x00\x00\x00\x00\x01\x00\x00\x00\x00\x00\x00\x00'
West,b'\xff\x02\x00\x00\x00\x00\x00\x00',b'\x07\x00\x00\x00\x00\x00\x00\x00\x07\x00\x00\x00\x00\x00\x00\x00\x01\x00\x00\x00\x00\x00\x00\x00\x01\x00\x00\x00\x00\x00\x00\x00'
West,b'\x15\x0e\x00\x00\x00\x00\x00\x00',b'\x07\x00\x00\x00\x00\x00\x00\x00\x07\x00\x00\x00\x00\x00\x00\x00'
Central,"b""\x1c'\x00\x00\x00\x00\x00\x00""",b'\x07\x00\x00\x00\x00\x00\x00\x00\x07\x00\x00\x00\x00\x00\x00\x00'
South,b'\x86\x1d\x00\x00\x00\x00\x00\x00',b'\x07\x00\x00\x00\x00\x00\x00\x00\x07\x00\x00\x00\x00\x00\x00\x00'
Central,b'9\x1c\x00\x00\x00\x00\x00\x00',b'\x07\x00\x00\x00\x00\x00\x00\x00\x07\x00\x00\x00\x00\x00\x00\x00'
East,b'\xd6%\x00\x00\x00\x00\x00\x00',b'\x07\x00\x00\x00\x00\x00\x00\x00\x07\x00\x00\x00\x00\x00\x00\x00'
East,b'z\x19\x00\x00\x00\x00\x00\x00',b'\x07\x00\x00\x00\x00\x00\x00\x00\x07\x00\x00\x00\x00\x00\x00\x00'
Central,b's\x03\x00\x00\x00\x00\x00\x00',b'\x07\x00\x00\x00\x00\x00\x00\x00\x07\x00\x00\x00\x00\x00\x00\x00'
West,b'6(\x00\x00\x00\x00\x00\x00',b'\x07\x00\x00\x00\x00\x00\x00\x00\x07\x00\x00\x00\x00\x00\x00\x00'
South,b'`!\x00\x00\x00\x00\x00\x00',b'\x07\x00\x00\x00\x00\x00\x00\x00\x07\x00\x00\x00\x00\x00\x00\x00'
East,b'y%\x00\x00\x00\x00\x00\x00',b'\x07\x00\x00\x00\x00\x00\x00\x00\x07\x00\x00\x00\x00\x00\x00\x00'
Central,"b'K""\x00\x00\x00\x00\x00\x00'",b'\x07\x00\x00\x00\x00\x00\x00\x00\x07\x00\x00\x00\x00\x00\x00\x00'
East,b'\x00)\x00\x00\x00\x00\x00\x00',b'\x07\x00\x00\x00\x00\x00\x00\x00\x06\x00\x00\x00\x00\x00\x00\x00\x05\x00\x00\x00\x00\x00\x00\x00\x03\x00\x00\x00\x00\x00\x00\x00\x03\x00\x00\x00\x00\x00\x00\x00'
East,b'f\x1f\x00\x00\x00\x00\x00\x00',b'\x07\x00\x00\x00\x00\x00\x00\x00\x06\x00\x00\x00\x00\x00\x00\x00\x05\x00\x00\x00\x00\x00\x00\x00\x02\x00\x00\x00\x00\x00\x00\x00'
East,b'9&\x00\x00\x00\x00\x00\x00',b'\x07\x00\x00\x00\x00\x00\x00\x00\x06\x00\x00\x00\x00\x00\x00\x00\x03\x00\x00\x00\x00\x00\x00\x00\x02\x00\x00\x00\x00\x00\x00\x00'
Central,b'c\x14\x00\x00\x00\x00\x00\x00',b'\x07\x00\x00\x00\x00\x00\x00\x00\x06\x00\x00\x00\x00\x00\x00\x00\x02\x00\x00\x00\x00\x00\x00\x00\x05\x00\x00\x00\x00\x00\x00\x00\x03\x00\x00\x00\x00\x00\x00\x00\x02\x00\x00\x00\x00\x00\x00\x00'
South,b'R\x19\x00\x00\x00\x00\x00\x00',b'\x07\x00\x00\x00\x00\x00\x00\x00\x06\x00\x00\x00\x00\x00\x00\x00\x02\x00\x00\x00\x00\x00\x00\x00'
West,b' %\x00\x00\x00\x00\x00\x00',b'\x07\x00\x00\x00\x00\x00\x00\x00\x06\x00\x00\x00\x00\x00\x00\x00\x02\x00\x00\x00\x00\x00\x00\x00'
Central,"b""`'\x00\x00\x00\x00\x00\x00""",b'\x07\x00\x00\x00\x00\x00\x00\x00\x06\x00\x00\x00\x00\x00\x00\x00\x01\x00\x00\x00\x00\x00\x00\x00'
Central,b'3%\x00\x00\x00\x00\x00\x00',b'\x07\x00\x00\x00\x00\x00\x00\x00\x06\x00\x00\x00\x00\x00\x00\x00\x01\x00\x00\x00\x00\x00\x00\x00'
South,"b""\xbc'\x00\x00\x00\x00\x00\x00""",b'\x07\x00\x00\x00\x00\x00\x00\x00\x06\x00\x00\x00\x00\x00\x00\x00\x01\x00\x00\x00\x00\x00\x00\x00'
Central,b'Q\x13\x00\x00\x00\x00\x00\x00',b'\x07\x00\x00\x00\x00\x00\x00\x00\x06\x00\x00\x00\x00\x00\x00\x00'
West,b'\xc2\x16\x00\x00\x00\x00\x00\x00',b'\x07\x00\x00\x00\x00\x00\x00\x00\x06\x00\x00\x00\x00\x00\x00\x00'
Central,b'\xdf$\x00\x00\x00\x00\x00\x00',b'\x07\x00\x00\x00\x00\x00\x00\x00\x06\x00\x00\x00\x00\x00\x00\x00'
Central,b'\xdd\x13\x00\x00\x00\x00\x00\x00',b'\x07\x00\x00\x00\x00\x00\x00\x00\x06\x00\x00\x00\x00\x00\x00\x00'
East,b'u\x12\x00\x00\x00\x00\x00\x00',b'\x07\x00\x00\x00\x00\x00\x00\x00\x06\x00\x00\x00\x00\x00\x00\x00'
West,b'h\x00\x00\x00\x00\x00\x00\x00',b'\x07\x00\x00\x00\x00\x00\x00\x00\x06\x00\x00\x00\x00\x00\x00\x00'
East,b'm\x04\x00\x00\x00\x00\x00\x00',b'\x07\x00\x00\x00\x00\x00\x00\x00\x06\x00\x00\x00\x00\x00\x00\x00'
South,b'o\x00\x00\x00\x00\x00\x00\x00',b'\x07\x00\x00\x00\x00\x00\x00\x00\x06\x00\x00\x00\x00\x00\x00\x00'
East,b'\x8f\x00\x00\x00\x00\x00\x00\x00',b'\x07\x00\x00\x00\x00\x00\x00\x00\x05\x00\x00\x00\x00\x00\x00\x00\x06\x00\x00\x00\x00\x00\x00\x00'
East,b':\x05\x00\x00\x00\x00\x00\x00',b'\x07\x00\x00\x00\x00\x00\x00\x00\x05\x00\x00\x00\x00\x00\x00\x00\x06\x00\x00\x00\x00\x00\x00\x00'
South,"b's""\x00\x00\x00\x00\x00\x00'",b'\x07\x00\x00\x00\x00\x00\x00\x00\x05\x00\x00\x00\x00\x00\x00\x00\x05\x00\x00\x00\x00\x00\x00\x00\x05\x00\x00\x00\x00\x00\x00\x00\x02\x00\x00\x00\x00\x00\x00\x00'
West,b'F\x05\x00\x00\x00\x00\x00\x00',b'\x07\x00\x00\x00\x00\x00\x00\x00\x05\x00\x00\x00\x00\x00\x00\x00\x05\x00\x00\x00\x00\x00\x00\x00\x02\x00\x00\x00\x00\x00\x00\x00\x03\x00\x00\x00\x00\x00\x00\x00'
West,b'R\x19\x00\x00\x00\x00\x00\x00',b'\x07\x00\x00\x00\x00\x00\x00\x00\x05\x00\x00\x00\x00\x00\x00\x00\x05\x00\x00\x00\x00\x00\x00\x00\x02\x00\x00\x00\x00\x00\x00\x00\x03\x00\x00\x00\x00\x00\x00\x00'
West,b'\x8e$\x00\x00\x00\x00\x00\x00',b'\x07\x00\x00\x00\x00\x00\x00\x00\x05\x00\x00\x00\x00\x00\x00\x00\x05\x00\x00\x00\x00\x00\x00\x00'
Central,"b""\xbc'\x00\x00\x00\x00\x00\x00""",b'\x07\x00\x00\x00\x00\x00\x00\x00\x05\x00\x00\x00\x00\x00\x00\x00\x04\x00\x00\x00\x00\x00\x00\x00\x05\x00\x00\x00\x00\x00\x00\x00\x04\x00\x00\x00\x00\x00\x00\x00\x01\x00\x00\x00\x00\x00\x00\x00\x03\x00\x00\x00\x00\x00\x00\x00'
East,b'\xde\t\x00\x00\x00\x00\x00\x00',b'\x07\x00\x00\x00\x00\x00\x00\x00\x05\x00\x00\x00\x00\x00\x00\x00\x04\x00\x00\x00\x00\x00\x00\x00\x02\x00\x00\x00\x00\x00\x00\x00'
East,b'\x07\x0f\x00\x00\x00\x00\x00\x00',b'\x07\x00\x00\x00\x00\x00\x00\x00\x05\x00\x00\x00\x00\x00\x00\x00\x04\x00\x00\x00\x00\x00\x00\x00'
Central,b';\x1d\x00\x00\x00\x00\x00\x00',b'\x07\x00\x00\x00\x00\x00\x00\x00\x05\x00\x00\x00\x00\x00\x00\x00\x03\x00\x00\x00\x00\x00\x00\x00\x03\x00\x00\x00\x00\x00\x00\x00\x02\x00\x00\x00\x00\x00\x00\x00'
East,b'\xb1\x1f\x00\x00\x00\x00\x00\x00',b'\x07\x00\x00\x00\x00\x00\x00\x00\x05\x00\x00\x00\x00\x00\x00\x00\x03\x00\x00\x00\x00\x00\x00\x00\x03\x00\x00\x00\x00\x00\x00\x00'
East,b'\x9f\x12\x00\x00\x00\x00\x00\x00',b'\x07\x00\x00\x00\x00\x00\x00\x00\x05\x00\x00\x00\x00\x00\x00\x00\x03\x00\x00\x00\x00\x00\x00\x00\x02\x00\x00\x00\x00\x00\x00\x00\x01\x00\x00\x00\x00\x00\x00\x00'
West,b'W\x1a\x00\x00\x00\x00\x00\x00',b'\x07\x00\x00\x00\x00\x00\x00\x00\x05\x00\x00\x00\x00\x00\x00\x00\x03\x00\x00\x00\x00\x00\x00\x00'
West,b'_\x00\x00\x00\x00\x00\x00\x00',b'\x07\x00\x00\x00\x00\x00\x00\x00\x05\x00\x00\x00\x00\x00\x00\x00\x03\x00\x00\x00\x00\x00\x00\x00'
West,b'>\x1c\x00\x00\x00\x00\x00\x00',b'\x07\x00\x00\x00\x00\x00\x00\x00\x05\x00\x00\x00\x00\x00\x00\x00\x03\x00\x00\x00\x00\x00\x00\x00'
West,b'}\x13\x00\x00\x00\x00\x00\x00',b'\x07\x00\x00\x00\x00\x00\x00\x00\x05\x00\x00\x00\x00\x00\x00\x00\x03\x00\x00\x00\x00\x00\x00\x00'
East,b'\xd9 \x00\x00\x00\x00\x00\x00',b'\x07\x00\x00\x00\x00\x00\x00\x00\x05\x00\x00\x00\x00\x00\x00\x00\x03\x00\x00\x00\x00\x00\x00\x00'
West,b'-!\x00\x00\x00\x00\x00\x00',b'\x07\x00\x00\x00\x00\x00\x00\x00\x05\x00\x00\x00\x00\x00\x00\x00\x02\x00\x00\x00\x00\x00\x00\x00\x05\x00\x00\x00\x00\x00\x00\x00'
West,b'\xd0\x17\x00\x00\x00\x00\x00\x00',b'\x07\x00\x00\x00\x00\x00\x00\x00\x05\x00\x00\x00\x00\x00\x00\x00\x02\x00\x00\x00\x00\x00\x00\x00\x03\x00\x00\x00\x00\x00\x00\x00\x03\x00\x00\x00\x00\x00\x00\x00'
East,b'k\x14\x00\x00\x00\x00\x00\x00',b'\x07\x00\x00\x00\x00\x00\x00\x00\x05\x00\x00\x00\x00\x00\x00\x00\x02\x00\x00\x00\x00\x00\x00\x00\x03\x00\x00\x00\x00\x00\x00\x00'
Central,b'\x84\x06\x00\x00\x00\x00\x00\x00',b'\x07\x00\x00\x00\x00\x00\x00\x00\x05\x00\x00\x00\x00\x00\x00\x00\x02\x00\x00\x00\x00\x00\x00\x00'
East,b'\xaa)\x00\x00\x00\x00\x00\x00',b'\x07\x00\x00\x00\x00\x00\x00\x00\x05\x00\x00\x00\x00\x00\x00\x00\x02\x00\x00\x00\x00\x00\x00\x00'
West,b'\xe5\x13\x00\x00\x00\x00\x00\x00',b'\x07\x00\x00\x00\x00\x00\x00\x00\x05\x00\x00\x00\x00\x00\x00\x00\x02\x00\x00\x00\x00\x00\x00\x00'
South,b'\xb2\x18\x00\x00\x00\x00\x00\x00',b'\x07\x00\x00\x00\x00\x00\x00\x00\x05\x00\x00\x00\x00\x00\x00\x00\x01\x00\x00\x00\x00\x00\x00\x00'
South,b'\x94(\x00\x00\x00\x00\x00\x00',b'\x07\x00\x00\x00\x00\x00\x00\x00\x05\x00\x00\x00\x00\x00\x00\x00\x01\x00\x00\x00\x00\x00\x00\x00'
Central,b'H%\x00\x00\x00\x00\x00\x00',b'\x07\x00\x00\x00\x00\x00\x00\x00\x05\x00\x00\x00\x00\x00\x00\x00\x01\x00\x00\x00\x00\x00\x00\x00'
Central,b':\n\x00\x00\x00\x00\x00\x00',b'\x07\x00\x00\x00\x00\x00\x00\x00\x05\x00\x00\x00\x00\x00\x00\x00'
South,b'\xc1(\x00\x00\x00\x00\x00\x00',b'\x07\x00\x00\x00\x00\x00\x00\x00\x05\x00\x00\x00\x00\x00\x00\x00'
South,b'Y$\x00\x00\x00\x00\x00\x00',b'\x07\x00\x00\x00\x00\x00\x00\x00\x05\x00\x00\x00\x00\x00\x00\x00'
South,b'\xc0\x05\x00\x00\x00\x00\x00\x00',b'\x07\x00\x00\x00\x00\x00\x00\x00\x05\x00\x00\x00\x00\x00\x00\x00'
East,b'd\x03\x00\x00\x00\x00\x00\x00',b'\x07\x00\x00\x00\x00\x00\x00\x00\x05\x00\x00\x00\x00\x00\x00\x00'
South,b'\xdc\t\x00\x00\x00\x00\x00\x00',b'\x07\x00\x00\x00\x00\x00\x00\x00\x05\x00\x00\x00\x00\x00\x00\x00'
South,b'l\x05\x00\x00\x00\x00\x00\x00',b'\x07\x00\x00\x00\x00\x00\x00\x00\x05\x00\x00\x00\x00\x00\x00\x00'
Central,b'9\n\x00\x00\x00\x00\x00\x00',b'\x07\x00\x00\x00\x00\x00\x00\x00\x05\x00\x00\x00\x00\x00\x00\x00'
Central,b'\xc8(\x00\x00\x00\x00\x00\x00',b'\x07\x00\x00\x00\x00\x00\x00\x00\x05\x00\x00\x00\x00\x00\x00\x00'
East,"b""'\x11\x00\x00\x00\x00\x00\x00""",b'\x07\x00\x00\x00\x00\x00\x00\x00\x05\x00\x00\x00\x00\x00\x00\x00'
East,b'\x13\n\x00\x00\x00\x00\x00\x00',b'\x07\x00\x00\x00\x00\x00\x00\x00\x04\x00\x00\x00\x00\x00\x00\x00\t\x00\x00\x00\x00\x00\x00\x00'
East,b'\xdd#\x00\x00\x00\x00\x00\x00',b'\x07\x00\x00\x00\x00\x00\x00\x00\x04\x00\x00\x00\x00\x00\x00\x00\t\x00\x00\x00\x00\x00\x00\x00'
West,b'\xf1\x1f\x00\x00\x00\x00\x00\x00',b'\x07\x00\x00\x00\x00\x00\x00\x00\x04\x00\x00\x00\x00\x00\x00\x00\x07\x00\x00\x00\x00\x00\x00\x00\x05\x00\x00\x00\x00\x00\x00\x00'
Central,"b'r""\x00\x00\x00\x00\x00\x00'",b'\x07\x00\x00\x00\x00\x00\x00\x00\x04\x00\x00\x00\x00\x00\x00\x00\x04\x00\x00\x00\x00\x00\x00\x00'
Central,"b""5'\x00\x00\x00\x00\x00\x00""",b'\x07\x00\x00\x00\x00\x00\x00\x00\x04\x00\x00\x00\x00\x00\x00\x00\x04\x00\x00\x00\x00\x00\x00\x00'
West,b'j\x00\x00\x00\x00\x00\x00\x00',b'\x07\x00\x00\x00\x00\x00\x00\x00\x04\x00\x00\x00\x00\x00\x00\x00\x03\x00\x00\x00\x00\x00\x00\x00\x02\x00\x00\x00\x00\x00\x00\x00\x03\x00\x00\x00\x00\x00\x00\x00'
East,b'D\t\x00\x00\x00\x00\x00\x00',b'\x07\x00\x00\x00\x00\x00\x00\x00\x04\x00\x00\x00\x00\x00\x00\x00\x03\x00\x00\x00\x00\x00\x00\x00\x01\x00\x00\x00\x00\x00\x00\x00\x02\x00\x00\x00\x00\x00\x00\x00\x02\x00\x00\x00\x00\x00\x00\x00\x02\x00\x00\x00\x00\x00\x00\x00\x05\x00\x00\x00\x00\x00\x00\x00'
East,b'\xfc\x08\x00\x00\x00\x00\x00\x00',b'\x07\x00\x00\x00\x00\x00\x00\x00\x04\x00\x00\x00\x00\x00\x00\x00\x03\x00\x00\x00\x00\x00\x00\x00\x01\x00\x00\x00\x00\x00\x00\x00\x02\x00\x00\x00\x00\x00\x00\x00\x02\x00\x00\x00\x00\x00\x00\x00\x02\x00\x00\x00\x00\x00\x00\x00\x05\x00\x00\x00\x00\x00\x00\x00'
West,b'\xd5\x04\x00\x00\x00\x00\x00\x00',b'\x07\x00\x00\x00\x00\x00\x00\x00\x04\x00\x00\x00\x00\x00\x00\x00\x03\x00\x00\x00\x00\x00\x00\x00'
East,b'\x82\x18\x00\x00\x00\x00\x00\x00',b'\x07\x00\x00\x00\x00\x00\x00\x00\x04\x00\x00\x00\x00\x00\x00\x00\x03\x00\x00\x00\x00\x00\x00\x00'
West,b'*\x1a\x00\x00\x00\x00\x00\x00',b'\x07\x00\x00\x00\x00\x00\x00\x00\x04\x00\x00\x00\x00\x00\x00\x00\x03\x00\x00\x00\x00\x00\x00\x00'
East,b'\xd8\x16\x00\x00\x00\x00\x00\x00',b'\x07\x00\x00\x00\x00\x00\x00\x00\x04\x00\x00\x00\x00\x00\x00\x00\x03\x00\x00\x00\x00\x00\x00\x00'
East,b'\xdd\x1d\x00\x00\x00\x00\x00\x00',b'\x07\x00\x00\x00\x00\x00\x00\x00\x04\x00\x00\x00\x00\x00\x00\x00\x02\x00\x00\x00\x00\x00\x00\x00\x02\x00\x00\x00\x00\x00\x00\x00'
Central,b'\xd0$\x00\x00\x00\x00\x00\x00',b'\x07\x00\x00\x00\x00\x00\x00\x00\x04\x00\x00\x00\x00\x00\x00\x00\x02\x00\x00\x00\x00\x00\x00\x00\x02\x00\x00\x00\x00\x00\x00\x00'
East,b'\xb7\t\x00\x00\x00\x00\x00\x00',b'\x07\x00\x00\x00\x00\x00\x00\x00\x04\x00\x00\x00\x00\x00\x00\x00\x02\x00\x00\x00\x00\x00\x00\x00\x02\x00\x00\x00\x00\x00\x00\x00'
East,b'\xac\x00\x00\x00\x00\x00\x00\x00',b'\x07\x00\x00\x00\x00\x00\x00\x00\x04\x00\x00\x00\x00\x00\x00\x00\x02\x00\x00\x00\x00\x00\x00\x00\x02\x00\x00\x00\x00\x00\x00\x00'
West,b'\x9f\x1f\x00\x00\x00\x00\x00\x00',b'\x07\x00\x00\x00\x00\x00\x00\x00\x04\x00\x00\x00\x00\x00\x00\x00\x02\x00\x00\x00\x00\x00\x00\x00\x02\x00\x00\x00\x00\x00\x00\x00'
West,b't#\x00\x00\x00\x00\x00\x00',b'\x07\x00\x00\x00\x00\x00\x00\x00\x04\x00\x00\x00\x00\x00\x00\x00\x02\x00\x00\x00\x00\x00\x00\x00\x02\x00\x00\x00\x00\x00\x00\x00'
West,b'|$\x00\x00\x00\x00\x00\x00',b'\x07\x00\x00\x00\x00\x00\x00\x00\x04\x00\x00\x00\x00\x00\x00\x00\x02\x00\x00\x00\x00\x00\x00\x00'
East,b'\x90\x02\x00\x00\x00\x00\x00\x00',b'\x07\x00\x00\x00\x00\x00\x00\x00\x04\x00\x00\x00\x00\x00\x00\x00\x02\x00\x00\x00\x00\x00\x00\x00'
West,b'\x80\x19\x00\x00\x00\x00\x00\x00',b'\x07\x00\x00\x00\x00\x00\x00\x00\x04\x00\x00\x00\x00\x00\x00\x00\x02\x00\x00\x00\x00\x00\x00\x00'
West,"b""{'\x00\x00\x00\x00\x00\x00""",b'\x07\x00\x00\x00\x00\x00\x00\x00\x04\x00\x00\x00\x00\x00\x00\x00\x02\x00\x00\x00\x00\x00\x00\x00'
East,b'\xe0#\x00\x00\x00\x00\x00\x00',b'\x07\x00\x00\x00\x00\x00\x00\x00\x04\x00\x00\x00\x00\x00\x00\x00\x02\x00\x00\x00\x00\x00\x00\x00'
West,b'>(\x00\x00\x00\x00\x00\x00',b'\x07\x00\x00\x00\x00\x00\x00\x00\x04\x00\x00\x00\x00\x00\x00\x00\x01\x00\x00\x00\x00\x00\x00\x00\x02\x00\x00\x00\x00\x00\x00\x00'
East,b'\xaf\x08\x00\x00\x00\x00\x00\x00',b'\x07\x00\x00\x00\x00\x00\x00\x00\x04\x00\x00\x00\x00\x00\x00\x00\x01\x00\x00\x00\x00\x00\x00\x00'
West,b'X\x01\x00\x00\x00\x00\x00\x00',b'\x07\x00\x00\x00\x00\x00\x00\x00\x04\x00\x00\x00\x00\x00\x00\x00\x01\x00\x00\x00\x00\x00\x00\x00'
Central,b'.)\x00\x00\x00\x00\x00\x00',b'\x07\x00\x00\x00\x00\x00\x00\x00\x04\x00\x00\x00\x00\x00\x00\x00'
East,b'*\x08\x00\x00\x00\x00\x00\x00',b'\x07\x00\x00\x00\x00\x00\x00\x00\x04\x00\x00\x00\x00\x00\x00\x00'
South,b'\xf9\x0e\x00\x00\x00\x00\x00\x00',b'\x07\x00\x00\x00\x00\x00\x00\x00\x04\x00\x00\x00\x00\x00\x00\x00'
South,b'\x8e\x04\x00\x00\x00\x00\x00\x00',b'\x07\x00\x00\x00\x00\x00\x00\x00\x04\x00\x00\x00\x00\x00\x00\x00'
East,b'\xcd\x18\x00\x00\x00\x00\x00\x00',b'\x07\x00\x00\x00\x00\x00\x00\x00\x04\x00\x00\x00\x00\x00\x00\x00'
South,b'\x1b\x02\x00\x00\x00\x00\x00\x00',b'\x07\x00\x00\x00\x00\x00\x00\x00\x04\x00\x00\x00\x00\x00\x00\x00'
Central,b'1%\x00\x00\x00\x00\x00\x00',b'\x07\x00\x00\x00\x00\x00\x00\x00\x04\x00\x00\x00\x00\x00\x00\x00'
South,b'\xfc#\x00\x00\x00\x00\x00\x00',b'\x07\x00\x00\x00\x00\x00\x00\x00\x04\x00\x00\x00\x00\x00\x00\x00'
South,b'\x0c\x00\x00\x00\x00\x00\x00\x00',b'\x07\x00\x00\x00\x00\x00\x00\x00\x04\x00\x00\x00\x00\x00\x00\x00'
Central,b'\x11\x00\x00\x00\x00\x00\x00\x00',b'\x07\x00\x00\x00\x00\x00\x00\x00\x04\x00\x00\x00\x00\x00\x00\x00'
Central,"b'\x1d""\x00\x00\x00\x00\x00\x00'",b'\x07\x00\x00\x00\x00\x00\x00\x00\x04\x00\x00\x00\x00\x00\x00\x00'
West,b'o\x0c\x00\x00\x00\x00\x00\x00',b'\x07\x00\x00\x00\x00\x00\x00\x00\x04\x00\x00\x00\x00\x00\x00\x00'
Central,b'\x1c#\x00\x00\x00\x00\x00\x00',b'\x07\x00\x00\x00\x00\x00\x00\x00\x04\x00\x00\x00\x00\x00\x00\x00'
East,b'c\x00\x00\x00\x00\x00\x00\x00',b'\x07\x00\x00\x00\x00\x00\x00\x00\x04\x00\x00\x00\x00\x00\x00\x00'
Central,b'\xee(\x00\x00\x00\x00\x00\x00',b'\x07\x00\x00\x00\x00\x00\x00\x00\x04\x00\x00\x00\x00\x00\x00\x00'
East,b'2\x04\x00\x00\x00\x00\x00\x00',b'\x07\x00\x00\x00\x00\x00\x00\x00\x04\x00\x00\x00\x00\x00\x00\x00'
South,b'=\x00\x00\x00\x00\x00\x00\x00',b'\x07\x00\x00\x00\x00\x00\x00\x00\x04\x00\x00\x00\x00\x00\x00\x00'
East,b'\xa8\x04\x00\x00\x00\x00\x00\x00',b'\x07\x00\x00\x00\x00\x00\x00\x00\x04\x00\x00\x00\x00\x00\x00\x00'
West,b'\x19\x06\x00\x00\x00\x00\x00\x00',b'\x07\x00\x00\x00\x00\x00\x00\x00\x04\x00\x00\x00\x00\x00\x00\x00'
Central,b'l\x05\x00\x00\x00\x00\x00\x00',b'\x07\x00\x00\x00\x00\x00\x00\x00\x04\x00\x00\x00\x00\x00\x00\x00'
Central,b'\x84\x02\x00\x00\x00\x00\x00\x00',b'\x07\x00\x00\x00\x00\x00\x00\x00\x04\x00\x00\x00\x00\x00\x00\x00'
Central,b'\x18\x0b\x00\x00\x00\x00\x00\x00',b'\x07\x00\x00\x00\x00\x00\x00\x00\x03\x00\x00\x00\x00\x00\x00\x00\x08\x00\x00\x00\x00\x00\x00\x00\x04\x00\x00\x00\x00\x00\x00\x00'
Central,b'\xb1$\x00\x00\x00\x00\x00\x00',b'\x07\x00\x00\x00\x00\x00\x00\x00\x03\x00\x00\x00\x00\x00\x00\x00\x08\x00\x00\x00\x00\x00\x00\x00\x04\x00\x00\x00\x00\x00\x00\x00'
East,b'y\x18\x00\x00\x00\x00\x00\x00',b'\x07\x00\x00\x00\x00\x00\x00\x00\x03\x00\x00\x00\x00\x00\x00\x00\x08\x00\x00\x00\x00\x00\x00\x00'
West,"b""\xdc'\x00\x00\x00\x00\x00\x00""",b'\x07\x00\x00\x00\x00\x00\x00\x00\x03\x00\x00\x00\x00\x00\x00\x00\x07\x00\x00\x00\x00\x00\x00\x00\x07\x00\x00\x00\x00\x00\x00\x00\x02\x00\x00\x00\x00\x00\x00\x00'
West,b'\x92)\x00\x00\x00\x00\x00\x00',b'\x07\x00\x00\x00\x00\x00\x00\x00\x03\x00\x00\x00\x00\x00\x00\x00\x07\x00\x00\x00\x00\x00\x00\x00'
East,b'\xf6$\x00\x00\x00\x00\x00\x00',b'\x07\x00\x00\x00\x00\x00\x00\x00\x03\x00\x00\x00\x00\x00\x00\x00\x06\x00\x00\x00\x00\x00\x00\x00\x07\x00\x00\x00\x00\x00\x00\x00'
Central,b'\xb7\x00\x00\x00\x00\x00\x00\x00',b'\x07\x00\x00\x00\x00\x00\x00\x00\x03\x00\x00\x00\x00\x00\x00\x00\x06\x00\x00\x00\x00\x00\x00\x00\x03\x00\x00\x00\x00\x00\x00\x00'
West,b'\xd4!\x00\x00\x00\x00\x00\x00',b'\x07\x00\x00\x00\x00\x00\x00\x00\x03\x00\x00\x00\x00\x00\x00\x00\x05\x00\x00\x00\x00\x00\x00\x00\x03\x00\x00\x00\x00\x00\x00\x00\x02\x00\x00\x00\x00\x00\x00\x00'
West,"b'\x9e""\x00\x00\x00\x00\x00\x00'",b'\x07\x00\x00\x00\x00\x00\x00\x00\x03\x00\x00\x00\x00\x00\x00\x00\x04\x00\x00\x00\x00\x00\x00\x00\x03\x00\x00\x00\x00\x00\x00\x00'
West,b'\x9f$\x00\x00\x00\x00\x00\x00',b'\x07\x00\x00\x00\x00\x00\x00\x00\x03\x00\x00\x00\x00\x00\x00\x00\x04\x00\x00\x00\x00\x00\x00\x00\x01\x00\x00\x00\x00\x00\x00\x00'
East,b'%\x16\x00\x00\x00\x00\x00\x00',b'\x07\x00\x00\x00\x00\x00\x00\x00\x03\x00\x00\x00\x00\x00\x00\x00\x04\x00\x00\x00\x00\x00\x00\x00'
East,b'\x0f\x0f\x00\x00\x00\x00\x00\x00',b'\x07\x00\x00\x00\x00\x00\x00\x00\x03\x00\x00\x00\x00\x00\x00\x00\x04\x00\x00\x00\x00\x00\x00\x00'
West,"b'(""\x00\x00\x00\x00\x00\x00'",b'\x07\x00\x00\x00\x00\x00\x00\x00\x03\x00\x00\x00\x00\x00\x00\x00\x04\x00\x00\x00\x00\x00\x00\x00'
West,b'\xc6\x11\x00\x00\x00\x00\x00\x00',b'\x07\x00\x00\x00\x00\x00\x00\x00\x03\x00\x00\x00\x00\x00\x00\x00\x03\x00\x00\x00\x00\x00\x00\x00\x05\x00\x00\x00\x00\x00\x00\x00'
East,b'R\n\x00\x00\x00\x00\x00\x00',b'\x07\x00\x00\x00\x00\x00\x00\x00\x03\x00\x00\x00\x00\x00\x00\x00\x03\x00\x00\x00\x00\x00\x00\x00\x05\x00\x00\x00\x00\x00\x00\x00'
West,b'\x0b\x02\x00\x00\x00\x00\x00\x00',b'\x07\x00\x00\x00\x00\x00\x00\x00\x03\x00\x00\x00\x00\x00\x00\x00\x03\x00\x00\x00\x00\x00\x00\x00\x05\x00\x00\x00\x00\x00\x00\x00'
West,b'[\x02\x00\x00\x00\x00\x00\x00',b'\x07\x00\x00\x00\x00\x00\x00\x00\x03\x00\x00\x00\x00\x00\x00\x00\x03\x00\x00\x00\x00\x00\x00\x00\x04\x00\x00\x00\x00\x00\x00\x00\x02\x00\x00\x00\x00\x00\x00\x00\x03\x00\x00\x00\x00\x00\x00\x00'
Central,b'\xdb\x01\x00\x00\x00\x00\x00\x00',b'\x07\x00\x00\x00\x00\x00\x00\x00\x03\x00\x00\x00\x00\x00\x00\x00\x03\x00\x00\x00\x00\x00\x00\x00\x03\x00\x00\x00\x00\x00\x00\x00'
East,b'z%\x00\x00\x00\x00\x00\x00',b'\x07\x00\x00\x00\x00\x00\x00\x00\x03\x00\x00\x00\x00\x00\x00\x00\x03\x00\x00\x00\x00\x00\x00\x00\x03\x00\x00\x00\x00\x00\x00\x00'
East,b'\x14\x08\x00\x00\x00\x00\x00\x00',b'\x07\x00\x00\x00\x00\x00\x00\x00\x03\x00\x00\x00\x00\x00\x00\x00\x03\x00\x00\x00\x00\x00\x00\x00\x02\x00\x00\x00\x00\x00\x00\x00'
West,b'\xac\x16\x00\x00\x00\x00\x00\x00',b'\x07\x00\x00\x00\x00\x00\x00\x00\x03\x00\x00\x00\x00\x00\x00\x00\x03\x00\x00\x00\x00\x00\x00\x00\x02\x00\x00\x00\x00\x00\x00\x00'
South,b'\xbf\x1b\x00\x00\x00\x00\x00\x00',b'\x07\x00\x00\x00\x00\x00\x00\x00\x03\x00\x00\x00\x00\x00\x00\x00\x03\x00\x00\x00\x00\x00\x00\x00'
East,"b',\x1c\x00\x00\x00\x00\x00\x00'",b'\x07\x00\x00\x00\x00\x00\x00\x00\x03\x00\x00\x00\x00\x00\x00\x00\x03\x00\x00\x00\x00\x00\x00\x00'
West,b')\x0e\x00\x00\x00\x00\x00\x00',b'\x07\x00\x00\x00\x00\x00\x00\x00\x03\x00\x00\x00\x00\x00\x00\x00\x03\x00\x00\x00\x00\x00\x00\x00'
East,b'\xc4\x06\x00\x00\x00\x00\x00\x00',b'\x07\x00\x00\x00\x00\x00\x00\x00\x03\x00\x00\x00\x00\x00\x00\x00\x03\x00\x00\x00\x00\x00\x00\x00'
East,b'I\x02\x00\x00\x00\x00\x00\x00',b'\x07\x00\x00\x00\x00\x00\x00\x00\x03\x00\x00\x00\x00\x00\x00\x00\x03\x00\x00\x00\x00\x00\x00\x00'
East,b'\xf4\x1b\x00\x00\x00\x00\x00\x00',b'\x07\x00\x00\x00\x00\x00\x00\x00\x03\x00\x00\x00\x00\x00\x00\x00\x02\x00\x00\x00\x00\x00\x00\x00\x03\x00\x00\x00\x00\x00\x00\x00'
West,b'\xd5\x08\x00\x00\x00\x00\x00\x00',b'\x07\x00\x00\x00\x00\x00\x00\x00\x03\x00\x00\x00\x00\x00\x00\x00\x02\x00\x00\x00\x00\x00\x00\x00\x03\x00\x00\x00\x00\x00\x00\x00'
Central,b'R$\x00\x00\x00\x00\x00\x00',b'\x07\x00\x00\x00\x00\x00\x00\x00\x03\x00\x00\x00\x00\x00\x00\x00\x02\x00\x00\x00\x00\x00\x00\x00\x02\x00\x00\x00\x00\x00\x00\x00\x03\x00\x00\x00\x00\x00\x00\x00'
East,b'\x1c\x00\x00\x00\x00\x00\x00\x00',b'\x07\x00\x00\x00\x00\x00\x00\x00\x03\x00\x00\x00\x00\x00\x00\x00\x02\x00\x00\x00\x00\x00\x00\x00\x02\x00\x00\x00\x00\x00\x00\x00'
West,"b'""%\x00\x00\x00\x00\x00\x00'",b'\x07\x00\x00\x00\x00\x00\x00\x00\x03\x00\x00\x00\x00\x00\x00\x00\x02\x00\x00\x00\x00\x00\x00\x00\x02\x00\x00\x00\x00\x00\x00\x00'
South,b'\x12\x13\x00\x00\x00\x00\x00\x00',b'\x07\x00\x00\x00\x00\x00\x00\x00\x03\x00\x00\x00\x00\x00\x00\x00\x02\x00\x00\x00\x00\x00\x00\x00\x01\x00\x00\x00\x00\x00\x00\x00'
South,"b""'\x05\x00\x00\x00\x00\x00\x00""",b'\x07\x00\x00\x00\x00\x00\x00\x00\x03\x00\x00\x00\x00\x00\x00\x00\x02\x00\x00\x00\x00\x00\x00\x00'
West,"b'%""\x00\x00\x00\x00\x00\x00'",b'\x07\x00\x00\x00\x00\x00\x00\x00\x03\x00\x00\x00\x00\x00\x00\x00\x02\x00\x00\x00\x00\x00\x00\x00'
Central,b'I\x07\x00\x00\x00\x00\x00\x00',b'\x07\x00\x00\x00\x00\x00\x00\x00\x03\x00\x00\x00\x00\x00\x00\x00\x02\x00\x00\x00\x00\x00\x00\x00'
South,b'1\x04\x00\x00\x00\x00\x00\x00',b'\x07\x00\x00\x00\x00\x00\x00\x00\x03\x00\x00\x00\x00\x00\x00\x00\x02\x00\x00\x00\x00\x00\x00\x00'
West,b'}&\x00\x00\x00\x00\x00\x00',b'\x07\x00\x00\x00\x00\x00\x00\x00\x03\x00\x00\x00\x00\x00\x00\x00\x02\x00\x00\x00\x00\x00\x00\x00'
South,"b'\x1b""\x00\x00\x00\x00\x00\x00'",b'\x07\x00\x00\x00\x00\x00\x00\x00\x03\x00\x00\x00\x00\x00\x00\x00\x02\x00\x00\x00\x00\x00\x00\x00'
East,b'N(\x00\x00\x00\x00\x00\x00',b'\x07\x00\x00\x00\x00\x00\x00\x00\x03\x00\x00\x00\x00\x00\x00\x00\x02\x00\x00\x00\x00\x00\x00\x00'
West,b'\xf5\x07\x00\x00\x00\x00\x00\x00',b'\x07\x00\x00\x00\x00\x00\x00\x00\x03\x00\x00\x00\x00\x00\x00\x00\x02\x00\x00\x00\x00\x00\x00\x00'
South,b'\xe9\x05\x00\x00\x00\x00\x00\x00',b'\x07\x00\x00\x00\x00\x00\x00\x00\x03\x00\x00\x00\x00\x00\x00\x00\x01\x00\x00\x00\x00\x00\x00\x00\x01\x00\x00\x00\x00\x00\x00\x00'
Central,b'U\x1d\x00\x00\x00\x00\x00\x00',b'\x07\x00\x00\x00\x00\x00\x00\x00\x03\x00\x00\x00\x00\x00\x00\x00\x01\x00\x00\x00\x00\x00\x00\x00'
Central,b'\xf9\t\x00\x00\x00\x00\x00\x00',b'\x07\x00\x00\x00\x00\x00\x00\x00\x03\x00\x00\x00\x00\x00\x00\x00'
East,b'.\x0c\x00\x00\x00\x00\x00\x00',b'\x07\x00\x00\x00\x00\x00\x00\x00\x03\x00\x00\x00\x00\x00\x00\x00'
Central,b'A\x17\x00\x00\x00\x00\x00\x00',b'\x07\x00\x00\x00\x00\x00\x00\x00\x03\x00\x00\x00\x00\x00\x00\x00'
South,b'\xc7\x10\x00\x00\x00\x00\x00\x00',b'\x07\x00\x00\x00\x00\x00\x00\x00\x03\x00\x00\x00\x00\x00\x00\x00'
South,b'\xbc\t\x00\x00\x00\x00\x00\x00',b'\x07\x00\x00\x00\x00\x00\x00\x00\x03\x00\x00\x00\x00\x00\x00\x00'
Central,b'\xcb\x00\x00\x00\x00\x00\x00\x00',b'\x07\x00\x00\x00\x00\x00\x00\x00\x03\x00\x00\x00\x00\x00\x00\x00'
West,b'W\x1b\x00\x00\x00\x00\x00\x00',b'\x07\x00\x00\x00\x00\x00\x00\x00\x03\x00\x00\x00\x00\x00\x00\x00'
Central,b'\x9c\x1e\x00\x00\x00\x00\x00\x00',b'\x07\x00\x00\x00\x00\x00\x00\x00\x03\x00\x00\x00\x00\x00\x00\x00'
Central,b'\xa5\x14\x00\x00\x00\x00\x00\x00',b'\x07\x00\x00\x00\x00\x00\x00\x00\x03\x00\x00\x00\x00\x00\x00\x00'
Central,b'\xf4\x19\x00\x00\x00\x00\x00\x00',b'\x07\x00\x00\x00\x00\x00\x00\x00\x03\x00\x00\x00\x00\x00\x00\x00'
Central,b'\xd5%\x00\x00\x00\x00\x00\x00',b'\x07\x00\x00\x00\x00\x00\x00\x00\x03\x00\x00\x00\x00\x00\x00\x00'
South,b'#\x03\x00\x00\x00\x00\x00\x00',b'\x07\x00\x00\x00\x00\x00\x00\x00\x03\x00\x00\x00\x00\x00\x00\x00'
South,b'7\x18\x00\x00\x00\x00\x00\x00',b'\x07\x00\x00\x00\x00\x00\x00\x00\x03\x00\x00\x00\x00\x00\x00\x00'
Central,b'\x85&\x00\x00\x00\x00\x00\x00',b'\x07\x00\x00\x00\x00\x00\x00\x00\x03\x00\x00\x00\x00\x00\x00\x00'
West,b'O(\x00\x00\x00\x00\x00\x00',b'\x07\x00\x00\x00\x00\x00\x00\x00\x03\x00\x00\x00\x00\x00\x00\x00'
East,b'\xbb!\x00\x00\x00\x00\x00\x00',b'\x07\x00\x00\x00\x00\x00\x00\x00\x03\x00\x00\x00\x00\x00\x00\x00'
East,"b""'\x1f\x00\x00\x00\x00\x00\x00""",b'\x07\x00\x00\x00\x00\x00\x00\x00\x03\x00\x00\x00\x00\x00\x00\x00'
West,b'J\x07\x00\x00\x00\x00\x00\x00',b'\x07\x00\x00\x00\x00\x00\x00\x00\x03\x00\x00\x00\x00\x00\x00\x00'
South,b'Y\x1e\x00\x00\x00\x00\x00\x00',b'\x07\x00\x00\x00\x00\x00\x00\x00\x03\x00\x00\x00\x00\x00\x00\x00'
Central,b'\xa7\r\x00\x00\x00\x00\x00\x00',b'\x07\x00\x00\x00\x00\x00\x00\x00\x03\x00\x00\x00\x00\x00\x00\x00'
East,b'\xfd\t\x00\x00\x00\x00\x00\x00',b'\x07\x00\x00\x00\x00\x00\x00\x00\x03\x00\x00\x00\x00\x00\x00\x00'
Central,b'\xbf\x1b\x00\x00\x00\x00\x00\x00',b'\x07\x00\x00\x00\x00\x00\x00\x00\x03\x00\x00\x00\x00\x00\x00\x00'
West,b'M#\x00\x00\x00\x00\x00\x00',b'\x07\x00\x00\x00\x00\x00\x00\x00\x03\x00\x00\x00\x00\x00\x00\x00'
East,b'\xe9\x0e\x00\x00\x00\x00\x00\x00',b'\x07\x00\x00\x00\x00\x00\x00\x00\x03\x00\x00\x00\x00\x00\x00\x00'
Central,b'\xd1\x19\x00\x00\x00\x00\x00\x00',b'\x07\x00\x00\x00\x00\x00\x00\x00\x03\x00\x00\x00\x00\x00\x00\x00'
East,b'\xae\x00\x00\x00\x00\x00\x00\x00',b'\x07\x00\x00\x00\x00\x00\x00\x00\x03\x00\x00\x00\x00\x00\x00\x00'
Central,b'\xff%\x00\x00\x00\x00\x00\x00',b'\x07\x00\x00\x00\x00\x00\x00\x00\x03\x00\x00\x00\x00\x00\x00\x00'
West,b'N&\x00\x00\x00\x00\x00\x00',b'\x07\x00\x00\x00\x00\x00\x00\x00\x03\x00\x00\x00\x00\x00\x00\x00'
East,b'n\x13\x00\x00\x00\x00\x00\x00',b'\x07\x00\x00\x00\x00\x00\x00\x00\x03\x00\x00\x00\x00\x00\x00\x00'
East,b'\xcf\x1a\x00\x00\x00\x00\x00\x00',b'\x07\x00\x00\x00\x00\x00\x00\x00\x03\x00\x00\x00\x00\x00\x00\x00'
Central,b':%\x00\x00\x00\x00\x00\x00',b'\x07\x00\x00\x00\x00\x00\x00\x00\x03\x00\x00\x00\x00\x00\x00\x00'
East,b'\x02\x1a\x00\x00\x00\x00\x00\x00',b'\x07\x00\x00\x00\x00\x00\x00\x00\x03\x00\x00\x00\x00\x00\x00\x00'
West,b'\n\x1e\x00\x00\x00\x00\x00\x00',b'\x07\x00\x00\x00\x00\x00\x00\x00\x03\x00\x00\x00\x00\x00\x00\x00'
East,b'R\x07\x00\x00\x00\x00\x00\x00',b'\x07\x00\x00\x00\x00\x00\x00\x00\x03\x00\x00\x00\x00\x00\x00\x00'
East,b'\x9c\x0f\x00\x00\x00\x00\x00\x00',b'\x07\x00\x00\x00\x00\x00\x00\x00\x03\x00\x00\x00\x00\x00\x00\x00'
Central,b'\xd8&\x00\x00\x00\x00\x00\x00',b'\x07\x00\x00\x00\x00\x00\x00\x00\x03\x00\x00\x00\x00\x00\x00\x00'
East,b'\xac#\x00\x00\x00\x00\x00\x00',b'\x07\x00\x00\x00\x00\x00\x00\x00\x03\x00\x00\x00\x00\x00\x00\x00'
East,b'f#\x00\x00\x00\x00\x00\x00',b'\x07\x00\x00\x00\x00\x00\x00\x00\x03\x00\x00\x00\x00\x00\x00\x00'
Central,b'~)\x00\x00\x00\x00\x00\x00',b'\x07\x00\x00\x00\x00\x00\x00\x00\x03\x00\x00\x00\x00\x00\x00\x00'
Central,b'\xe2 \x00\x00\x00\x00\x00\x00',b'\x07\x00\x00\x00\x00\x00\x00\x00\x03\x00\x00\x00\x00\x00\x00\x00'
West,b'\xc1\x0c\x00\x00\x00\x00\x00\x00',b'\x07\x00\x00\x00\x00\x00\x00\x00\x03\x00\x00\x00\x00\x00\x00\x00'
West,b'\x84\x10\x00\x00\x00\x00\x00\x00',b'\x07\x00\x00\x00\x00\x00\x00\x00\x03\x00\x00\x00\x00\x00\x00\x00'
Central,b'\x94 \x00\x00\x00\x00\x00\x00',b'\x07\x00\x00\x00\x00\x00\x00\x00\x03\x00\x00\x00\x00\x00\x00\x00'
Central,b'\xf1\x14\x00\x00\x00\x00\x00\x00',b'\x07\x00\x00\x00\x00\x00\x00\x00\x03\x00\x00\x00\x00\x00\x00\x00'
Central,b'=\x08\x00\x00\x00\x00\x00\x00',b'\x07\x00\x00\x00\x00\x00\x00\x00\x03\x00\x00\x00\x00\x00\x00\x00'
South,b'~\x07\x00\x00\x00\x00\x00\x00',b'\x07\x00\x00\x00\x00\x00\x00\x00\x03\x00\x00\x00\x00\x00\x00\x00'
Central,b'\xe5\x1f\x00\x00\x00\x00\x00\x00',b'\x07\x00\x00\x00\x00\x00\x00\x00\x02\x00\x00\x00\x00\x00\x00\x00\x05\x00\x00\x00\x00\x00\x00\x00\x02\x00\x00\x00\x00\x00\x00\x00'
East,b'\x01\x00\x00\x00\x00\x00\x00\x00',b'\x07\x00\x00\x00\x00\x00\x00\x00\x02\x00\x00\x00\x00\x00\x00\x00\x05\x00\x00\x00\x00\x00\x00\x00\x01\x00\x00\x00\x00\x00\x00\x00\x02\x00\x00\x00\x00\x00\x00\x00'
Central,b'\xc6\x14\x00\x00\x00\x00\x00\x00',b'\x07\x00\x00\x00\x00\x00\x00\x00\x02\x00\x00\x00\x00\x00\x00\x00\x05\x00\x00\x00\x00\x00\x00\x00'
West,b'\xea$\x00\x00\x00\x00\x00\x00',b'\x07\x00\x00\x00\x00\x00\x00\x00\x02\x00\x00\x00\x00\x00\x00\x00\x05\x00\x00\x00\x00\x00\x00\x00'
West,b'\xac\x00\x00\x00\x00\x00\x00\x00',b'\x07\x00\x00\x00\x00\x00\x00\x00\x02\x00\x00\x00\x00\x00\x00\x00\x04\x00\x00\x00\x00\x00\x00\x00'
West,b'\xb7\t\x00\x00\x00\x00\x00\x00',b'\x07\x00\x00\x00\x00\x00\x00\x00\x02\x00\x00\x00\x00\x00\x00\x00\x04\x00\x00\x00\x00\x00\x00\x00'
West,b'\xfc#\x00\x00\x00\x00\x00\x00',b'\x07\x00\x00\x00\x00\x00\x00\x00\x02\x00\x00\x00\x00\x00\x00\x00\x03\x00\x00\x00\x00\x00\x00\x00\x04\x00\x00\x00\x00\x00\x00\x00'
East,b'z\x16\x00\x00\x00\x00\x00\x00',b'\x07\x00\x00\x00\x00\x00\x00\x00\x02\x00\x00\x00\x00\x00\x00\x00\x03\x00\x00\x00\x00\x00\x00\x00\x02\x00\x00\x00\x00\x00\x00\x00'
East,"b'$""\x00\x00\x00\x00\x00\x00'",b'\x07\x00\x00\x00\x00\x00\x00\x00\x02\x00\x00\x00\x00\x00\x00\x00\x03\x00\x00\x00\x00\x00\x00\x00\x01\x00\x00\x00\x00\x00\x00\x00'
West,b'\\\x1f\x00\x00\x00\x00\x00\x00',b'\x07\x00\x00\x00\x00\x00\x00\x00\x02\x00\x00\x00\x00\x00\x00\x00\x03\x00\x00\x00\x00\x00\x00\x00'
West,b'\xf1(\x00\x00\x00\x00\x00\x00',b'\x07\x00\x00\x00\x00\x00\x00\x00\x02\x00\x00\x00\x00\x00\x00\x00\x03\x00\x00\x00\x00\x00\x00\x00'
East,"b'"")\x00\x00\x00\x00\x00\x00'",b'\x07\x00\x00\x00\x00\x00\x00\x00\x02\x00\x00\x00\x00\x00\x00\x00\x03\x00\x00\x00\x00\x00\x00\x00'
East,b'f\x10\x00\x00\x00\x00\x00\x00',b'\x07\x00\x00\x00\x00\x00\x00\x00\x02\x00\x00\x00\x00\x00\x00\x00\x02\x00\x00\x00\x00\x00\x00\x00\x03\x00\x00\x00\x00\x00\x00\x00\x03\x00\x00\x00\x00\x00\x00\x00'
Central,b'\xa2\x08\x00\x00\x00\x00\x00\x00',b'\x07\x00\x00\x00\x00\x00\x00\x00\x02\x00\x00\x00\x00\x00\x00\x00\x02\x00\x00\x00\x00\x00\x00\x00\x02\x00\x00\x00\x00\x00\x00\x00'
Central,b'\xf7\x07\x00\x00\x00\x00\x00\x00',b'\x07\x00\x00\x00\x00\x00\x00\x00\x02\x00\x00\x00\x00\x00\x00\x00\x02\x00\x00\x00\x00\x00\x00\x00\x02\x00\x00\x00\x00\x00\x00\x00'
East,b'e\x08\x00\x00\x00\x00\x00\x00',b'\x07\x00\x00\x00\x00\x00\x00\x00\x02\x00\x00\x00\x00\x00\x00\x00\x02\x00\x00\x00\x00\x00\x00\x00\x01\x00\x00\x00\x00\x00\x00\x00\x03\x00\x00\x00\x00\x00\x00\x00'
West,"b'""#\x00\x00\x00\x00\x00\x00'",b'\x07\x00\x00\x00\x00\x00\x00\x00\x02\x00\x00\x00\x00\x00\x00\x00\x02\x00\x00\x00\x00\x00\x00\x00'
West,b'\xec&\x00\x00\x00\x00\x00\x00',b'\x07\x00\x00\x00\x00\x00\x00\x00\x02\x00\x00\x00\x00\x00\x00\x00\x02\x00\x00\x00\x00\x00\x00\x00'
West,b'\xd3\x03\x00\x00\x00\x00\x00\x00',b'\x07\x00\x00\x00\x00\x00\x00\x00\x02\x00\x00\x00\x00\x00\x00\x00\x02\x00\x00\x00\x00\x00\x00\x00'
West,b'G\x11\x00\x00\x00\x00\x00\x00',b'\x07\x00\x00\x00\x00\x00\x00\x00\x02\x00\x00\x00\x00\x00\x00\x00\x02\x00\x00\x00\x00\x00\x00\x00'
Central,b'\x06$\x00\x00\x00\x00\x00\x00',b'\x07\x00\x00\x00\x00\x00\x00\x00\x02\x00\x00\x00\x00\x00\x00\x00\x02\x00\x00\x00\x00\x00\x00\x00'
Central,b'\xa9\x13\x00\x00\x00\x00\x00\x00',b'\x07\x00\x00\x00\x00\x00\x00\x00\x02\x00\x00\x00\x00\x00\x00\x00\x02\x00\x00\x00\x00\x00\x00\x00'
East,b'+\x1f\x00\x00\x00\x00\x00\x00',b'\x07\x00\x00\x00\x00\x00\x00\x00\x02\x00\x00\x00\x00\x00\x00\x00\x02\x00\x00\x00\x00\x00\x00\x00'
West,b'\xe9\x1d\x00\x00\x00\x00\x00\x00',b'\x07\x00\x00\x00\x00\x00\x00\x00\x02\x00\x00\x00\x00\x00\x00\x00\x02\x00\x00\x00\x00\x00\x00\x00'
West,"b""\xb0'\x00\x00\x00\x00\x00\x00""",b'\x07\x00\x00\x00\x00\x00\x00\x00\x02\x00\x00\x00\x00\x00\x00\x00\x02\x00\x00\x00\x00\x00\x00\x00'
West,b'M\x11\x00\x00\x00\x00\x00\x00',b'\x07\x00\x00\x00\x00\x00\x00\x00\x02\x00\x00\x00\x00\x00\x00\x00\x02\x00\x00\x00\x00\x00\x00\x00'
West,b'V\x1f\x00\x00\x00\x00\x00\x00',b'\x07\x00\x00\x00\x00\x00\x00\x00\x02\x00\x00\x00\x00\x00\x00\x00\x02\x00\x00\x00\x00\x00\x00\x00'
East,b'\xd7\x05\x00\x00\x00\x00\x00\x00',b'\x07\x00\x00\x00\x00\x00\x00\x00\x02\x00\x00\x00\x00\x00\x00\x00\x01\x00\x00\x00\x00\x00\x00\x00\x03\x00\x00\x00\x00\x00\x00\x00'
Central,b'N\x1d\x00\x00\x00\x00\x00\x00',b'\x07\x00\x00\x00\x00\x00\x00\x00\x02\x00\x00\x00\x00\x00\x00\x00\x01\x00\x00\x00\x00\x00\x00\x00'
Central,b'\xf5\x1b\x00\x00\x00\x00\x00\x00',b'\x07\x00\x00\x00\x00\x00\x00\x00\x02\x00\x00\x00\x00\x00\x00\x00'
South,b'\x96 \x00\x00\x00\x00\x00\x00',b'\x07\x00\x00\x00\x00\x00\x00\x00\x02\x00\x00\x00\x00\x00\x00\x00'
West,b'\xd9\x07\x00\x00\x00\x00\x00\x00',b'\x07\x00\x00\x00\x00\x00\x00\x00\x02\x00\x00\x00\x00\x00\x00\x00'
Central,"b""\xb8'\x00\x00\x00\x00\x00\x00""",b'\x07\x00\x00\x00\x00\x00\x00\x00\x02\x00\x00\x00\x00\x00\x00\x00'
East,b'\xd8\x15\x00\x00\x00\x00\x00\x00',b'\x07\x00\x00\x00\x00\x00\x00\x00\x02\x00\x00\x00\x00\x00\x00\x00'
East,b'i\n\x00\x00\x00\x00\x00\x00',b'\x07\x00\x00\x00\x00\x00\x00\x00\x02\x00\x00\x00\x00\x00\x00\x00'
East,b'\x83$\x00\x00\x00\x00\x00\x00',b'\x07\x00\x00\x00\x00\x00\x00\x00\x02\x00\x00\x00\x00\x00\x00\x00'
East,b'\xf5\x15\x00\x00\x00\x00\x00\x00',b'\x07\x00\x00\x00\x00\x00\x00\x00\x02\x00\x00\x00\x00\x00\x00\x00'
West,"b""\xe9'\x00\x00\x00\x00\x00\x00""",b'\x07\x00\x00\x00\x00\x00\x00\x00\x02\x00\x00\x00\x00\x00\x00\x00'
West,b'\r\x13\x00\x00\x00\x00\x00\x00',b'\x07\x00\x00\x00\x00\x00\x00\x00\x02\x00\x00\x00\x00\x00\x00\x00'
West,b'N\x10\x00\x00\x00\x00\x00\x00',b'\x07\x00\x00\x00\x00\x00\x00\x00\x02\x00\x00\x00\x00\x00\x00\x00'
East,b'X\x01\x00\x00\x00\x00\x00\x00',b'\x07\x00\x00\x00\x00\x00\x00\x00\x02\x00\x00\x00\x00\x00\x00\x00'
West,b'\xb6\x08\x00\x00\x00\x00\x00\x00',b'\x07\x00\x00\x00\x00\x00\x00\x00\x02\x00\x00\x00\x00\x00\x00\x00'
West,b'\xae\x1a\x00\x00\x00\x00\x00\x00',b'\x07\x00\x00\x00\x00\x00\x00\x00\x02\x00\x00\x00\x00\x00\x00\x00'
West,"b""\xbf'\x00\x00\x00\x00\x00\x00""",b'\x07\x00\x00\x00\x00\x00\x00\x00\x02\x00\x00\x00\x00\x00\x00\x00'
Central,b'\x80\x1e\x00\x00\x00\x00\x00\x00',b'\x07\x00\x00\x00\x00\x00\x00\x00\x02\x00\x00\x00\x00\x00\x00\x00'
West,b'\xd2\x16\x00\x00\x00\x00\x00\x00',b'\x07\x00\x00\x00\x00\x00\x00\x00\x02\x00\x00\x00\x00\x00\x00\x00'
East,b'\x9e\x07\x00\x00\x00\x00\x00\x00',b'\x07\x00\x00\x00\x00\x00\x00\x00\x02\x00\x00\x00\x00\x00\x00\x00'
East,b'\xbd\t\x00\x00\x00\x00\x00\x00',b'\x07\x00\x00\x00\x00\x00\x00\x00\x02\x00\x00\x00\x00\x00\x00\x00'
East,b'@\x1d\x00\x00\x00\x00\x00\x00',b'\x07\x00\x00\x00\x00\x00\x00\x00\x02\x00\x00\x00\x00\x00\x00\x00'
East,b' \x0c\x00\x00\x00\x00\x00\x00',b'\x07\x00\x00\x00\x00\x00\x00\x00\x02\x00\x00\x00\x00\x00\x00\x00'
South,b'\xeb\x1d\x00\x00\x00\x00\x00\x00',b'\x07\x00\x00\x00\x00\x00\x00\x00\x02\x00\x00\x00\x00\x00\x00\x00'
West,b'9&\x00\x00\x00\x00\x00\x00',b'\x07\x00\x00\x00\x00\x00\x00\x00\x02\x00\x00\x00\x00\x00\x00\x00'
West,b'\xea\x06\x00\x00\x00\x00\x00\x00',b'\x07\x00\x00\x00\x00\x00\x00\x00\x02\x00\x00\x00\x00\x00\x00\x00'
Central,b'k\x14\x00\x00\x00\x00\x00\x00',b'\x07\x00\x00\x00\x00\x00\x00\x00\x02\x00\x00\x00\x00\x00\x00\x00'
West,b'\xd4\n\x00\x00\x00\x00\x00\x00',b'\x07\x00\x00\x00\x00\x00\x00\x00\x02\x00\x00\x00\x00\x00\x00\x00'
East,b'*\x19\x00\x00\x00\x00\x00\x00',b'\x07\x00\x00\x00\x00\x00\x00\x00\x02\x00\x00\x00\x00\x00\x00\x00'
East,b'\xd5\x0e\x00\x00\x00\x00\x00\x00',b'\x07\x00\x00\x00\x00\x00\x00\x00\x02\x00\x00\x00\x00\x00\x00\x00'
South,b'{\x19\x00\x00\x00\x00\x00\x00',b'\x07\x00\x00\x00\x00\x00\x00\x00\x02\x00\x00\x00\x00\x00\x00\x00'
South,b'\xfa!\x00\x00\x00\x00\x00\x00',b'\x07\x00\x00\x00\x00\x00\x00\x00\x02\x00\x00\x00\x00\x00\x00\x00'
East,b'\xa7$\x00\x00\x00\x00\x00\x00',b'\x07\x00\x00\x00\x00\x00\x00\x00\x02\x00\x00\x00\x00\x00\x00\x00'
West,b'\xdf\x08\x00\x00\x00\x00\x00\x00',b'\x07\x00\x00\x00\x00\x00\x00\x00\x02\x00\x00\x00\x00\x00\x00\x00'
West,b'\xb9\x10\x00\x00\x00\x00\x00\x00',b'\x07\x00\x00\x00\x00\x00\x00\x00\x02\x00\x00\x00\x00\x00\x00\x00'
West,b'\xf6$\x00\x00\x00\x00\x00\x00',b'\x07\x00\x00\x00\x00\x00\x00\x00\x02\x00\x00\x00\x00\x00\x00\x00'
West,b'\x96\x03\x00\x00\x00\x00\x00\x00',b'\x07\x00\x00\x00\x00\x00\x00\x00\x02\x00\x00\x00\x00\x00\x00\x00'
West,b'\xe1\x17\x00\x00\x00\x00\x00\x00',b'\x07\x00\x00\x00\x00\x00\x00\x00\x02\x00\x00\x00\x00\x00\x00\x00'
West,b'\xbc\x03\x00\x00\x00\x00\x00\x00',b'\x07\x00\x00\x00\x00\x00\x00\x00\x02\x00\x00\x00\x00\x00\x00\x00'
East,b'c\n\x00\x00\x00\x00\x00\x00',b'\x07\x00\x00\x00\x00\x00\x00\x00\x02\x00\x00\x00\x00\x00\x00\x00'
Central,b'\xc5)\x00\x00\x00\x00\x00\x00',b'\x07\x00\x00\x00\x00\x00\x00\x00\x02\x00\x00\x00\x00\x00\x00\x00'
Central,b'\xec\x14\x00\x00\x00\x00\x00\x00',b'\x07\x00\x00\x00\x00\x00\x00\x00\x02\x00\x00\x00\x00\x00\x00\x00'
West,b'{\x1f\x00\x00\x00\x00\x00\x00',b'\x07\x00\x00\x00\x00\x00\x00\x00\x02\x00\x00\x00\x00\x00\x00\x00'
West,b'\xbb\x1b\x00\x00\x00\x00\x00\x00',b'\x07\x00\x00\x00\x00\x00\x00\x00\x02\x00\x00\x00\x00\x00\x00\x00'
South,"b""\xf1'\x00\x00\x00\x00\x00\x00""",b'\x07\x00\x00\x00\x00\x00\x00\x00\x02\x00\x00\x00\x00\x00\x00\x00'
West,b'3\x1c\x00\x00\x00\x00\x00\x00',b'\x07\x00\x00\x00\x00\x00\x00\x00\x02\x00\x00\x00\x00\x00\x00\x00'
West,b'\xcf\x00\x00\x00\x00\x00\x00\x00',b'\x07\x00\x00\x00\x00\x00\x00\x00\x02\x00\x00\x00\x00\x00\x00\x00'
Central,b'\x12\t\x00\x00\x00\x00\x00\x00',b'\x07\x00\x00\x00\x00\x00\x00\x00\x02\x00\x00\x00\x00\x00\x00\x00'
Central,b'\x7f\x06\x00\x00\x00\x00\x00\x00',b'\x07\x00\x00\x00\x00\x00\x00\x00\x01\x00\x00\x00\x00\x00\x00\x00\x05\x00\x00\x00\x00\x00\x00\x00'
West,b'\xa8)\x00\x00\x00\x00\x00\x00',b'\x07\x00\x00\x00\x00\x00\x00\x00\x01\x00\x00\x00\x00\x00\x00\x00\x03\x00\x00\x00\x00\x00\x00\x00\x02\x00\x00\x00\x00\x00\x00\x00\x02\x00\x00\x00\x00\x00\x00\x00'
Central,b'~\x16\x00\x00\x00\x00\x00\x00',b'\x07\x00\x00\x00\x00\x00\x00\x00\x01\x00\x00\x00\x00\x00\x00\x00\x03\x00\x00\x00\x00\x00\x00\x00'
East,b'\x15 \x00\x00\x00\x00\x00\x00',b'\x07\x00\x00\x00\x00\x00\x00\x00\x01\x00\x00\x00\x00\x00\x00\x00\x02\x00\x00\x00\x00\x00\x00\x00'
Central,b'\x86&\x00\x00\x00\x00\x00\x00',b'\x07\x00\x00\x00\x00\x00\x00\x00\x01\x00\x00\x00\x00\x00\x00\x00\x02\x00\x00\x00\x00\x00\x00\x00'
East,b'W\x19\x00\x00\x00\x00\x00\x00',b'\x07\x00\x00\x00\x00\x00\x00\x00\x01\x00\x00\x00\x00\x00\x00\x00\x02\x00\x00\x00\x00\x00\x00\x00'
West,b'#)\x00\x00\x00\x00\x00\x00',b'\x07\x00\x00\x00\x00\x00\x00\x00\x01\x00\x00\x00\x00\x00\x00\x00\x01\x00\x00\x00\x00\x00\x00\x00'
Central,b'\x17%\x00\x00\x00\x00\x00\x00',b'\x07\x00\x00\x00\x00\x00\x00\x00\x01\x00\x00\x00\x00\x00\x00\x00\x01\x00\x00\x00\x00\x00\x00\x00'
West,b'\x11\x16\x00\x00\x00\x00\x00\x00',b'\x07\x00\x00\x00\x00\x00\x00\x00\x01\x00\x00\x00\x00\x00\x00\x00'
East,b'\x82\x0f\x00\x00\x00\x00\x00\x00',b'\x07\x00\x00\x00\x00\x00\x00\x00\x01\x00\x00\x00\x00\x00\x00\x00'
Central,b'd\t\x00\x00\x00\x00\x00\x00',b'\x07\x00\x00\x00\x00\x00\x00\x00\x01\x00\x00\x00\x00\x00\x00\x00'
South,b'v\x10\x00\x00\x00\x00\x00\x00',b'\x07\x00\x00\x00\x00\x00\x00\x00\x01\x00\x00\x00\x00\x00\x00\x00'
West,b'\xa3\x05\x00\x00\x00\x00\x00\x00',b'\x07\x00\x00\x00\x00\x00\x00\x00\x01\x00\x00\x00\x00\x00\x00\x00'
East,b'A$\x00\x00\x00\x00\x00\x00',b'\x07\x00\x00\x00\x00\x00\x00\x00\x01\x00\x00\x00\x00\x00\x00\x00'
Central,b'\xd3(\x00\x00\x00\x00\x00\x00',b'\x07\x00\x00\x00\x00\x00\x00\x00\x01\x00\x00\x00\x00\x00\x00\x00'
East,b'>\x1c\x00\x00\x00\x00\x00\x00',b'\x07\x00\x00\x00\x00\x00\x00\x00\x01\x00\x00\x00\x00\x00\x00\x00'
East,b'\x10\x01\x00\x00\x00\x00\x00\x00',b'\x07\x00\x00\x00\x00\x00\x00\x00\x01\x00\x00\x00\x00\x00\x00\x00'
Central,b'p\x19\x00\x00\x00\x00\x00\x00',b'\x07\x00\x00\x00\x00\x00\x00\x00\x01\x00\x00\x00\x00\x00\x00\x00'
South,b'|\x05\x00\x00\x00\x00\x00\x00',b'\x07\x00\x00\x00\x00\x00\x00\x00\x01\x00\x00\x00\x00\x00\x00\x00'
East,b'\xb8\x16\x00\x00\x00\x00\x00\x00',b'\x07\x00\x00\x00\x00\x00\x00\x00\x01\x00\x00\x00\x00\x00\x00\x00'
East,b'\x04\x17\x00\x00\x00\x00\x00\x00',b'\x07\x00\x00\x00\x00\x00\x00\x00\x01\x00\x00\x00\x00\x00\x00\x00'
Central,b'R\n\x00\x00\x00\x00\x00\x00',b'\x07\x00\x00\x00\x00\x00\x00\x00\x01\x00\x00\x00\x00\x00\x00\x00'
West,b')%\x00\x00\x00\x00\x00\x00',b'\x07\x00\x00\x00\x00\x00\x00\x00\x01\x00\x00\x00\x00\x00\x00\x00'
West,b'<\x05\x00\x00\x00\x00\x00\x00',b'\x07\x00\x00\x00\x00\x00\x00\x00\x01\x00\x00\x00\x00\x00\x00\x00'
East,b'\xa4\n\x00\x00\x00\x00\x00\x00',b'\x07\x00\x00\x00\x00\x00\x00\x00\x01\x00\x00\x00\x00\x00\x00\x00'
East,"b'\x12""\x00\x00\x00\x00\x00\x00'",b'\x07\x00\x00\x00\x00\x00\x00\x00\x01\x00\x00\x00\x00\x00\x00\x00'
East,b'\x0b\x00\x00\x00\x00\x00\x00\x00',b'\x07\x00\x00\x00\x00\x00\x00\x00\x01\x00\x00\x00\x00\x00\x00\x00'
West,b'u\x12\x00\x00\x00\x00\x00\x00',b'\x07\x00\x00\x00\x00\x00\x00\x00\x01\x00\x00\x00\x00\x00\x00\x00'
West,b'\xd9%\x00\x00\x00\x00\x00\x00',b'\x07\x00\x00\x00\x00\x00\x00\x00\x01\x00\x00\x00\x00\x00\x00\x00'
West,b'\xe5\x1e\x00\x00\x00\x00\x00\x00',b'\x07\x00\x00\x00\x00\x00\x00\x00\x01\x00\x00\x00\x00\x00\x00\x00'
West,b'\x80\x1c\x00\x00\x00\x00\x00\x00',b'\x07\x00\x00\x00\x00\x00\x00\x00\x01\x00\x00\x00\x00\x00\x00\x00'
Central,b'\xac#\x00\x00\x00\x00\x00\x00',b'\x07\x00\x00\x00\x00\x00\x00\x00\x01\x00\x00\x00\x00\x00\x00\x00'
East,b'1\x02\x00\x00\x00\x00\x00\x00',b'\x07\x00\x00\x00\x00\x00\x00\x00\x01\x00\x00\x00\x00\x00\x00\x00'
South,b'\xc2 \x00\x00\x00\x00\x00\x00',b'\x07\x00\x00\x00\x00\x00\x00\x00\x01\x00\x00\x00\x00\x00\x00\x00'
South,b'\xe8\x12\x00\x00\x00\x00\x00\x00',b'\x07\x00\x00\x00\x00\x00\x00\x00'
East,b'\xb9)\x00\x00\x00\x00\x00\x00',b'\x07\x00\x00\x00\x00\x00\x00\x00'
Central,b'\xf6(\x00\x00\x00\x00\x00\x00',b'\x07\x00\x00\x00\x00\x00\x00\x00'
Central,b'\x05)\x00\x00\x00\x00\x00\x00',b'\x07\x00\x00\x00\x00\x00\x00\x00'
West,b'2\x04\x00\x00\x00\x00\x00\x00',b'\x07\x00\x00\x00\x00\x00\x00\x00'
East,b'\xa2(\x00\x00\x00\x00\x00\x00',b'\x07\x00\x00\x00\x00\x00\x00\x00'
South,b'\xf8\x17\x00\x00\x00\x00\x00\x00',b'\x07\x00\x00\x00\x00\x00\x00\x00'
West,b'\xf1\n\x00\x00\x00\x00\x00\x00',b'\x07\x00\x00\x00\x00\x00\x00\x00'
East,b'\xa1\x16\x00\x00\x00\x00\x00\x00',b'\x07\x00\x00\x00\x00\x00\x00\x00'
Central,b'\xbd\x05\x00\x00\x00\x00\x00\x00',b'\x07\x00\x00\x00\x00\x00\x00\x00'
Central,b'\x06(\x00\x00\x00\x00\x00\x00',b'\x07\x00\x00\x00\x00\x00\x00\x00'
West,b'5\x00\x00\x00\x00\x00\x00\x00',b'\x07\x00\x00\x00\x00\x00\x00\x00'
East,b'\xb7(\x00\x00\x00\x00\x00\x00',b'\x07\x00\x00\x00\x00\x00\x00\x00'
Central,b'\xdc\x0e\x00\x00\x00\x00\x00\x00',b'\x07\x00\x00\x00\x00\x00\x00\x00'
South,b'\xfc\x0b\x00\x00\x00\x00\x00\x00',b'\x07\x00\x00\x00\x00\x00\x00\x00'
Central,b'\x17\x13\x00\x00\x00\x00\x00\x00',b'\x07\x00\x00\x00\x00\x00\x00\x00'
East,b'\xfe\x10\x00\x00\x00\x00\x00\x00',b'\x07\x00\x00\x00\x00\x00\x00\x00'
East,b'\xae\n\x00\x00\x00\x00\x00\x00',b'\x07\x00\x00\x00\x00\x00\x00\x00'
West,"b',!\x00\x00\x00\x00\x00\x00'",b'\x07\x00\x00\x00\x00\x00\x00\x00'
Central,b'\x0e%\x00\x00\x00\x00\x00\x00',b'\x07\x00\x00\x00\x00\x00\x00\x00'
Central,b'\xe8\x12\x00\x00\x00\x00\x00\x00',b'\x07\x00\x00\x00\x00\x00\x00\x00'
Central,b'\xf0%\x00\x00\x00\x00\x00\x00',b'\x07\x00\x00\x00\x00\x00\x00\x00'
East,b'\xf6\x1e\x00\x00\x00\x00\x00\x00',b'\x07\x00\x00\x00\x00\x00\x00\x00'
East,"b""\xf7'\x00\x00\x00\x00\x00\x00""",b'\x07\x00\x00\x00\x00\x00\x00\x00'
Central,b'\xce\x10\x00\x00\x00\x00\x00\x00',b'\x07\x00\x00\x00\x00\x00\x00\x00'
Central,b'\xcd\x06\x00\x00\x00\x00\x00\x00',b'\x07\x00\x00\x00\x00\x00\x00\x00'
Central,b'\xf0\x00\x00\x00\x00\x00\x00\x00',b'\x07\x00\x00\x00\x00\x00\x00\x00'
Central,b'\xcc%\x00\x00\x00\x00\x00\x00',b'\x07\x00\x00\x00\x00\x00\x00\x00'
Central,b'\xea$\x00\x00\x00\x00\x00\x00',b'\x07\x00\x00\x00\x00\x00\x00\x00'
Central,b'\x1b!\x00\x00\x00\x00\x00\x00',b'\x07\x00\x00\x00\x00\x00\x00\x00'
East,b'{%\x00\x00\x00\x00\x00\x00',b'\x07\x00\x00\x00\x00\x00\x00\x00'
South,b'\x9c\x11\x00\x00\x00\x00\x00\x00',b'\x07\x00\x00\x00\x00\x00\x00\x00'
Central,b'\x1a\t\x00\x00\x00\x00\x00\x00',b'\x07\x00\x00\x00\x00\x00\x00\x00'
South,b'\x11\x19\x00\x00\x00\x00\x00\x00',b'\x07\x00\x00\x00\x00\x00\x00\x00'
South,b'\xf2\x19\x00\x00\x00\x00\x00\x00',b'\x07\x00\x00\x00\x00\x00\x00\x00'
Central,b'\x19\x1f\x00\x00\x00\x00\x00\x00',b'\x07\x00\x00\x00\x00\x00\x00\x00'
West,b'@\x1d\x00\x00\x00\x00\x00\x00',b'\x07\x00\x00\x00\x00\x00\x00\x00'
West,b'\xf6\x01\x00\x00\x00\x00\x00\x00',b'\x07\x00\x00\x00\x00\x00\x00\x00'
Central,b'\x17\x02\x00\x00\x00\x00\x00\x00',b'\x07\x00\x00\x00\x00\x00\x00\x00'
South,b'\x0c\x06\x00\x00\x00\x00\x00\x00',b'\x07\x00\x00\x00\x00\x00\x00\x00'
West,b'\xf9\x0c\x00\x00\x00\x00\x00\x00',b'\x07\x00\x00\x00\x00\x00\x00\x00'
West,b'9\n\x00\x00\x00\x00\x00\x00',b'\x07\x00\x00\x00\x00\x00\x00\x00'
East,b'\xf9(\x00\x00\x00\x00\x00\x00',b'\x07\x00\x00\x00\x00\x00\x00\x00'
East,b'\xfd\x04\x00\x00\x00\x00\x00\x00',b'\x07\x00\x00\x00\x00\x00\x00\x00'
West,b'1\x05\x00\x00\x00\x00\x00\x00',b'\x07\x00\x00\x00\x00\x00\x00\x00'
South,b'\xee\x04\x00\x00\x00\x00\x00\x00',b'\x07\x00\x00\x00\x00\x00\x00\x00'
West,"b'\x9b""\x00\x00\x00\x00\x00\x00'",b'\x07\x00\x00\x00\x00\x00\x00\x00'
West,b'\x90\x02\x00\x00\x00\x00\x00\x00',b'\x07\x00\x00\x00\x00\x00\x00\x00'
West,b'\x9c\r\x00\x00\x00\x00\x00\x00',b'\x07\x00\x00\x00\x00\x00\x00\x00'
South,b'\t\x01\x00\x00\x00\x00\x00\x00',b'\x07\x00\x00\x00\x00\x00\x00\x00'
Central,b'\xe4\x1f\x00\x00\x00\x00\x00\x00',b'\x07\x00\x00\x00\x00\x00\x00\x00'
Central,b'\xc2\x19\x00\x00\x00\x00\x00\x00',b'\x07\x00\x00\x00\x00\x00\x00\x00'
Central,b'\x0c\x01\x00\x00\x00\x00\x00\x00',b'\x07\x00\x00\x00\x00\x00\x00\x00'
West,b'0\x1f\x00\x00\x00\x00\x00\x00',b'\x07\x00\x00\x00\x00\x00\x00\x00'
West,b'\x03#\x00\x00\x00\x00\x00\x00',b'\x07\x00\x00\x00\x00\x00\x00\x00'
West,b'\xa7&\x00\x00\x00\x00\x00\x00',b'\x07\x00\x00\x00\x00\x00\x00\x00'
South,b'\xf4\x1b\x00\x00\x00\x00\x00\x00',b'\x07\x00\x00\x00\x00\x00\x00\x00'
South,b'\x15(\x00\x00\x00\x00\x00\x00',b'\x07\x00\x00\x00\x00\x00\x00\x00'
South,b'\n!\x00\x00\x00\x00\x00\x00',b'\x07\x00\x00\x00\x00\x00\x00\x00'
West,b'\x00\x03\x00\x00\x00\x00\x00\x00',b'\x07\x00\x00\x00\x00\x00\x00\x00'
Central,b'\xf2\x03\x00\x00\x00\x00\x00\x00',b'\x07\x00\x00\x00\x00\x00\x00\x00'
Central,b'\xc3 \x00\x00\x00\x00\x00\x00',b'\x07\x00\x00\x00\x00\x00\x00\x00'
South,b'\x80%\x00\x00\x00\x00\x00\x00',b'\x07\x00\x00\x00\x00\x00\x00\x00'
South,b'\x97(\x00\x00\x00\x00\x00\x00',b'\x07\x00\x00\x00\x00\x00\x00\x00'
West,b':\r\x00\x00\x00\x00\x00\x00',b'\x07\x00\x00\x00\x00\x00\x00\x00'
South,b'\xe0\x1b\x00\x00\x00\x00\x00\x00',b'\x07\x00\x00\x00\x00\x00\x00\x00'
South,b'z%\x00\x00\x00\x00\x00\x00',b'\x07\x00\x00\x00\x00\x00\x00\x00'
East,"b""B'\x00\x00\x00\x00\x00\x00""",b'\x07\x00\x00\x00\x00\x00\x00\x00'
Central,b'\x9e\x0e\x00\x00\x00\x00\x00\x00',b'\x07\x00\x00\x00\x00\x00\x00\x00'
East,b'\x0f%\x00\x00\x00\x00\x00\x00',b'\x07\x00\x00\x00\x00\x00\x00\x00'
Central,b'H&\x00\x00\x00\x00\x00\x00',b'\x07\x00\x00\x00\x00\x00\x00\x00'
East,b'F\x04\x00\x00\x00\x00\x00\x00',b'\x07\x00\x00\x00\x00\x00\x00\x00'
Central,b'\x9f$\x00\x00\x00\x00\x00\x00',b'\x07\x00\x00\x00\x00\x00\x00\x00'
Central,b'G\x1a\x00\x00\x00\x00\x00\x00',b'\x07\x00\x00\x00\x00\x00\x00\x00'
West,b'e\x19\x00\x00\x00\x00\x00\x00',b'\x07\x00\x00\x00\x00\x00\x00\x00'
West,b'\x1b$\x00\x00\x00\x00\x00\x00',b'\x07\x00\x00\x00\x00\x00\x00\x00'
West,b'$\t\x00\x00\x00\x00\x00\x00',b'\x07\x00\x00\x00\x00\x00\x00\x00'
South,b'\xc3\x1c\x00\x00\x00\x00\x00\x00',b'\x07\x00\x00\x00\x00\x00\x00\x00'
East,b'\x1f\x13\x00\x00\x00\x00\x00\x00',b'\x07\x00\x00\x00\x00\x00\x00\x00'
East,b';\x0e\x00\x00\x00\x00\x00\x00',b'\x07\x00\x00\x00\x00\x00\x00\x00'
South,b'\xb6(\x00\x00\x00\x00\x00\x00',b'\x07\x00\x00\x00\x00\x00\x00\x00'
West,b'\xb9\x01\x00\x00\x00\x00\x00\x00',b'\x07\x00\x00\x00\x00\x00\x00\x00'
East,"b""\xd1'\x00\x00\x00\x00\x00\x00""",b'\x07\x00\x00\x00\x00\x00\x00\x00'
South,"b'm""\x00\x00\x00\x00\x00\x00'",b'\x07\x00\x00\x00\x00\x00\x00\x00'
Central,"b""A'\x00\x00\x00\x00\x00\x00""",b'\x07\x00\x00\x00\x00\x00\x00\x00'
South,b'-\x16\x00\x00\x00\x00\x00\x00',b'\x07\x00\x00\x00\x00\x00\x00\x00'
East,b' \x10\x00\x00\x00\x00\x00\x00',b'\x07\x00\x00\x00\x00\x00\x00\x00'
Central,b'S\x16\x00\x00\x00\x00\x00\x00',b'\x07\x00\x00\x00\x00\x00\x00\x00'
South,b'A\x13\x00\x00\x00\x00\x00\x00',b'\x07\x00\x00\x00\x00\x00\x00\x00'
West,b'\xe4$\x00\x00\x00\x00\x00\x00',b'\x07\x00\x00\x00\x00\x00\x00\x00'
East,b'^\x19\x00\x00\x00\x00\x00\x00',b'\x07\x00\x00\x00\x00\x00\x00\x00'
South,b'\xdd\r\x00\x00\x00\x00\x00\x00',b'\x07\x00\x00\x00\x00\x00\x00\x00'
East,b'\x11\x04\x00\x00\x00\x00\x00\x00',b'\x07\x00\x00\x00\x00\x00\x00\x00'
South,b'Y\t\x00\x00\x00\x00\x00\x00',b'\x07\x00\x00\x00\x00\x00\x00\x00'
South,b'`\x01\x00\x00\x00\x00\x00\x00',b'\x07\x00\x00\x00\x00\x00\x00\x00'
South,b'\xd8 \x00\x00\x00\x00\x00\x00',b'\x07\x00\x00\x00\x00\x00\x00\x00'
Central,b'\x96\x1c\x00\x00\x00\x00\x00\x00',b'\x07\x00\x00\x00\x00\x00\x00\x00'
South,b'\xd8\x16\x00\x00\x00\x00\x00\x00',b'\x07\x00\x00\x00\x00\x00\x00\x00'
East,b'T\x0c\x00\x00\x00\x00\x00\x00',b'\x07\x00\x00\x00\x00\x00\x00\x00'
East,b'T%\x00\x00\x00\x00\x00\x00',b'\x07\x00\x00\x00\x00\x00\x00\x00'
South,b'`\t\x00\x00\x00\x00\x00\x00',b'\x07\x00\x00\x00\x00\x00\x00\x00'
South,b'\xd8\x12\x00\x00\x00\x00\x00\x00',b'\x07\x00\x00\x00\x00\x00\x00\x00'
Central,b'\x94\x06\x00\x00\x00\x00\x00\x00',b'\x07\x00\x00\x00\x00\x00\x00\x00'
Central,b'X%\x00\x00\x00\x00\x00\x00',b'\x07\x00\x00\x00\x00\x00\x00\x00'
South,b'\xda\x00\x00\x00\x00\x00\x00\x00',b'\x07\x00\x00\x00\x00\x00\x00\x00'
West,b'\x05\x18\x00\x00\x00\x00\x00\x00',b'\x07\x00\x00\x00\x00\x00\x00\x00'
Central,b'\x99\x1f\x00\x00\x00\x00\x00\x00',b'\x07\x00\x00\x00\x00\x00\x00\x00'
Central,b'\x99&\x00\x00\x00\x00\x00\x00',b'\x07\x00\x00\x00\x00\x00\x00\x00'
East,b'N\t\x00\x00\x00\x00\x00\x00',b'\x07\x00\x00\x00\x00\x00\x00\x00'
East,b'M\x0c\x00\x00\x00\x00\x00\x00',b'\x07\x00\x00\x00\x00\x00\x00\x00'
South,b'6\x1c\x00\x00\x00\x00\x00\x00',b'\x07\x00\x00\x00\x00\x00\x00\x00'
Central,b'\x90\x1a\x00\x00\x00\x00\x00\x00',b'\x07\x00\x00\x00\x00\x00\x00\x00'
South,b'>\x03\x00\x00\x00\x00\x00\x00',b'\x07\x00\x00\x00\x00\x00\x00\x00'
East,b'\x11\x19\x00\x00\x00\x00\x00\x00',b'\x07\x00\x00\x00\x00\x00\x00\x00'
Central,b'\x8f#\x00\x00\x00\x00\x00\x00',b'\x07\x00\x00\x00\x00\x00\x00\x00'
West,b'\x19\x01\x00\x00\x00\x00\x00\x00',b'\x07\x00\x00\x00\x00\x00\x00\x00'
West,b'\xc6\x0c\x00\x00\x00\x00\x00\x00',b'\x07\x00\x00\x00\x00\x00\x00\x00'
East,b'\x07 \x00\x00\x00\x00\x00\x00',b'\x07\x00\x00\x00\x00\x00\x00\x00'
Central,"b""\xb1'\x00\x00\x00\x00\x00\x00""",b'\x07\x00\x00\x00\x00\x00\x00\x00'
Central,b'\x82\x05\x00\x00\x00\x00\x00\x00',b'\x07\x00\x00\x00\x00\x00\x00\x00'
Central,b'\xb4\x02\x00\x00\x00\x00\x00\x00',b'\x07\x00\x00\x00\x00\x00\x00\x00'
West,b'\xca\x07\x00\x00\x00\x00\x00\x00',b'\x07\x00\x00\x00\x00\x00\x00\x00'
East,b'\xd7\x1a\x00\x00\x00\x00\x00\x00',b'\x07\x00\x00\x00\x00\x00\x00\x00'
South,b'\xaf%\x00\x00\x00\x00\x00\x00',b'\x07\x00\x00\x00\x00\x00\x00\x00'
South,b'\xca\x1a\x00\x00\x00\x00\x00\x00',b'\x07\x00\x00\x00\x00\x00\x00\x00'
Central,b't\x15\x00\x00\x00\x00\x00\x00',b'\x07\x00\x00\x00\x00\x00\x00\x00'
Central,b'\xff\x1e\x00\x00\x00\x00\x00\x00',b'\x07\x00\x00\x00\x00\x00\x00\x00'
East,b'\xf0$\x00\x00\x00\x00\x00\x00',b'\x07\x00\x00\x00\x00\x00\x00\x00'
Central,"b',!\x00\x00\x00\x00\x00\x00'",b'\x07\x00\x00\x00\x00\x00\x00\x00'
Central,b'w\x03\x00\x00\x00\x00\x00\x00',b'\x07\x00\x00\x00\x00\x00\x00\x00'
Central,b'w\x0f\x00\x00\x00\x00\x00\x00',b'\x07\x00\x00\x00\x00\x00\x00\x00'
Central,b'y\x11\x00\x00\x00\x00\x00\x00',b'\x07\x00\x00\x00\x00\x00\x00\x00'
Central,"b""\xfc'\x00\x00\x00\x00\x00\x00""",b'\x07\x00\x00\x00\x00\x00\x00\x00'
South,b'K\x02\x00\x00\x00\x00\x00\x00',b'\x07\x00\x00\x00\x00\x00\x00\x00'
East,b'1\t\x00\x00\x00\x00\x00\x00',b'\x07\x00\x00\x00\x00\x00\x00\x00'
South,b'\xe7%\x00\x00\x00\x00\x00\x00',b'\x07\x00\x00\x00\x00\x00\x00\x00'
Central,b'\xfc\x11\x00\x00\x00\x00\x00\x00',b'\x07\x00\x00\x00\x00\x00\x00\x00'
Central,b'*\x04\x00\x00\x00\x00\x00\x00',b'\x07\x00\x00\x00\x00\x00\x00\x00'
South,b'\xa9\x13\x00\x00\x00\x00\x00\x00',b'\x07\x00\x00\x00\x00\x00\x00\x00'
West,b'o\x03\x00\x00\x00\x00\x00\x00',b'\x07\x00\x00\x00\x00\x00\x00\x00'
South,b'\x1f\x13\x00\x00\x00\x00\x00\x00',b'\x07\x00\x00\x00\x00\x00\x00\x00'
South,b'\xcf\x1a\x00\x00\x00\x00\x00\x00',b'\x07\x00\x00\x00\x00\x00\x00\x00'
South,b's\x00\x00\x00\x00\x00\x00\x00',b'\x07\x00\x00\x00\x00\x00\x00\x00'
East,b'S\x0e\x00\x00\x00\x00\x00\x00',b'\x07\x00\x00\x00\x00\x00\x00\x00'
South,b'\xd3\x11\x00\x00\x00\x00\x00\x00',b'\x07\x00\x00\x00\x00\x00\x00\x00'
Central,b'\xae\x16\x00\x00\x00\x00\x00\x00',b'\x07\x00\x00\x00\x00\x00\x00\x00'
Central,b'<\x0b\x00\x00\x00\x00\x00\x00',b'\x07\x00\x00\x00\x00\x00\x00\x00'
West,b'k!\x00\x00\x00\x00\x00\x00',b'\x07\x00\x00\x00\x00\x00\x00\x00'
East,b'j(\x00\x00\x00\x00\x00\x00',b'\x07\x00\x00\x00\x00\x00\x00\x00'
East,b'\x02\x1f\x00\x00\x00\x00\x00\x00',b'\x07\x00\x00\x00\x00\x00\x00\x00'
South,b'*\t\x00\x00\x00\x00\x00\x00',b'\x07\x00\x00\x00\x00\x00\x00\x00'
West,b'\xca\x14\x00\x00\x00\x00\x00\x00',b'\x07\x00\x00\x00\x00\x00\x00\x00'
West,b'\xce#\x00\x00\x00\x00\x00\x00',b'\x07\x00\x00\x00\x00\x00\x00\x00'
East,b'l\x15\x00\x00\x00\x00\x00\x00',b'\x07\x00\x00\x00\x00\x00\x00\x00'
Central,b'\xae\x1c\x00\x00\x00\x00\x00\x00',b'\x07\x00\x00\x00\x00\x00\x00\x00'
West,b's \x00\x00\x00\x00\x00\x00',b'\x07\x00\x00\x00\x00\x00\x00\x00'
Central,b'\xae\x10\x00\x00\x00\x00\x00\x00',b'\x07\x00\x00\x00\x00\x00\x00\x00'
Central,b'\x93\x1c\x00\x00\x00\x00\x00\x00',b'\x06\x00\x00\x00\x00\x00\x00\x00\x0b\x00\x00\x00\x00\x00\x00\x00'
West,b'\xc7\x1f\x00\x00\x00\x00\x00\x00',b'\x06\x00\x00\x00\x00\x00\x00\x00\n\x00\x00\x00\x00\x00\x00\x00\x02\x00\x00\x00\x00\x00\x00\x00'
West,b'\xc2\x18\x00\x00\x00\x00\x00\x00',b'\x06\x00\x00\x00\x00\x00\x00\x00\n\x00\x00\x00\x00\x00\x00\x00\x02\x00\x00\x00\x00\x00\x00\x00'
West,b'\x8c&\x00\x00\x00\x00\x00\x00',b'\x06\x00\x00\x00\x00\x00\x00\x00\n\x00\x00\x00\x00\x00\x00\x00'
South,b'*\x1a\x00\x00\x00\x00\x00\x00',b'\x06\x00\x00\x00\x00\x00\x00\x00\t\x00\x00\x00\x00\x00\x00\x00\x06\x00\x00\x00\x00\x00\x00\x00'
East,b'\xe8\x1a\x00\x00\x00\x00\x00\x00',b'\x06\x00\x00\x00\x00\x00\x00\x00\t\x00\x00\x00\x00\x00\x00\x00\x05\x00\x00\x00\x00\x00\x00\x00'
West,b'Z\x0b\x00\x00\x00\x00\x00\x00',b'\x06\x00\x00\x00\x00\x00\x00\x00\t\x00\x00\x00\x00\x00\x00\x00\x03\x00\x00\x00\x00\x00\x00\x00\x03\x00\x00\x00\x00\x00\x00\x00\x01\x00\x00\x00\x00\x00\x00\x00\x01\x00\x00\x00\x00\x00\x00\x00'
West,b'\x01\x1d\x00\x00\x00\x00\x00\x00',b'\x06\x00\x00\x00\x00\x00\x00\x00\t\x00\x00\x00\x00\x00\x00\x00'
West,b'M\x14\x00\x00\x00\x00\x00\x00',b'\x06\x00\x00\x00\x00\x00\x00\x00\x08\x00\x00\x00\x00\x00\x00\x00\x08\x00\x00\x00\x00\x00\x00\x00\x03\x00\x00\x00\x00\x00\x00\x00'
East,b'\xd0\x17\x00\x00\x00\x00\x00\x00',b'\x06\x00\x00\x00\x00\x00\x00\x00\x08\x00\x00\x00\x00\x00\x00\x00\x05\x00\x00\x00\x00\x00\x00\x00\x02\x00\x00\x00\x00\x00\x00\x00\x03\x00\x00\x00\x00\x00\x00\x00\x04\x00\x00\x00\x00\x00\x00\x00'
West,b'\x8a\x04\x00\x00\x00\x00\x00\x00',b'\x06\x00\x00\x00\x00\x00\x00\x00\x08\x00\x00\x00\x00\x00\x00\x00\x05\x00\x00\x00\x00\x00\x00\x00'
West,b'\xfa\r\x00\x00\x00\x00\x00\x00',b'\x06\x00\x00\x00\x00\x00\x00\x00\x08\x00\x00\x00\x00\x00\x00\x00\x04\x00\x00\x00\x00\x00\x00\x00\x02\x00\x00\x00\x00\x00\x00\x00'
West,b'\x86!\x00\x00\x00\x00\x00\x00',b'\x06\x00\x00\x00\x00\x00\x00\x00\x08\x00\x00\x00\x00\x00\x00\x00\x04\x00\x00\x00\x00\x00\x00\x00\x02\x00\x00\x00\x00\x00\x00\x00'
Central,b'\x97%\x00\x00\x00\x00\x00\x00',b'\x06\x00\x00\x00\x00\x00\x00\x00\x08\x00\x00\x00\x00\x00\x00\x00\x02\x00\x00\x00\x00\x00\x00\x00'
South,b'\x03%\x00\x00\x00\x00\x00\x00',b'\x06\x00\x00\x00\x00\x00\x00\x00\x08\x00\x00\x00\x00\x00\x00\x00'
South,b'\x84&\x00\x00\x00\x00\x00\x00',b'\x06\x00\x00\x00\x00\x00\x00\x00\x08\x00\x00\x00\x00\x00\x00\x00'
South,b'\x17\x04\x00\x00\x00\x00\x00\x00',b'\x06\x00\x00\x00\x00\x00\x00\x00\x08\x00\x00\x00\x00\x00\x00\x00'
West,b'\xe5\n\x00\x00\x00\x00\x00\x00',b'\x06\x00\x00\x00\x00\x00\x00\x00\x07\x00\x00\x00\x00\x00\x00\x00\x04\x00\x00\x00\x00\x00\x00\x00'
West,b'o\x15\x00\x00\x00\x00\x00\x00',b'\x06\x00\x00\x00\x00\x00\x00\x00\x07\x00\x00\x00\x00\x00\x00\x00\x04\x00\x00\x00\x00\x00\x00\x00'
West,b'\xd3\x1b\x00\x00\x00\x00\x00\x00',b'\x06\x00\x00\x00\x00\x00\x00\x00\x07\x00\x00\x00\x00\x00\x00\x00\x03\x00\x00\x00\x00\x00\x00\x00\x02\x00\x00\x00\x00\x00\x00\x00'
West,"b'\xc5""\x00\x00\x00\x00\x00\x00'",b'\x06\x00\x00\x00\x00\x00\x00\x00\x07\x00\x00\x00\x00\x00\x00\x00\x03\x00\x00\x00\x00\x00\x00\x00'
East,b'\xc2\x16\x00\x00\x00\x00\x00\x00',b'\x06\x00\x00\x00\x00\x00\x00\x00\x07\x00\x00\x00\x00\x00\x00\x00\x03\x00\x00\x00\x00\x00\x00\x00'
West,b'\xb7(\x00\x00\x00\x00\x00\x00',b'\x06\x00\x00\x00\x00\x00\x00\x00\x07\x00\x00\x00\x00\x00\x00\x00\x02\x00\x00\x00\x00\x00\x00\x00\x02\x00\x00\x00\x00\x00\x00\x00'
West,b'6\x1f\x00\x00\x00\x00\x00\x00',b'\x06\x00\x00\x00\x00\x00\x00\x00\x07\x00\x00\x00\x00\x00\x00\x00\x02\x00\x00\x00\x00\x00\x00\x00\x01\x00\x00\x00\x00\x00\x00\x00'
West,b'\xab\x18\x00\x00\x00\x00\x00\x00',b'\x06\x00\x00\x00\x00\x00\x00\x00\x07\x00\x00\x00\x00\x00\x00\x00\x02\x00\x00\x00\x00\x00\x00\x00\x01\x00\x00\x00\x00\x00\x00\x00'
East,b'o\x15\x00\x00\x00\x00\x00\x00',b'\x06\x00\x00\x00\x00\x00\x00\x00\x07\x00\x00\x00\x00\x00\x00\x00\x02\x00\x00\x00\x00\x00\x00\x00'
Central,b'\xec&\x00\x00\x00\x00\x00\x00',b'\x06\x00\x00\x00\x00\x00\x00\x00\x07\x00\x00\x00\x00\x00\x00\x00\x02\x00\x00\x00\x00\x00\x00\x00'
Central,b'{&\x00\x00\x00\x00\x00\x00',b'\x06\x00\x00\x00\x00\x00\x00\x00\x07\x00\x00\x00\x00\x00\x00\x00\x01\x00\x00\x00\x00\x00\x00\x00'
Central,"b'""\x11\x00\x00\x00\x00\x00\x00'",b'\x06\x00\x00\x00\x00\x00\x00\x00\x07\x00\x00\x00\x00\x00\x00\x00\x01\x00\x00\x00\x00\x00\x00\x00'
Central,b'\xfd\x1c\x00\x00\x00\x00\x00\x00',b'\x06\x00\x00\x00\x00\x00\x00\x00\x07\x00\x00\x00\x00\x00\x00\x00'
South,b'N\x15\x00\x00\x00\x00\x00\x00',b'\x06\x00\x00\x00\x00\x00\x00\x00\x07\x00\x00\x00\x00\x00\x00\x00'
South,b'\x85#\x00\x00\x00\x00\x00\x00',b'\x06\x00\x00\x00\x00\x00\x00\x00\x07\x00\x00\x00\x00\x00\x00\x00'
South,b'\x84\x15\x00\x00\x00\x00\x00\x00',b'\x06\x00\x00\x00\x00\x00\x00\x00\x06\x00\x00\x00\x00\x00\x00\x00\x07\x00\x00\x00\x00\x00\x00\x00'
West,b'y\x05\x00\x00\x00\x00\x00\x00',b'\x06\x00\x00\x00\x00\x00\x00\x00\x06\x00\x00\x00\x00\x00\x00\x00\x04\x00\x00\x00\x00\x00\x00\x00\x04\x00\x00\x00\x00\x00\x00\x00\x03\x00\x00\x00\x00\x00\x00\x00\x01\x00\x00\x00\x00\x00\x00\x00\x02\x00\x00\x00\x00\x00\x00\x00'
East,"b'(""\x00\x00\x00\x00\x00\x00'",b'\x06\x00\x00\x00\x00\x00\x00\x00\x06\x00\x00\x00\x00\x00\x00\x00\x04\x00\x00\x00\x00\x00\x00\x00'
East,b'<\x05\x00\x00\x00\x00\x00\x00',b'\x06\x00\x00\x00\x00\x00\x00\x00\x06\x00\x00\x00\x00\x00\x00\x00\x03\x00\x00\x00\x00\x00\x00\x00\x03\x00\x00\x00\x00\x00\x00\x00\x03\x00\x00\x00\x00\x00\x00\x00\x03\x00\x00\x00\x00\x00\x00\x00'
West,b'\xa9\x13\x00\x00\x00\x00\x00\x00',b'\x06\x00\x00\x00\x00\x00\x00\x00\x06\x00\x00\x00\x00\x00\x00\x00\x02\x00\x00\x00\x00\x00\x00\x00\x02\x00\x00\x00\x00\x00\x00\x00'
West,b't\x16\x00\x00\x00\x00\x00\x00',b'\x06\x00\x00\x00\x00\x00\x00\x00\x06\x00\x00\x00\x00\x00\x00\x00\x02\x00\x00\x00\x00\x00\x00\x00'
West,b'\x84\x1c\x00\x00\x00\x00\x00\x00',b'\x06\x00\x00\x00\x00\x00\x00\x00\x06\x00\x00\x00\x00\x00\x00\x00\x02\x00\x00\x00\x00\x00\x00\x00'
East,b'\xfc\x00\x00\x00\x00\x00\x00\x00',b'\x06\x00\x00\x00\x00\x00\x00\x00\x06\x00\x00\x00\x00\x00\x00\x00\x01\x00\x00\x00\x00\x00\x00\x00'
Central,b'j\x05\x00\x00\x00\x00\x00\x00',b'\x06\x00\x00\x00\x00\x00\x00\x00\x06\x00\x00\x00\x00\x00\x00\x00'
Central,b'>\x03\x00\x00\x00\x00\x00\x00',b'\x06\x00\x00\x00\x00\x00\x00\x00\x06\x00\x00\x00\x00\x00\x00\x00'
East,b'\xae\x1a\x00\x00\x00\x00\x00\x00',b'\x06\x00\x00\x00\x00\x00\x00\x00\x06\x00\x00\x00\x00\x00\x00\x00'
East,b'g)\x00\x00\x00\x00\x00\x00',b'\x06\x00\x00\x00\x00\x00\x00\x00\x06\x00\x00\x00\x00\x00\x00\x00'
South,b'O\x0b\x00\x00\x00\x00\x00\x00',b'\x06\x00\x00\x00\x00\x00\x00\x00\x06\x00\x00\x00\x00\x00\x00\x00'
Central,b'\x01\x17\x00\x00\x00\x00\x00\x00',b'\x06\x00\x00\x00\x00\x00\x00\x00\x06\x00\x00\x00\x00\x00\x00\x00'
East,b'{&\x00\x00\x00\x00\x00\x00',b'\x06\x00\x00\x00\x00\x00\x00\x00\x06\x00\x00\x00\x00\x00\x00\x00'
West,b'\xe3\x14\x00\x00\x00\x00\x00\x00',b'\x06\x00\x00\x00\x00\x00\x00\x00\x06\x00\x00\x00\x00\x00\x00\x00'
East,"b'""\x11\x00\x00\x00\x00\x00\x00'",b'\x06\x00\x00\x00\x00\x00\x00\x00\x06\x00\x00\x00\x00\x00\x00\x00'
East,b'\x90#\x00\x00\x00\x00\x00\x00',b'\x06\x00\x00\x00\x00\x00\x00\x00\x06\x00\x00\x00\x00\x00\x00\x00'
South,b'\xe4\x18\x00\x00\x00\x00\x00\x00',b'\x06\x00\x00\x00\x00\x00\x00\x00\x05\x00\x00\x00\x00\x00\x00\x00\t\x00\x00\x00\x00\x00\x00\x00'
South,b'\xfc%\x00\x00\x00\x00\x00\x00',b'\x06\x00\x00\x00\x00\x00\x00\x00\x05\x00\x00\x00\x00\x00\x00\x00\t\x00\x00\x00\x00\x00\x00\x00'
Central,b'\x9a\x15\x00\x00\x00\x00\x00\x00',b'\x06\x00\x00\x00\x00\x00\x00\x00\x05\x00\x00\x00\x00\x00\x00\x00\x07\x00\x00\x00\x00\x00\x00\x00\x03\x00\x00\x00\x00\x00\x00\x00'
East,b'\xe9\x12\x00\x00\x00\x00\x00\x00',b'\x06\x00\x00\x00\x00\x00\x00\x00\x05\x00\x00\x00\x00\x00\x00\x00\x07\x00\x00\x00\x00\x00\x00\x00'
West,b'(#\x00\x00\x00\x00\x00\x00',b'\x06\x00\x00\x00\x00\x00\x00\x00\x05\x00\x00\x00\x00\x00\x00\x00\x06\x00\x00\x00\x00\x00\x00\x00'
West,b'\xdc\x15\x00\x00\x00\x00\x00\x00',b'\x06\x00\x00\x00\x00\x00\x00\x00\x05\x00\x00\x00\x00\x00\x00\x00\x05\x00\x00\x00\x00\x00\x00\x00\x05\x00\x00\x00\x00\x00\x00\x00\x05\x00\x00\x00\x00\x00\x00\x00'
East,b'%(\x00\x00\x00\x00\x00\x00',b'\x06\x00\x00\x00\x00\x00\x00\x00\x05\x00\x00\x00\x00\x00\x00\x00\x05\x00\x00\x00\x00\x00\x00\x00\x05\x00\x00\x00\x00\x00\x00\x00'
West,b'6\x0c\x00\x00\x00\x00\x00\x00',b'\x06\x00\x00\x00\x00\x00\x00\x00\x05\x00\x00\x00\x00\x00\x00\x00\x05\x00\x00\x00\x00\x00\x00\x00\x02\x00\x00\x00\x00\x00\x00\x00'
East,b'~\x0c\x00\x00\x00\x00\x00\x00',b'\x06\x00\x00\x00\x00\x00\x00\x00\x05\x00\x00\x00\x00\x00\x00\x00\x04\x00\x00\x00\x00\x00\x00\x00'
East,b'.\x03\x00\x00\x00\x00\x00\x00',b'\x06\x00\x00\x00\x00\x00\x00\x00\x05\x00\x00\x00\x00\x00\x00\x00\x04\x00\x00\x00\x00\x00\x00\x00'
West,b'\xfb\x1e\x00\x00\x00\x00\x00\x00',b'\x06\x00\x00\x00\x00\x00\x00\x00\x05\x00\x00\x00\x00\x00\x00\x00\x03\x00\x00\x00\x00\x00\x00\x00\x02\x00\x00\x00\x00\x00\x00\x00\x03\x00\x00\x00\x00\x00\x00\x00\x02\x00\x00\x00\x00\x00\x00\x00'
West,b'\xef\x0c\x00\x00\x00\x00\x00\x00',b'\x06\x00\x00\x00\x00\x00\x00\x00\x05\x00\x00\x00\x00\x00\x00\x00\x03\x00\x00\x00\x00\x00\x00\x00'
Central,b'\x19\x01\x00\x00\x00\x00\x00\x00',b'\x06\x00\x00\x00\x00\x00\x00\x00\x05\x00\x00\x00\x00\x00\x00\x00\x03\x00\x00\x00\x00\x00\x00\x00'
Central,b'\x8d\x06\x00\x00\x00\x00\x00\x00',b'\x06\x00\x00\x00\x00\x00\x00\x00\x05\x00\x00\x00\x00\x00\x00\x00\x03\x00\x00\x00\x00\x00\x00\x00'
West,b'c\x07\x00\x00\x00\x00\x00\x00',b'\x06\x00\x00\x00\x00\x00\x00\x00\x05\x00\x00\x00\x00\x00\x00\x00\x02\x00\x00\x00\x00\x00\x00\x00\x03\x00\x00\x00\x00\x00\x00\x00\x02\x00\x00\x00\x00\x00\x00\x00\x01\x00\x00\x00\x00\x00\x00\x00'
West,b'\xf7#\x00\x00\x00\x00\x00\x00',b'\x06\x00\x00\x00\x00\x00\x00\x00\x05\x00\x00\x00\x00\x00\x00\x00\x02\x00\x00\x00\x00\x00\x00\x00\x02\x00\x00\x00\x00\x00\x00\x00\x02\x00\x00\x00\x00\x00\x00\x00'
Central,b'\x1d\x05\x00\x00\x00\x00\x00\x00',b'\x06\x00\x00\x00\x00\x00\x00\x00\x05\x00\x00\x00\x00\x00\x00\x00\x02\x00\x00\x00\x00\x00\x00\x00\x01\x00\x00\x00\x00\x00\x00\x00'
Central,b'C \x00\x00\x00\x00\x00\x00',b'\x06\x00\x00\x00\x00\x00\x00\x00\x05\x00\x00\x00\x00\x00\x00\x00\x02\x00\x00\x00\x00\x00\x00\x00'
East,b'\x92%\x00\x00\x00\x00\x00\x00',b'\x06\x00\x00\x00\x00\x00\x00\x00\x05\x00\x00\x00\x00\x00\x00\x00\x02\x00\x00\x00\x00\x00\x00\x00'
East,b'\xdd\x01\x00\x00\x00\x00\x00\x00',b'\x06\x00\x00\x00\x00\x00\x00\x00\x05\x00\x00\x00\x00\x00\x00\x00\x02\x00\x00\x00\x00\x00\x00\x00'
East,b'\xe8\t\x00\x00\x00\x00\x00\x00',b'\x06\x00\x00\x00\x00\x00\x00\x00\x05\x00\x00\x00\x00\x00\x00\x00\x01\x00\x00\x00\x00\x00\x00\x00'
East,b'\xbc#\x00\x00\x00\x00\x00\x00',b'\x06\x00\x00\x00\x00\x00\x00\x00\x05\x00\x00\x00\x00\x00\x00\x00'
South,b'\xb9\x10\x00\x00\x00\x00\x00\x00',b'\x06\x00\x00\x00\x00\x00\x00\x00\x05\x00\x00\x00\x00\x00\x00\x00'
West,b'\xbb \x00\x00\x00\x00\x00\x00',b'\x06\x00\x00\x00\x00\x00\x00\x00\x05\x00\x00\x00\x00\x00\x00\x00'
South,"b""r'\x00\x00\x00\x00\x00\x00""",b'\x06\x00\x00\x00\x00\x00\x00\x00\x05\x00\x00\x00\x00\x00\x00\x00'
West,b'Y$\x00\x00\x00\x00\x00\x00',b'\x06\x00\x00\x00\x00\x00\x00\x00\x05\x00\x00\x00\x00\x00\x00\x00'
West,b'\x9b\x05\x00\x00\x00\x00\x00\x00',b'\x06\x00\x00\x00\x00\x00\x00\x00\x05\x00\x00\x00\x00\x00\x00\x00'
East,b'C\x10\x00\x00\x00\x00\x00\x00',b'\x06\x00\x00\x00\x00\x00\x00\x00\x05\x00\x00\x00\x00\x00\x00\x00'
West,b'7&\x00\x00\x00\x00\x00\x00',b'\x06\x00\x00\x00\x00\x00\x00\x00\x05\x00\x00\x00\x00\x00\x00\x00'
East,b'b\x1f\x00\x00\x00\x00\x00\x00',b'\x06\x00\x00\x00\x00\x00\x00\x00\x05\x00\x00\x00\x00\x00\x00\x00'
East,b'\xd5\t\x00\x00\x00\x00\x00\x00',b'\x06\x00\x00\x00\x00\x00\x00\x00\x05\x00\x00\x00\x00\x00\x00\x00'
East,b'\x15(\x00\x00\x00\x00\x00\x00',b'\x06\x00\x00\x00\x00\x00\x00\x00\x05\x00\x00\x00\x00\x00\x00\x00'
West,b';\x1d\x00\x00\x00\x00\x00\x00',b'\x06\x00\x00\x00\x00\x00\x00\x00\x05\x00\x00\x00\x00\x00\x00\x00'
West,b'1 \x00\x00\x00\x00\x00\x00',b'\x06\x00\x00\x00\x00\x00\x00\x00\x04\x00\x00\x00\x00\x00\x00\x00\x0c\x00\x00\x00\x00\x00\x00\x00\x07\x00\x00\x00\x00\x00\x00\x00'
East,b'\xa2 \x00\x00\x00\x00\x00\x00',b'\x06\x00\x00\x00\x00\x00\x00\x00\x04\x00\x00\x00\x00\x00\x00\x00\x08\x00\x00\x00\x00\x00\x00\x00\x03\x00\x00\x00\x00\x00\x00\x00'
West,b'\x8a!\x00\x00\x00\x00\x00\x00',b'\x06\x00\x00\x00\x00\x00\x00\x00\x04\x00\x00\x00\x00\x00\x00\x00\x06\x00\x00\x00\x00\x00\x00\x00\x04\x00\x00\x00\x00\x00\x00\x00\x03\x00\x00\x00\x00\x00\x00\x00\x03\x00\x00\x00\x00\x00\x00\x00'
West,b'\xa9\x07\x00\x00\x00\x00\x00\x00',b'\x06\x00\x00\x00\x00\x00\x00\x00\x04\x00\x00\x00\x00\x00\x00\x00\x05\x00\x00\x00\x00\x00\x00\x00'
West,b'\xcc\x00\x00\x00\x00\x00\x00\x00',b'\x06\x00\x00\x00\x00\x00\x00\x00\x04\x00\x00\x00\x00\x00\x00\x00\x05\x00\x00\x00\x00\x00\x00\x00'
South,b'\xb9\x01\x00\x00\x00\x00\x00\x00',b'\x06\x00\x00\x00\x00\x00\x00\x00\x04\x00\x00\x00\x00\x00\x00\x00\x03\x00\x00\x00\x00\x00\x00\x00\x04\x00\x00\x00\x00\x00\x00\x00\x03\x00\x00\x00\x00\x00\x00\x00\x04\x00\x00\x00\x00\x00\x00\x00\x02\x00\x00\x00\x00\x00\x00\x00'
East,b'0\x0b\x00\x00\x00\x00\x00\x00',b'\x06\x00\x00\x00\x00\x00\x00\x00\x04\x00\x00\x00\x00\x00\x00\x00\x03\x00\x00\x00\x00\x00\x00\x00\x01\x00\x00\x00\x00\x00\x00\x00'
East,b'\xc0\r\x00\x00\x00\x00\x00\x00',b'\x06\x00\x00\x00\x00\x00\x00\x00\x04\x00\x00\x00\x00\x00\x00\x00\x03\x00\x00\x00\x00\x00\x00\x00\x01\x00\x00\x00\x00\x00\x00\x00'
East,b'V\x12\x00\x00\x00\x00\x00\x00',b'\x06\x00\x00\x00\x00\x00\x00\x00\x04\x00\x00\x00\x00\x00\x00\x00\x03\x00\x00\x00\x00\x00\x00\x00'
West,b'\xe7%\x00\x00\x00\x00\x00\x00',b'\x06\x00\x00\x00\x00\x00\x00\x00\x04\x00\x00\x00\x00\x00\x00\x00\x03\x00\x00\x00\x00\x00\x00\x00'
West,b'\xe0\x1b\x00\x00\x00\x00\x00\x00',b'\x06\x00\x00\x00\x00\x00\x00\x00\x04\x00\x00\x00\x00\x00\x00\x00\x03\x00\x00\x00\x00\x00\x00\x00'
West,b'\t\x1e\x00\x00\x00\x00\x00\x00',b'\x06\x00\x00\x00\x00\x00\x00\x00\x04\x00\x00\x00\x00\x00\x00\x00\x03\x00\x00\x00\x00\x00\x00\x00'
East,b'X\x03\x00\x00\x00\x00\x00\x00',b'\x06\x00\x00\x00\x00\x00\x00\x00\x04\x00\x00\x00\x00\x00\x00\x00\x02\x00\x00\x00\x00\x00\x00\x00\x03\x00\x00\x00\x00\x00\x00\x00\x03\x00\x00\x00\x00\x00\x00\x00'
East,b'\xd9\x00\x00\x00\x00\x00\x00\x00',b'\x06\x00\x00\x00\x00\x00\x00\x00\x04\x00\x00\x00\x00\x00\x00\x00\x02\x00\x00\x00\x00\x00\x00\x00\x03\x00\x00\x00\x00\x00\x00\x00\x03\x00\x00\x00\x00\x00\x00\x00'
West,b'\xc5\x0c\x00\x00\x00\x00\x00\x00',b'\x06\x00\x00\x00\x00\x00\x00\x00\x04\x00\x00\x00\x00\x00\x00\x00\x02\x00\x00\x00\x00\x00\x00\x00\x03\x00\x00\x00\x00\x00\x00\x00\x02\x00\x00\x00\x00\x00\x00\x00'
West,b'\x82\x0c\x00\x00\x00\x00\x00\x00',b'\x06\x00\x00\x00\x00\x00\x00\x00\x04\x00\x00\x00\x00\x00\x00\x00\x02\x00\x00\x00\x00\x00\x00\x00\x03\x00\x00\x00\x00\x00\x00\x00'
West,b'\xba\x00\x00\x00\x00\x00\x00\x00',b'\x06\x00\x00\x00\x00\x00\x00\x00\x04\x00\x00\x00\x00\x00\x00\x00\x02\x00\x00\x00\x00\x00\x00\x00\x03\x00\x00\x00\x00\x00\x00\x00'
East,b'\x98\x05\x00\x00\x00\x00\x00\x00',b'\x06\x00\x00\x00\x00\x00\x00\x00\x04\x00\x00\x00\x00\x00\x00\x00\x02\x00\x00\x00\x00\x00\x00\x00\x02\x00\x00\x00\x00\x00\x00\x00'
West,b'K$\x00\x00\x00\x00\x00\x00',b'\x06\x00\x00\x00\x00\x00\x00\x00\x04\x00\x00\x00\x00\x00\x00\x00\x02\x00\x00\x00\x00\x00\x00\x00'
West,b'?\x0f\x00\x00\x00\x00\x00\x00',b'\x06\x00\x00\x00\x00\x00\x00\x00\x04\x00\x00\x00\x00\x00\x00\x00\x02\x00\x00\x00\x00\x00\x00\x00'
East,"b'\t""\x00\x00\x00\x00\x00\x00'",b'\x06\x00\x00\x00\x00\x00\x00\x00\x04\x00\x00\x00\x00\x00\x00\x00\x02\x00\x00\x00\x00\x00\x00\x00'
West,b'\x17)\x00\x00\x00\x00\x00\x00',b'\x06\x00\x00\x00\x00\x00\x00\x00\x04\x00\x00\x00\x00\x00\x00\x00\x01\x00\x00\x00\x00\x00\x00\x00'
East,b'\xc1!\x00\x00\x00\x00\x00\x00',b'\x06\x00\x00\x00\x00\x00\x00\x00\x04\x00\x00\x00\x00\x00\x00\x00'
East,b'\x7f\x13\x00\x00\x00\x00\x00\x00',b'\x06\x00\x00\x00\x00\x00\x00\x00\x04\x00\x00\x00\x00\x00\x00\x00'
East,b'\xa7\r\x00\x00\x00\x00\x00\x00',b'\x06\x00\x00\x00\x00\x00\x00\x00\x04\x00\x00\x00\x00\x00\x00\x00'
East,b'\x83\x1e\x00\x00\x00\x00\x00\x00',b'\x06\x00\x00\x00\x00\x00\x00\x00\x04\x00\x00\x00\x00\x00\x00\x00'
West,"b""A'\x00\x00\x00\x00\x00\x00""",b'\x06\x00\x00\x00\x00\x00\x00\x00\x04\x00\x00\x00\x00\x00\x00\x00'
East,b'\x14\x02\x00\x00\x00\x00\x00\x00',b'\x06\x00\x00\x00\x00\x00\x00\x00\x04\x00\x00\x00\x00\x00\x00\x00'
East,b'B$\x00\x00\x00\x00\x00\x00',b'\x06\x00\x00\x00\x00\x00\x00\x00\x04\x00\x00\x00\x00\x00\x00\x00'
Central,b'0\t\x00\x00\x00\x00\x00\x00',b'\x06\x00\x00\x00\x00\x00\x00\x00\x04\x00\x00\x00\x00\x00\x00\x00'
Central,b' \x1f\x00\x00\x00\x00\x00\x00',b'\x06\x00\x00\x00\x00\x00\x00\x00\x04\x00\x00\x00\x00\x00\x00\x00'
South,b'\xdf\x1b\x00\x00\x00\x00\x00\x00',b'\x06\x00\x00\x00\x00\x00\x00\x00\x04\x00\x00\x00\x00\x00\x00\x00'
Central,"b""\x83'\x00\x00\x00\x00\x00\x00""",b'\x06\x00\x00\x00\x00\x00\x00\x00\x04\x00\x00\x00\x00\x00\x00\x00'
South,b'\xb3\x04\x00\x00\x00\x00\x00\x00',b'\x06\x00\x00\x00\x00\x00\x00\x00\x03\x00\x00\x00\x00\x00\x00\x00\x05\x00\x00\x00\x00\x00\x00\x00'
East,b'K\x13\x00\x00\x00\x00\x00\x00',b'\x06\x00\x00\x00\x00\x00\x00\x00\x03\x00\x00\x00\x00\x00\x00\x00\x05\x00\x00\x00\x00\x00\x00\x00'
East,b'\xe6\x11\x00\x00\x00\x00\x00\x00',b'\x06\x00\x00\x00\x00\x00\x00\x00\x03\x00\x00\x00\x00\x00\x00\x00\x04\x00\x00\x00\x00\x00\x00\x00'
West,b'\x06\x1b\x00\x00\x00\x00\x00\x00',b'\x06\x00\x00\x00\x00\x00\x00\x00\x03\x00\x00\x00\x00\x00\x00\x00\x04\x00\x00\x00\x00\x00\x00\x00'
Central,b'[!\x00\x00\x00\x00\x00\x00',b'\x06\x00\x00\x00\x00\x00\x00\x00\x03\x00\x00\x00\x00\x00\x00\x00\x04\x00\x00\x00\x00\x00\x00\x00'
Central,b'c\n\x00\x00\x00\x00\x00\x00',b'\x06\x00\x00\x00\x00\x00\x00\x00\x03\x00\x00\x00\x00\x00\x00\x00\x04\x00\x00\x00\x00\x00\x00\x00'
West,b'E$\x00\x00\x00\x00\x00\x00',b'\x06\x00\x00\x00\x00\x00\x00\x00\x03\x00\x00\x00\x00\x00\x00\x00\x04\x00\x00\x00\x00\x00\x00\x00'
West,b'\x16\x11\x00\x00\x00\x00\x00\x00',b'\x06\x00\x00\x00\x00\x00\x00\x00\x03\x00\x00\x00\x00\x00\x00\x00\x03\x00\x00\x00\x00\x00\x00\x00\x03\x00\x00\x00\x00\x00\x00\x00'
West,b'\x94\x07\x00\x00\x00\x00\x00\x00',b'\x06\x00\x00\x00\x00\x00\x00\x00\x03\x00\x00\x00\x00\x00\x00\x00\x03\x00\x00\x00\x00\x00\x00\x00\x03\x00\x00\x00\x00\x00\x00\x00'
East,b'\xd9\x07\x00\x00\x00\x00\x00\x00',b'\x06\x00\x00\x00\x00\x00\x00\x00\x03\x00\x00\x00\x00\x00\x00\x00\x03\x00\x00\x00\x00\x00\x00\x00\x01\x00\x00\x00\x00\x00\x00\x00'
East,b'\xc2\x1a\x00\x00\x00\x00\x00\x00',b'\x06\x00\x00\x00\x00\x00\x00\x00\x03\x00\x00\x00\x00\x00\x00\x00\x03\x00\x00\x00\x00\x00\x00\x00'
West,b'\x0e\n\x00\x00\x00\x00\x00\x00',b'\x06\x00\x00\x00\x00\x00\x00\x00\x03\x00\x00\x00\x00\x00\x00\x00\x03\x00\x00\x00\x00\x00\x00\x00'
East,b'W&\x00\x00\x00\x00\x00\x00',b'\x06\x00\x00\x00\x00\x00\x00\x00\x03\x00\x00\x00\x00\x00\x00\x00\x03\x00\x00\x00\x00\x00\x00\x00'
Central,"b'\x8b""\x00\x00\x00\x00\x00\x00'",b'\x06\x00\x00\x00\x00\x00\x00\x00\x03\x00\x00\x00\x00\x00\x00\x00\x03\x00\x00\x00\x00\x00\x00\x00'
West,b'\xfc\x11\x00\x00\x00\x00\x00\x00',b'\x06\x00\x00\x00\x00\x00\x00\x00\x03\x00\x00\x00\x00\x00\x00\x00\x03\x00\x00\x00\x00\x00\x00\x00'
Central,b'\t\x00\x00\x00\x00\x00\x00\x00',b'\x06\x00\x00\x00\x00\x00\x00\x00\x03\x00\x00\x00\x00\x00\x00\x00\x03\x00\x00\x00\x00\x00\x00\x00'
East,b'\x9b\x16\x00\x00\x00\x00\x00\x00',b'\x06\x00\x00\x00\x00\x00\x00\x00\x03\x00\x00\x00\x00\x00\x00\x00\x02\x00\x00\x00\x00\x00\x00\x00\x03\x00\x00\x00\x00\x00\x00\x00'
West,b'y\x13\x00\x00\x00\x00\x00\x00',b'\x06\x00\x00\x00\x00\x00\x00\x00\x03\x00\x00\x00\x00\x00\x00\x00\x02\x00\x00\x00\x00\x00\x00\x00\x02\x00\x00\x00\x00\x00\x00\x00'
South,b'\x00#\x00\x00\x00\x00\x00\x00',b'\x06\x00\x00\x00\x00\x00\x00\x00\x03\x00\x00\x00\x00\x00\x00\x00\x02\x00\x00\x00\x00\x00\x00\x00\x02\x00\x00\x00\x00\x00\x00\x00'
West,b'U\x0b\x00\x00\x00\x00\x00\x00',b'\x06\x00\x00\x00\x00\x00\x00\x00\x03\x00\x00\x00\x00\x00\x00\x00\x02\x00\x00\x00\x00\x00\x00\x00\x02\x00\x00\x00\x00\x00\x00\x00'
East,b'}&\x00\x00\x00\x00\x00\x00',b'\x06\x00\x00\x00\x00\x00\x00\x00\x03\x00\x00\x00\x00\x00\x00\x00\x02\x00\x00\x00\x00\x00\x00\x00\x01\x00\x00\x00\x00\x00\x00\x00'
East,b'\xa4\x1e\x00\x00\x00\x00\x00\x00',b'\x06\x00\x00\x00\x00\x00\x00\x00\x03\x00\x00\x00\x00\x00\x00\x00\x02\x00\x00\x00\x00\x00\x00\x00\x01\x00\x00\x00\x00\x00\x00\x00'
East,b'\\\x0f\x00\x00\x00\x00\x00\x00',b'\x06\x00\x00\x00\x00\x00\x00\x00\x03\x00\x00\x00\x00\x00\x00\x00\x02\x00\x00\x00\x00\x00\x00\x00\x01\x00\x00\x00\x00\x00\x00\x00'
West,b'\xc9(\x00\x00\x00\x00\x00\x00',b'\x06\x00\x00\x00\x00\x00\x00\x00\x03\x00\x00\x00\x00\x00\x00\x00\x02\x00\x00\x00\x00\x00\x00\x00'
Central,b'\xe8#\x00\x00\x00\x00\x00\x00',b'\x06\x00\x00\x00\x00\x00\x00\x00\x03\x00\x00\x00\x00\x00\x00\x00\x02\x00\x00\x00\x00\x00\x00\x00'
South,b'\x9b\x16\x00\x00\x00\x00\x00\x00',b'\x06\x00\x00\x00\x00\x00\x00\x00\x03\x00\x00\x00\x00\x00\x00\x00\x02\x00\x00\x00\x00\x00\x00\x00'
South,b'\xd7\x1a\x00\x00\x00\x00\x00\x00',b'\x06\x00\x00\x00\x00\x00\x00\x00\x03\x00\x00\x00\x00\x00\x00\x00\x02\x00\x00\x00\x00\x00\x00\x00'
East,b'\x89$\x00\x00\x00\x00\x00\x00',b'\x06\x00\x00\x00\x00\x00\x00\x00\x03\x00\x00\x00\x00\x00\x00\x00\x02\x00\x00\x00\x00\x00\x00\x00'
Central,b'\xc4\x06\x00\x00\x00\x00\x00\x00',b'\x06\x00\x00\x00\x00\x00\x00\x00\x03\x00\x00\x00\x00\x00\x00\x00\x02\x00\x00\x00\x00\x00\x00\x00'
West,b'k\x15\x00\x00\x00\x00\x00\x00',b'\x06\x00\x00\x00\x00\x00\x00\x00\x03\x00\x00\x00\x00\x00\x00\x00\x01\x00\x00\x00\x00\x00\x00\x00\x01\x00\x00\x00\x00\x00\x00\x00\x03\x00\x00\x00\x00\x00\x00\x00'
East,b'\x8c&\x00\x00\x00\x00\x00\x00',b'\x06\x00\x00\x00\x00\x00\x00\x00\x03\x00\x00\x00\x00\x00\x00\x00\x01\x00\x00\x00\x00\x00\x00\x00'
West,b'P\x1b\x00\x00\x00\x00\x00\x00',b'\x06\x00\x00\x00\x00\x00\x00\x00\x03\x00\x00\x00\x00\x00\x00\x00\x01\x00\x00\x00\x00\x00\x00\x00'
East,b'U\r\x00\x00\x00\x00\x00\x00',b'\x06\x00\x00\x00\x00\x00\x00\x00\x03\x00\x00\x00\x00\x00\x00\x00\x01\x00\x00\x00\x00\x00\x00\x00'
East,"b""z'\x00\x00\x00\x00\x00\x00""",b'\x06\x00\x00\x00\x00\x00\x00\x00\x03\x00\x00\x00\x00\x00\x00\x00\x01\x00\x00\x00\x00\x00\x00\x00'
West,b'9\x0c\x00\x00\x00\x00\x00\x00',b'\x06\x00\x00\x00\x00\x00\x00\x00\x03\x00\x00\x00\x00\x00\x00\x00\x01\x00\x00\x00\x00\x00\x00\x00'
East,b'\x7f \x00\x00\x00\x00\x00\x00',b'\x06\x00\x00\x00\x00\x00\x00\x00\x03\x00\x00\x00\x00\x00\x00\x00'
East,b'\x88)\x00\x00\x00\x00\x00\x00',b'\x06\x00\x00\x00\x00\x00\x00\x00\x03\x00\x00\x00\x00\x00\x00\x00'
Central,b'\x08\x04\x00\x00\x00\x00\x00\x00',b'\x06\x00\x00\x00\x00\x00\x00\x00\x03\x00\x00\x00\x00\x00\x00\x00'
East,b'\x7f\x18\x00\x00\x00\x00\x00\x00',b'\x06\x00\x00\x00\x00\x00\x00\x00\x03\x00\x00\x00\x00\x00\x00\x00'
East,b'\xec#\x00\x00\x00\x00\x00\x00',b'\x06\x00\x00\x00\x00\x00\x00\x00\x03\x00\x00\x00\x00\x00\x00\x00'
East,b'\x95\x1f\x00\x00\x00\x00\x00\x00',b'\x06\x00\x00\x00\x00\x00\x00\x00\x03\x00\x00\x00\x00\x00\x00\x00'
Central,"b""\xe7'\x00\x00\x00\x00\x00\x00""",b'\x06\x00\x00\x00\x00\x00\x00\x00\x03\x00\x00\x00\x00\x00\x00\x00'
West,b'\xfd\t\x00\x00\x00\x00\x00\x00',b'\x06\x00\x00\x00\x00\x00\x00\x00\x03\x00\x00\x00\x00\x00\x00\x00'
Central,b'\xa1#\x00\x00\x00\x00\x00\x00',b'\x06\x00\x00\x00\x00\x00\x00\x00\x03\x00\x00\x00\x00\x00\x00\x00'
East,b'\x9d&\x00\x00\x00\x00\x00\x00',b'\x06\x00\x00\x00\x00\x00\x00\x00\x03\x00\x00\x00\x00\x00\x00\x00'
Central,b'y\x12\x00\x00\x00\x00\x00\x00',b'\x06\x00\x00\x00\x00\x00\x00\x00\x03\x00\x00\x00\x00\x00\x00\x00'
East,b'\xf6\x0e\x00\x00\x00\x00\x00\x00',b'\x06\x00\x00\x00\x00\x00\x00\x00\x03\x00\x00\x00\x00\x00\x00\x00'
East,b'c\x14\x00\x00\x00\x00\x00\x00',b'\x06\x00\x00\x00\x00\x00\x00\x00\x03\x00\x00\x00\x00\x00\x00\x00'
West,b'\xe5\x08\x00\x00\x00\x00\x00\x00',b'\x06\x00\x00\x00\x00\x00\x00\x00\x03\x00\x00\x00\x00\x00\x00\x00'
East,b'e\x19\x00\x00\x00\x00\x00\x00',b'\x06\x00\x00\x00\x00\x00\x00\x00\x03\x00\x00\x00\x00\x00\x00\x00'
Central,b'n\x03\x00\x00\x00\x00\x00\x00',b'\x06\x00\x00\x00\x00\x00\x00\x00\x03\x00\x00\x00\x00\x00\x00\x00'
East,"b""\x0b'\x00\x00\x00\x00\x00\x00""",b'\x06\x00\x00\x00\x00\x00\x00\x00\x03\x00\x00\x00\x00\x00\x00\x00'
South,b'\x8e\x0c\x00\x00\x00\x00\x00\x00',b'\x06\x00\x00\x00\x00\x00\x00\x00\x03\x00\x00\x00\x00\x00\x00\x00'
South,b'\xf3\x1c\x00\x00\x00\x00\x00\x00',b'\x06\x00\x00\x00\x00\x00\x00\x00\x03\x00\x00\x00\x00\x00\x00\x00'
Central,b'C\x10\x00\x00\x00\x00\x00\x00',b'\x06\x00\x00\x00\x00\x00\x00\x00\x03\x00\x00\x00\x00\x00\x00\x00'
East,b'\xc0\x17\x00\x00\x00\x00\x00\x00',b'\x06\x00\x00\x00\x00\x00\x00\x00\x03\x00\x00\x00\x00\x00\x00\x00'
South,b'\xda\x08\x00\x00\x00\x00\x00\x00',b'\x06\x00\x00\x00\x00\x00\x00\x00\x03\x00\x00\x00\x00\x00\x00\x00'
East,b'&&\x00\x00\x00\x00\x00\x00',b'\x06\x00\x00\x00\x00\x00\x00\x00\x03\x00\x00\x00\x00\x00\x00\x00'
West,b'\xf0$\x00\x00\x00\x00\x00\x00',b'\x06\x00\x00\x00\x00\x00\x00\x00\x03\x00\x00\x00\x00\x00\x00\x00'
Central,b'3 \x00\x00\x00\x00\x00\x00',b'\x06\x00\x00\x00\x00\x00\x00\x00\x03\x00\x00\x00\x00\x00\x00\x00'
South,b'\xe5\x1e\x00\x00\x00\x00\x00\x00',b'\x06\x00\x00\x00\x00\x00\x00\x00\x03\x00\x00\x00\x00\x00\x00\x00'
West,b'\xf8\r\x00\x00\x00\x00\x00\x00',b'\x06\x00\x00\x00\x00\x00\x00\x00\x03\x00\x00\x00\x00\x00\x00\x00'
West,b'\x99\x02\x00\x00\x00\x00\x00\x00',b'\x06\x00\x00\x00\x00\x00\x00\x00\x03\x00\x00\x00\x00\x00\x00\x00'
West,b'\n$\x00\x00\x00\x00\x00\x00',b'\x06\x00\x00\x00\x00\x00\x00\x00\x03\x00\x00\x00\x00\x00\x00\x00'
Central,b'i \x00\x00\x00\x00\x00\x00',b'\x06\x00\x00\x00\x00\x00\x00\x00\x03\x00\x00\x00\x00\x00\x00\x00'
East,b'\xf0\x07\x00\x00\x00\x00\x00\x00',b'\x06\x00\x00\x00\x00\x00\x00\x00\x03\x00\x00\x00\x00\x00\x00\x00'
South,b'\xb0\x04\x00\x00\x00\x00\x00\x00',b'\x06\x00\x00\x00\x00\x00\x00\x00\x03\x00\x00\x00\x00\x00\x00\x00'
Central,b'\xfb\n\x00\x00\x00\x00\x00\x00',b'\x06\x00\x00\x00\x00\x00\x00\x00\x03\x00\x00\x00\x00\x00\x00\x00'
South,b'\xd7\x05\x00\x00\x00\x00\x00\x00',b'\x06\x00\x00\x00\x00\x00\x00\x00\x03\x00\x00\x00\x00\x00\x00\x00'
West,b'E\x1c\x00\x00\x00\x00\x00\x00',b'\x06\x00\x00\x00\x00\x00\x00\x00\x03\x00\x00\x00\x00\x00\x00\x00'
East,b't\x13\x00\x00\x00\x00\x00\x00',b'\x06\x00\x00\x00\x00\x00\x00\x00\x03\x00\x00\x00\x00\x00\x00\x00'
West,b'\x82%\x00\x00\x00\x00\x00\x00',b'\x06\x00\x00\x00\x00\x00\x00\x00\x03\x00\x00\x00\x00\x00\x00\x00'
South,b'X\x0b\x00\x00\x00\x00\x00\x00',b'\x06\x00\x00\x00\x00\x00\x00\x00\x03\x00\x00\x00\x00\x00\x00\x00'
Central,b'l\x0b\x00\x00\x00\x00\x00\x00',b'\x06\x00\x00\x00\x00\x00\x00\x00\x03\x00\x00\x00\x00\x00\x00\x00'
Central,b'W\x17\x00\x00\x00\x00\x00\x00',b'\x06\x00\x00\x00\x00\x00\x00\x00\x03\x00\x00\x00\x00\x00\x00\x00'
West,b'\xf7!\x00\x00\x00\x00\x00\x00',b'\x06\x00\x00\x00\x00\x00\x00\x00\x03\x00\x00\x00\x00\x00\x00\x00'
West,b'\xf1\r\x00\x00\x00\x00\x00\x00',b'\x06\x00\x00\x00\x00\x00\x00\x00\x03\x00\x00\x00\x00\x00\x00\x00'
Central,"b""J'\x00\x00\x00\x00\x00\x00""",b'\x06\x00\x00\x00\x00\x00\x00\x00\x03\x00\x00\x00\x00\x00\x00\x00'
West,b'S\x00\x00\x00\x00\x00\x00\x00',b'\x06\x00\x00\x00\x00\x00\x00\x00\x03\x00\x00\x00\x00\x00\x00\x00'
Central,b';(\x00\x00\x00\x00\x00\x00',b'\x06\x00\x00\x00\x00\x00\x00\x00\x03\x00\x00\x00\x00\x00\x00\x00'
East,b'B)\x00\x00\x00\x00\x00\x00',b'\x06\x00\x00\x00\x00\x00\x00\x00\x03\x00\x00\x00\x00\x00\x00\x00'
Central,b'\xbc#\x00\x00\x00\x00\x00\x00',b'\x06\x00\x00\x00\x00\x00\x00\x00\x03\x00\x00\x00\x00\x00\x00\x00'
West,b'v%\x00\x00\x00\x00\x00\x00',b'\x06\x00\x00\x00\x00\x00\x00\x00\x03\x00\x00\x00\x00\x00\x00\x00'
East,"b""\x83'\x00\x00\x00\x00\x00\x00""",b'\x06\x00\x00\x00\x00\x00\x00\x00\x02\x00\x00\x00\x00\x00\x00\x00\n\x00\x00\x00\x00\x00\x00\x00'
Central,b'>\x1c\x00\x00\x00\x00\x00\x00',b'\x06\x00\x00\x00\x00\x00\x00\x00\x02\x00\x00\x00\x00\x00\x00\x00\x08\x00\x00\x00\x00\x00\x00\x00'
West,b'\x85#\x00\x00\x00\x00\x00\x00',b'\x06\x00\x00\x00\x00\x00\x00\x00\x02\x00\x00\x00\x00\x00\x00\x00\x05\x00\x00\x00\x00\x00\x00\x00\x04\x00\x00\x00\x00\x00\x00\x00\x01\x00\x00\x00\x00\x00\x00\x00'
East,b'o\x00\x00\x00\x00\x00\x00\x00',b'\x06\x00\x00\x00\x00\x00\x00\x00\x02\x00\x00\x00\x00\x00\x00\x00\x05\x00\x00\x00\x00\x00\x00\x00\x02\x00\x00\x00\x00\x00\x00\x00\x02\x00\x00\x00\x00\x00\x00\x00'
East,b'l\x17\x00\x00\x00\x00\x00\x00',b'\x06\x00\x00\x00\x00\x00\x00\x00\x02\x00\x00\x00\x00\x00\x00\x00\x05\x00\x00\x00\x00\x00\x00\x00\x01\x00\x00\x00\x00\x00\x00\x00'
West,b'\x12\x1d\x00\x00\x00\x00\x00\x00',b'\x06\x00\x00\x00\x00\x00\x00\x00\x02\x00\x00\x00\x00\x00\x00\x00\x05\x00\x00\x00\x00\x00\x00\x00'
Central,b'm\x04\x00\x00\x00\x00\x00\x00',b'\x06\x00\x00\x00\x00\x00\x00\x00\x02\x00\x00\x00\x00\x00\x00\x00\x04\x00\x00\x00\x00\x00\x00\x00'
West,b'i\n\x00\x00\x00\x00\x00\x00',b'\x06\x00\x00\x00\x00\x00\x00\x00\x02\x00\x00\x00\x00\x00\x00\x00\x03\x00\x00\x00\x00\x00\x00\x00\x02\x00\x00\x00\x00\x00\x00\x00\x04\x00\x00\x00\x00\x00\x00\x00'
West,b'*\x19\x00\x00\x00\x00\x00\x00',b'\x06\x00\x00\x00\x00\x00\x00\x00\x02\x00\x00\x00\x00\x00\x00\x00\x03\x00\x00\x00\x00\x00\x00\x00\x02\x00\x00\x00\x00\x00\x00\x00\x04\x00\x00\x00\x00\x00\x00\x00'
West,b'k\x0f\x00\x00\x00\x00\x00\x00',b'\x06\x00\x00\x00\x00\x00\x00\x00\x02\x00\x00\x00\x00\x00\x00\x00\x03\x00\x00\x00\x00\x00\x00\x00\x01\x00\x00\x00\x00\x00\x00\x00\x02\x00\x00\x00\x00\x00\x00\x00'
East,b'9\x1d\x00\x00\x00\x00\x00\x00',b'\x06\x00\x00\x00\x00\x00\x00\x00\x02\x00\x00\x00\x00\x00\x00\x00\x03\x00\x00\x00\x00\x00\x00\x00'
Central,b'\x8a\x18\x00\x00\x00\x00\x00\x00',b'\x06\x00\x00\x00\x00\x00\x00\x00\x02\x00\x00\x00\x00\x00\x00\x00\x03\x00\x00\x00\x00\x00\x00\x00'
Central,b'\xa4\x07\x00\x00\x00\x00\x00\x00',b'\x06\x00\x00\x00\x00\x00\x00\x00\x02\x00\x00\x00\x00\x00\x00\x00\x03\x00\x00\x00\x00\x00\x00\x00'
West,b'\x89\x19\x00\x00\x00\x00\x00\x00',b'\x06\x00\x00\x00\x00\x00\x00\x00\x02\x00\x00\x00\x00\x00\x00\x00\x03\x00\x00\x00\x00\x00\x00\x00'
Central,b'R)\x00\x00\x00\x00\x00\x00',b'\x06\x00\x00\x00\x00\x00\x00\x00\x02\x00\x00\x00\x00\x00\x00\x00\x03\x00\x00\x00\x00\x00\x00\x00'
East,b'\xca\x00\x00\x00\x00\x00\x00\x00',b'\x06\x00\x00\x00\x00\x00\x00\x00\x02\x00\x00\x00\x00\x00\x00\x00\x02\x00\x00\x00\x00\x00\x00\x00\x03\x00\x00\x00\x00\x00\x00\x00'
East,b'\xbc\t\x00\x00\x00\x00\x00\x00',b'\x06\x00\x00\x00\x00\x00\x00\x00\x02\x00\x00\x00\x00\x00\x00\x00\x02\x00\x00\x00\x00\x00\x00\x00\x02\x00\x00\x00\x00\x00\x00\x00'
West,b'n(\x00\x00\x00\x00\x00\x00',b'\x06\x00\x00\x00\x00\x00\x00\x00\x02\x00\x00\x00\x00\x00\x00\x00\x02\x00\x00\x00\x00\x00\x00\x00\x01\x00\x00\x00\x00\x00\x00\x00'
East,b'\x99\x06\x00\x00\x00\x00\x00\x00',b'\x06\x00\x00\x00\x00\x00\x00\x00\x02\x00\x00\x00\x00\x00\x00\x00\x02\x00\x00\x00\x00\x00\x00\x00\x01\x00\x00\x00\x00\x00\x00\x00'
West,b'\xf2\x06\x00\x00\x00\x00\x00\x00',b'\x06\x00\x00\x00\x00\x00\x00\x00\x02\x00\x00\x00\x00\x00\x00\x00\x02\x00\x00\x00\x00\x00\x00\x00'
West,b'\xdb\x0b\x00\x00\x00\x00\x00\x00',b'\x06\x00\x00\x00\x00\x00\x00\x00\x02\x00\x00\x00\x00\x00\x00\x00\x02\x00\x00\x00\x00\x00\x00\x00'
Central,b'b\x1f\x00\x00\x00\x00\x00\x00',b'\x06\x00\x00\x00\x00\x00\x00\x00\x02\x00\x00\x00\x00\x00\x00\x00\x02\x00\x00\x00\x00\x00\x00\x00'
East,b'M\r\x00\x00\x00\x00\x00\x00',b'\x06\x00\x00\x00\x00\x00\x00\x00\x02\x00\x00\x00\x00\x00\x00\x00\x02\x00\x00\x00\x00\x00\x00\x00'
West,b'\x0f)\x00\x00\x00\x00\x00\x00',b'\x06\x00\x00\x00\x00\x00\x00\x00\x02\x00\x00\x00\x00\x00\x00\x00\x02\x00\x00\x00\x00\x00\x00\x00'
Central,b'\xbc\x19\x00\x00\x00\x00\x00\x00',b'\x06\x00\x00\x00\x00\x00\x00\x00\x02\x00\x00\x00\x00\x00\x00\x00\x02\x00\x00\x00\x00\x00\x00\x00'
West,b'\xb2\x04\x00\x00\x00\x00\x00\x00',b'\x06\x00\x00\x00\x00\x00\x00\x00\x02\x00\x00\x00\x00\x00\x00\x00\x02\x00\x00\x00\x00\x00\x00\x00'
Central,b'\x98\x05\x00\x00\x00\x00\x00\x00',b'\x06\x00\x00\x00\x00\x00\x00\x00\x02\x00\x00\x00\x00\x00\x00\x00\x02\x00\x00\x00\x00\x00\x00\x00'
Central,b'\x9d\x15\x00\x00\x00\x00\x00\x00',b'\x06\x00\x00\x00\x00\x00\x00\x00\x02\x00\x00\x00\x00\x00\x00\x00\x02\x00\x00\x00\x00\x00\x00\x00'
Central,b'\x7f\x13\x00\x00\x00\x00\x00\x00',b'\x06\x00\x00\x00\x00\x00\x00\x00\x02\x00\x00\x00\x00\x00\x00\x00\x02\x00\x00\x00\x00\x00\x00\x00'
East,b'\xbf\r\x00\x00\x00\x00\x00\x00',b'\x06\x00\x00\x00\x00\x00\x00\x00\x02\x00\x00\x00\x00\x00\x00\x00\x02\x00\x00\x00\x00\x00\x00\x00'
West,b'O&\x00\x00\x00\x00\x00\x00',b'\x06\x00\x00\x00\x00\x00\x00\x00\x02\x00\x00\x00\x00\x00\x00\x00\x02\x00\x00\x00\x00\x00\x00\x00'
East,b'\x0e(\x00\x00\x00\x00\x00\x00',b'\x06\x00\x00\x00\x00\x00\x00\x00\x02\x00\x00\x00\x00\x00\x00\x00\x02\x00\x00\x00\x00\x00\x00\x00'
West,b'C\x10\x00\x00\x00\x00\x00\x00',b'\x06\x00\x00\x00\x00\x00\x00\x00\x02\x00\x00\x00\x00\x00\x00\x00\x01\x00\x00\x00\x00\x00\x00\x00'
South,b'\x86\x0e\x00\x00\x00\x00\x00\x00',b'\x06\x00\x00\x00\x00\x00\x00\x00\x02\x00\x00\x00\x00\x00\x00\x00\x01\x00\x00\x00\x00\x00\x00\x00'
West,b'\xbc#\x00\x00\x00\x00\x00\x00',b'\x06\x00\x00\x00\x00\x00\x00\x00\x02\x00\x00\x00\x00\x00\x00\x00\x01\x00\x00\x00\x00\x00\x00\x00'
East,b'\xcf\x06\x00\x00\x00\x00\x00\x00',b'\x06\x00\x00\x00\x00\x00\x00\x00\x02\x00\x00\x00\x00\x00\x00\x00\x01\x00\x00\x00\x00\x00\x00\x00'
South,b'\xc5\x0e\x00\x00\x00\x00\x00\x00',b'\x06\x00\x00\x00\x00\x00\x00\x00\x02\x00\x00\x00\x00\x00\x00\x00\x01\x00\x00\x00\x00\x00\x00\x00'
East,b'\xcb\r\x00\x00\x00\x00\x00\x00',b'\x06\x00\x00\x00\x00\x00\x00\x00\x02\x00\x00\x00\x00\x00\x00\x00'
Central,b'\xac\x16\x00\x00\x00\x00\x00\x00',b'\x06\x00\x00\x00\x00\x00\x00\x00\x02\x00\x00\x00\x00\x00\x00\x00'
East,b'>\x13\x00\x00\x00\x00\x00\x00',b'\x06\x00\x00\x00\x00\x00\x00\x00\x02\x00\x00\x00\x00\x00\x00\x00'
East,"b'\x9e""\x00\x00\x00\x00\x00\x00'",b'\x06\x00\x00\x00\x00\x00\x00\x00\x02\x00\x00\x00\x00\x00\x00\x00'
Central,b'\xab\x1a\x00\x00\x00\x00\x00\x00',b'\x06\x00\x00\x00\x00\x00\x00\x00\x02\x00\x00\x00\x00\x00\x00\x00'
West,b'`\x03\x00\x00\x00\x00\x00\x00',b'\x06\x00\x00\x00\x00\x00\x00\x00\x02\x00\x00\x00\x00\x00\x00\x00'
East,"b""4'\x00\x00\x00\x00\x00\x00""",b'\x06\x00\x00\x00\x00\x00\x00\x00\x02\x00\x00\x00\x00\x00\x00\x00'
South,b'_\r\x00\x00\x00\x00\x00\x00',b'\x06\x00\x00\x00\x00\x00\x00\x00\x02\x00\x00\x00\x00\x00\x00\x00'
South,b'~\x03\x00\x00\x00\x00\x00\x00',b'\x06\x00\x00\x00\x00\x00\x00\x00\x02\x00\x00\x00\x00\x00\x00\x00'
South,b'\xf5\x14\x00\x00\x00\x00\x00\x00',b'\x06\x00\x00\x00\x00\x00\x00\x00\x02\x00\x00\x00\x00\x00\x00\x00'
Central,"b""\xb9'\x00\x00\x00\x00\x00\x00""",b'\x06\x00\x00\x00\x00\x00\x00\x00\x02\x00\x00\x00\x00\x00\x00\x00'
Central,b'\x97\x1c\x00\x00\x00\x00\x00\x00',b'\x06\x00\x00\x00\x00\x00\x00\x00\x02\x00\x00\x00\x00\x00\x00\x00'
East,b'\xe1\x17\x00\x00\x00\x00\x00\x00',b'\x06\x00\x00\x00\x00\x00\x00\x00\x02\x00\x00\x00\x00\x00\x00\x00'
East,b'\xbc\x03\x00\x00\x00\x00\x00\x00',b'\x06\x00\x00\x00\x00\x00\x00\x00\x02\x00\x00\x00\x00\x00\x00\x00'
Central,b'\\\x0f\x00\x00\x00\x00\x00\x00',b'\x06\x00\x00\x00\x00\x00\x00\x00\x02\x00\x00\x00\x00\x00\x00\x00'
East,b'\x91\x15\x00\x00\x00\x00\x00\x00',b'\x06\x00\x00\x00\x00\x00\x00\x00\x02\x00\x00\x00\x00\x00\x00\x00'
East,b'@\x18\x00\x00\x00\x00\x00\x00',b'\x06\x00\x00\x00\x00\x00\x00\x00\x02\x00\x00\x00\x00\x00\x00\x00'
East,b'\x17\x14\x00\x00\x00\x00\x00\x00',b'\x06\x00\x00\x00\x00\x00\x00\x00\x02\x00\x00\x00\x00\x00\x00\x00'
Central,b'\xdd\r\x00\x00\x00\x00\x00\x00',b'\x06\x00\x00\x00\x00\x00\x00\x00\x02\x00\x00\x00\x00\x00\x00\x00'
West,b'?\x07\x00\x00\x00\x00\x00\x00',b'\x06\x00\x00\x00\x00\x00\x00\x00\x02\x00\x00\x00\x00\x00\x00\x00'
Central,b'a\x0b\x00\x00\x00\x00\x00\x00',b'\x06\x00\x00\x00\x00\x00\x00\x00\x02\x00\x00\x00\x00\x00\x00\x00'
South,b'\x01\x00\x00\x00\x00\x00\x00\x00',b'\x06\x00\x00\x00\x00\x00\x00\x00\x02\x00\x00\x00\x00\x00\x00\x00'
Central,b'.&\x00\x00\x00\x00\x00\x00',b'\x06\x00\x00\x00\x00\x00\x00\x00\x02\x00\x00\x00\x00\x00\x00\x00'
East,b'\xed%\x00\x00\x00\x00\x00\x00',b'\x06\x00\x00\x00\x00\x00\x00\x00\x02\x00\x00\x00\x00\x00\x00\x00'
West,b'\xf3#\x00\x00\x00\x00\x00\x00',b'\x06\x00\x00\x00\x00\x00\x00\x00\x02\x00\x00\x00\x00\x00\x00\x00'
East,b'\x07\x03\x00\x00\x00\x00\x00\x00',b'\x06\x00\x00\x00\x00\x00\x00\x00\x02\x00\x00\x00\x00\x00\x00\x00'
Central,b'\xcd(\x00\x00\x00\x00\x00\x00',b'\x06\x00\x00\x00\x00\x00\x00\x00\x02\x00\x00\x00\x00\x00\x00\x00'
Central,b'~\x03\x00\x00\x00\x00\x00\x00',b'\x06\x00\x00\x00\x00\x00\x00\x00\x02\x00\x00\x00\x00\x00\x00\x00'
Central,b'\x06\x1c\x00\x00\x00\x00\x00\x00',b'\x06\x00\x00\x00\x00\x00\x00\x00\x02\x00\x00\x00\x00\x00\x00\x00'
West,b'I!\x00\x00\x00\x00\x00\x00',b'\x06\x00\x00\x00\x00\x00\x00\x00\x02\x00\x00\x00\x00\x00\x00\x00'
Central,b'F\x04\x00\x00\x00\x00\x00\x00',b'\x06\x00\x00\x00\x00\x00\x00\x00\x02\x00\x00\x00\x00\x00\x00\x00'
East,b'\xe7\x06\x00\x00\x00\x00\x00\x00',b'\x06\x00\x00\x00\x00\x00\x00\x00\x02\x00\x00\x00\x00\x00\x00\x00'
East,b'Y\r\x00\x00\x00\x00\x00\x00',b'\x06\x00\x00\x00\x00\x00\x00\x00\x02\x00\x00\x00\x00\x00\x00\x00'
East,b'W\x0e\x00\x00\x00\x00\x00\x00',b'\x06\x00\x00\x00\x00\x00\x00\x00\x02\x00\x00\x00\x00\x00\x00\x00'
West,"b'\xf2""\x00\x00\x00\x00\x00\x00'",b'\x06\x00\x00\x00\x00\x00\x00\x00\x02\x00\x00\x00\x00\x00\x00\x00'
West,b'\xfe\x0c\x00\x00\x00\x00\x00\x00',b'\x06\x00\x00\x00\x00\x00\x00\x00\x02\x00\x00\x00\x00\x00\x00\x00'
East,b'\x9e \x00\x00\x00\x00\x00\x00',b'\x06\x00\x00\x00\x00\x00\x00\x00\x02\x00\x00\x00\x00\x00\x00\x00'
West,b'\x86\x0c\x00\x00\x00\x00\x00\x00',b'\x06\x00\x00\x00\x00\x00\x00\x00\x02\x00\x00\x00\x00\x00\x00\x00'
West,b'\x15\x15\x00\x00\x00\x00\x00\x00',b'\x06\x00\x00\x00\x00\x00\x00\x00\x02\x00\x00\x00\x00\x00\x00\x00'
East,b'~\x16\x00\x00\x00\x00\x00\x00',b'\x06\x00\x00\x00\x00\x00\x00\x00\x01\x00\x00\x00\x00\x00\x00\x00\x02\x00\x00\x00\x00\x00\x00\x00'
West,b'\x0b\x13\x00\x00\x00\x00\x00\x00',b'\x06\x00\x00\x00\x00\x00\x00\x00\x01\x00\x00\x00\x00\x00\x00\x00\x01\x00\x00\x00\x00\x00\x00\x00'
West,b'j&\x00\x00\x00\x00\x00\x00',b'\x06\x00\x00\x00\x00\x00\x00\x00\x01\x00\x00\x00\x00\x00\x00\x00\x01\x00\x00\x00\x00\x00\x00\x00'
East,b'>%\x00\x00\x00\x00\x00\x00',b'\x06\x00\x00\x00\x00\x00\x00\x00\x01\x00\x00\x00\x00\x00\x00\x00'
West,"b'\x1d""\x00\x00\x00\x00\x00\x00'",b'\x06\x00\x00\x00\x00\x00\x00\x00\x01\x00\x00\x00\x00\x00\x00\x00'
East,b'\n$\x00\x00\x00\x00\x00\x00',b'\x06\x00\x00\x00\x00\x00\x00\x00\x01\x00\x00\x00\x00\x00\x00\x00'
South,b'B!\x00\x00\x00\x00\x00\x00',b'\x06\x00\x00\x00\x00\x00\x00\x00\x01\x00\x00\x00\x00\x00\x00\x00'
West,b'\xe8\x13\x00\x00\x00\x00\x00\x00',b'\x06\x00\x00\x00\x00\x00\x00\x00\x01\x00\x00\x00\x00\x00\x00\x00'
Central,b'\xf9\x03\x00\x00\x00\x00\x00\x00',b'\x06\x00\x00\x00\x00\x00\x00\x00\x01\x00\x00\x00\x00\x00\x00\x00'
East,b'\x03%\x00\x00\x00\x00\x00\x00',b'\x06\x00\x00\x00\x00\x00\x00\x00\x01\x00\x00\x00\x00\x00\x00\x00'
East,b'\xd2\x12\x00\x00\x00\x00\x00\x00',b'\x06\x00\x00\x00\x00\x00\x00\x00\x01\x00\x00\x00\x00\x00\x00\x00'
West,b'\x15\x1a\x00\x00\x00\x00\x00\x00',b'\x06\x00\x00\x00\x00\x00\x00\x00\x01\x00\x00\x00\x00\x00\x00\x00'
East,b'\xdb!\x00\x00\x00\x00\x00\x00',b'\x06\x00\x00\x00\x00\x00\x00\x00\x01\x00\x00\x00\x00\x00\x00\x00'
East,b'\x84&\x00\x00\x00\x00\x00\x00',b'\x06\x00\x00\x00\x00\x00\x00\x00\x01\x00\x00\x00\x00\x00\x00\x00'
East,b'/\x19\x00\x00\x00\x00\x00\x00',b'\x06\x00\x00\x00\x00\x00\x00\x00\x01\x00\x00\x00\x00\x00\x00\x00'
West,b'\xc2\x1a\x00\x00\x00\x00\x00\x00',b'\x06\x00\x00\x00\x00\x00\x00\x00\x01\x00\x00\x00\x00\x00\x00\x00'
West,b'i)\x00\x00\x00\x00\x00\x00',b'\x06\x00\x00\x00\x00\x00\x00\x00\x01\x00\x00\x00\x00\x00\x00\x00'
East,b'\x03\x18\x00\x00\x00\x00\x00\x00',b'\x06\x00\x00\x00\x00\x00\x00\x00'
Central,b'\x93\x19\x00\x00\x00\x00\x00\x00',b'\x06\x00\x00\x00\x00\x00\x00\x00'
East,b'\xe3%\x00\x00\x00\x00\x00\x00',b'\x06\x00\x00\x00\x00\x00\x00\x00'
West,"b'B""\x00\x00\x00\x00\x00\x00'",b'\x06\x00\x00\x00\x00\x00\x00\x00'
South,b'\xcf&\x00\x00\x00\x00\x00\x00',b'\x06\x00\x00\x00\x00\x00\x00\x00'
Central,b'c\x13\x00\x00\x00\x00\x00\x00',b'\x06\x00\x00\x00\x00\x00\x00\x00'
East,b'\x0b\x15\x00\x00\x00\x00\x00\x00',b'\x06\x00\x00\x00\x00\x00\x00\x00'
West,b'\xc6\x00\x00\x00\x00\x00\x00\x00',b'\x06\x00\x00\x00\x00\x00\x00\x00'
West,b'\xcf!\x00\x00\x00\x00\x00\x00',b'\x06\x00\x00\x00\x00\x00\x00\x00'
East,b'\x02 \x00\x00\x00\x00\x00\x00',b'\x06\x00\x00\x00\x00\x00\x00\x00'
South,b'\x87\r\x00\x00\x00\x00\x00\x00',b'\x06\x00\x00\x00\x00\x00\x00\x00'
Central,b'\x8e\x04\x00\x00\x00\x00\x00\x00',b'\x06\x00\x00\x00\x00\x00\x00\x00'
West,b'\xc2\x0e\x00\x00\x00\x00\x00\x00',b'\x06\x00\x00\x00\x00\x00\x00\x00'
South,b'\x80&\x00\x00\x00\x00\x00\x00',b'\x06\x00\x00\x00\x00\x00\x00\x00'
South,b'\xc4\x1c\x00\x00\x00\x00\x00\x00',b'\x06\x00\x00\x00\x00\x00\x00\x00'
West,b'x\x0c\x00\x00\x00\x00\x00\x00',b'\x06\x00\x00\x00\x00\x00\x00\x00'
East,b'\xb6)\x00\x00\x00\x00\x00\x00',b'\x06\x00\x00\x00\x00\x00\x00\x00'
South,b'U\x0b\x00\x00\x00\x00\x00\x00',b'\x06\x00\x00\x00\x00\x00\x00\x00'
East,b'\x98\x0b\x00\x00\x00\x00\x00\x00',b'\x06\x00\x00\x00\x00\x00\x00\x00'
West,b'D\x01\x00\x00\x00\x00\x00\x00',b'\x06\x00\x00\x00\x00\x00\x00\x00'
South,b'\x9f\x1f\x00\x00\x00\x00\x00\x00',b'\x06\x00\x00\x00\x00\x00\x00\x00'
Central,b'\x97&\x00\x00\x00\x00\x00\x00',b'\x06\x00\x00\x00\x00\x00\x00\x00'
South,b'<\x0b\x00\x00\x00\x00\x00\x00',b'\x06\x00\x00\x00\x00\x00\x00\x00'
Central,"b'm""\x00\x00\x00\x00\x00\x00'",b'\x06\x00\x00\x00\x00\x00\x00\x00'
Central,b'\x16\x00\x00\x00\x00\x00\x00\x00',b'\x06\x00\x00\x00\x00\x00\x00\x00'
Central,b'\x80\x05\x00\x00\x00\x00\x00\x00',b'\x06\x00\x00\x00\x00\x00\x00\x00'
West,b'~\x11\x00\x00\x00\x00\x00\x00',b'\x06\x00\x00\x00\x00\x00\x00\x00'
East,b'-\x1c\x00\x00\x00\x00\x00\x00',b'\x06\x00\x00\x00\x00\x00\x00\x00'
West,"b'.""\x00\x00\x00\x00\x00\x00'",b'\x06\x00\x00\x00\x00\x00\x00\x00'
Central,b'\x7f\x08\x00\x00\x00\x00\x00\x00',b'\x06\x00\x00\x00\x00\x00\x00\x00'
Central,b'\xa9\t\x00\x00\x00\x00\x00\x00',b'\x06\x00\x00\x00\x00\x00\x00\x00'
East,b' %\x00\x00\x00\x00\x00\x00',b'\x06\x00\x00\x00\x00\x00\x00\x00'
Central,b'\xa7\x15\x00\x00\x00\x00\x00\x00',b'\x06\x00\x00\x00\x00\x00\x00\x00'
East,"b""-'\x00\x00\x00\x00\x00\x00""",b'\x06\x00\x00\x00\x00\x00\x00\x00'
Central,b'\x9c\x1a\x00\x00\x00\x00\x00\x00',b'\x06\x00\x00\x00\x00\x00\x00\x00'
West,b'\xfb(\x00\x00\x00\x00\x00\x00',b'\x06\x00\x00\x00\x00\x00\x00\x00'
South,b'+\x1f\x00\x00\x00\x00\x00\x00',b'\x06\x00\x00\x00\x00\x00\x00\x00'
East,b'.&\x00\x00\x00\x00\x00\x00',b'\x06\x00\x00\x00\x00\x00\x00\x00'
East,b'\x07\x1c\x00\x00\x00\x00\x00\x00',b'\x06\x00\x00\x00\x00\x00\x00\x00'
South,b'\x8a\x04\x00\x00\x00\x00\x00\x00',b'\x06\x00\x00\x00\x00\x00\x00\x00'
East,b'\x8b(\x00\x00\x00\x00\x00\x00',b'\x06\x00\x00\x00\x00\x00\x00\x00'
South,b'R\x18\x00\x00\x00\x00\x00\x00',b'\x06\x00\x00\x00\x00\x00\x00\x00'
East,"b""\x13'\x00\x00\x00\x00\x00\x00""",b'\x06\x00\x00\x00\x00\x00\x00\x00'
West,b'\xb6)\x00\x00\x00\x00\x00\x00',b'\x06\x00\x00\x00\x00\x00\x00\x00'
West,b'\xf7\x0f\x00\x00\x00\x00\x00\x00',b'\x06\x00\x00\x00\x00\x00\x00\x00'
East,b'\xb5\x11\x00\x00\x00\x00\x00\x00',b'\x06\x00\x00\x00\x00\x00\x00\x00'
South,b'+\x0c\x00\x00\x00\x00\x00\x00',b'\x06\x00\x00\x00\x00\x00\x00\x00'
Central,b'\xab(\x00\x00\x00\x00\x00\x00',b'\x06\x00\x00\x00\x00\x00\x00\x00'
East,b'\xdf\x03\x00\x00\x00\x00\x00\x00',b'\x06\x00\x00\x00\x00\x00\x00\x00'
Central,b'o\x15\x00\x00\x00\x00\x00\x00',b'\x06\x00\x00\x00\x00\x00\x00\x00'
South,b'I\x15\x00\x00\x00\x00\x00\x00',b'\x06\x00\x00\x00\x00\x00\x00\x00'
West,b'k%\x00\x00\x00\x00\x00\x00',b'\x06\x00\x00\x00\x00\x00\x00\x00'
West,b't\x0b\x00\x00\x00\x00\x00\x00',b'\x06\x00\x00\x00\x00\x00\x00\x00'
South,b'\x99\x02\x00\x00\x00\x00\x00\x00',b'\x06\x00\x00\x00\x00\x00\x00\x00'
Central,b'\x88&\x00\x00\x00\x00\x00\x00',b'\x06\x00\x00\x00\x00\x00\x00\x00'
West,b'm\x15\x00\x00\x00\x00\x00\x00',b'\x06\x00\x00\x00\x00\x00\x00\x00'
East,b'\xdd\r\x00\x00\x00\x00\x00\x00',b'\x06\x00\x00\x00\x00\x00\x00\x00'
Central,"b'\xb4""\x00\x00\x00\x00\x00\x00'",b'\x06\x00\x00\x00\x00\x00\x00\x00'
West,b'U\x0e\x00\x00\x00\x00\x00\x00',b'\x06\x00\x00\x00\x00\x00\x00\x00'
South,b'n\x13\x00\x00\x00\x00\x00\x00',b'\x06\x00\x00\x00\x00\x00\x00\x00'
West,b'\x9e$\x00\x00\x00\x00\x00\x00',b'\x06\x00\x00\x00\x00\x00\x00\x00'
East,b'g\x08\x00\x00\x00\x00\x00\x00',b'\x06\x00\x00\x00\x00\x00\x00\x00'
South,b'\x94\x1f\x00\x00\x00\x00\x00\x00',b'\x06\x00\x00\x00\x00\x00\x00\x00'
West,b'\xee\x17\x00\x00\x00\x00\x00\x00',b'\x06\x00\x00\x00\x00\x00\x00\x00'
Central,b'\xe8\t\x00\x00\x00\x00\x00\x00',b'\x06\x00\x00\x00\x00\x00\x00\x00'
Central,b'>\x16\x00\x00\x00\x00\x00\x00',b'\x06\x00\x00\x00\x00\x00\x00\x00'
South,b'\x0c\x12\x00\x00\x00\x00\x00\x00',b'\x06\x00\x00\x00\x00\x00\x00\x00'
Central,b'\xe8\x1a\x00\x00\x00\x00\x00\x00',b'\x06\x00\x00\x00\x00\x00\x00\x00'
East,b'\xc1%\x00\x00\x00\x00\x00\x00',b'\x06\x00\x00\x00\x00\x00\x00\x00'
West,"b""5'\x00\x00\x00\x00\x00\x00""",b'\x06\x00\x00\x00\x00\x00\x00\x00'
South,b'\xf3\x14\x00\x00\x00\x00\x00\x00',b'\x06\x00\x00\x00\x00\x00\x00\x00'
South,b'l(\x00\x00\x00\x00\x00\x00',b'\x06\x00\x00\x00\x00\x00\x00\x00'
East,"b""{'\x00\x00\x00\x00\x00\x00""",b'\x06\x00\x00\x00\x00\x00\x00\x00'
East,b'}#\x00\x00\x00\x00\x00\x00',b'\x06\x00\x00\x00\x00\x00\x00\x00'
South,b'\x10\x01\x00\x00\x00\x00\x00\x00',b'\x06\x00\x00\x00\x00\x00\x00\x00'
South,b'\xf3\x04\x00\x00\x00\x00\x00\x00',b'\x06\x00\x00\x00\x00\x00\x00\x00'
East,b'\xd0\x13\x00\x00\x00\x00\x00\x00',b'\x06\x00\x00\x00\x00\x00\x00\x00'
East,b'_ \x00\x00\x00\x00\x00\x00',b'\x06\x00\x00\x00\x00\x00\x00\x00'
Central,b'G%\x00\x00\x00\x00\x00\x00',b'\x06\x00\x00\x00\x00\x00\x00\x00'
South,b'{&\x00\x00\x00\x00\x00\x00',b'\x06\x00\x00\x00\x00\x00\x00\x00'
South,b'\xb9\x13\x00\x00\x00\x00\x00\x00',b'\x06\x00\x00\x00\x00\x00\x00\x00'
West,b'\xa5\x0f\x00\x00\x00\x00\x00\x00',b'\x06\x00\x00\x00\x00\x00\x00\x00'
Central,b'\xef)\x00\x00\x00\x00\x00\x00',b'\x06\x00\x00\x00\x00\x00\x00\x00'
East,"b""\\'\x00\x00\x00\x00\x00\x00""",b'\x06\x00\x00\x00\x00\x00\x00\x00'
Central,b'\x06\x07\x00\x00\x00\x00\x00\x00',b'\x06\x00\x00\x00\x00\x00\x00\x00'
West,b'X%\x00\x00\x00\x00\x00\x00',b'\x06\x00\x00\x00\x00\x00\x00\x00'
Central,b'\xc5\x04\x00\x00\x00\x00\x00\x00',b'\x06\x00\x00\x00\x00\x00\x00\x00'
East,b'\xfb\n\x00\x00\x00\x00\x00\x00',b'\x06\x00\x00\x00\x00\x00\x00\x00'
East,b'\xc0&\x00\x00\x00\x00\x00\x00',b'\x06\x00\x00\x00\x00\x00\x00\x00'
East,b'z\n\x00\x00\x00\x00\x00\x00',b'\x06\x00\x00\x00\x00\x00\x00\x00'
Central,b'\xd2\x0c\x00\x00\x00\x00\x00\x00',b'\x06\x00\x00\x00\x00\x00\x00\x00'
South,b'\x02\x1f\x00\x00\x00\x00\x00\x00',b'\x06\x00\x00\x00\x00\x00\x00\x00'
West,b'\xec\x02\x00\x00\x00\x00\x00\x00',b'\x06\x00\x00\x00\x00\x00\x00\x00'
South,b'x&\x00\x00\x00\x00\x00\x00',b'\x06\x00\x00\x00\x00\x00\x00\x00'
South,b'y\x13\x00\x00\x00\x00\x00\x00',b'\x06\x00\x00\x00\x00\x00\x00\x00'
South,b'x#\x00\x00\x00\x00\x00\x00',b'\x06\x00\x00\x00\x00\x00\x00\x00'
South,b'\x93\x13\x00\x00\x00\x00\x00\x00',b'\x06\x00\x00\x00\x00\x00\x00\x00'
East,b'\xa8\x1f\x00\x00\x00\x00\x00\x00',b'\x06\x00\x00\x00\x00\x00\x00\x00'
Central,b'\xde\t\x00\x00\x00\x00\x00\x00',b'\x06\x00\x00\x00\x00\x00\x00\x00'
South,b'\x03\x1a\x00\x00\x00\x00\x00\x00',b'\x06\x00\x00\x00\x00\x00\x00\x00'
West,b'\xea\x1d\x00\x00\x00\x00\x00\x00',b'\x06\x00\x00\x00\x00\x00\x00\x00'
South,b'\x93\x15\x00\x00\x00\x00\x00\x00',b'\x06\x00\x00\x00\x00\x00\x00\x00'
West,b'4 \x00\x00\x00\x00\x00\x00',b'\x06\x00\x00\x00\x00\x00\x00\x00'
South,b't#\x00\x00\x00\x00\x00\x00',b'\x06\x00\x00\x00\x00\x00\x00\x00'
West,b'P\x1d\x00\x00\x00\x00\x00\x00',b'\x06\x00\x00\x00\x00\x00\x00\x00'
West,b'\xe9$\x00\x00\x00\x00\x00\x00',b'\x06\x00\x00\x00\x00\x00\x00\x00'
West,"b""'\x0c\x00\x00\x00\x00\x00\x00""",b'\x06\x00\x00\x00\x00\x00\x00\x00'
East,b'm\x15\x00\x00\x00\x00\x00\x00',b'\x06\x00\x00\x00\x00\x00\x00\x00'
East,b'y\x12\x00\x00\x00\x00\x00\x00',b'\x06\x00\x00\x00\x00\x00\x00\x00'
South,b'\xaa \x00\x00\x00\x00\x00\x00',b'\x06\x00\x00\x00\x00\x00\x00\x00'
West,b'%(\x00\x00\x00\x00\x00\x00',b'\x06\x00\x00\x00\x00\x00\x00\x00'
Central,b'\xe3\x14\x00\x00\x00\x00\x00\x00',b'\x06\x00\x00\x00\x00\x00\x00\x00'
South,b'\xf5\x1b\x00\x00\x00\x00\x00\x00',b'\x06\x00\x00\x00\x00\x00\x00\x00'
West,"b'\xfe""\x00\x00\x00\x00\x00\x00'",b'\x06\x00\x00\x00\x00\x00\x00\x00'
South,b'\xff\x1f\x00\x00\x00\x00\x00\x00',b'\x06\x00\x00\x00\x00\x00\x00\x00'
East,b'\xbf&\x00\x00\x00\x00\x00\x00',b'\x06\x00\x00\x00\x00\x00\x00\x00'
Central,b':\r\x00\x00\x00\x00\x00\x00',b'\x06\x00\x00\x00\x00\x00\x00\x00'
West,b'S\x04\x00\x00\x00\x00\x00\x00',b'\x06\x00\x00\x00\x00\x00\x00\x00'
Central,b'K\x02\x00\x00\x00\x00\x00\x00',b'\x06\x00\x00\x00\x00\x00\x00\x00'
South,b'\xc0 \x00\x00\x00\x00\x00\x00',b'\x06\x00\x00\x00\x00\x00\x00\x00'
East,b'\xf2\t\x00\x00\x00\x00\x00\x00',b'\x06\x00\x00\x00\x00\x00\x00\x00'
Central,b'\t\x1e\x00\x00\x00\x00\x00\x00',b'\x06\x00\x00\x00\x00\x00\x00\x00'
East,b'S\x04\x00\x00\x00\x00\x00\x00',b'\x06\x00\x00\x00\x00\x00\x00\x00'
Central,b'\xbf#\x00\x00\x00\x00\x00\x00',b'\x06\x00\x00\x00\x00\x00\x00\x00'
West,b'G%\x00\x00\x00\x00\x00\x00',b'\x06\x00\x00\x00\x00\x00\x00\x00'
South,b'\xa4\x0c\x00\x00\x00\x00\x00\x00',b'\x06\x00\x00\x00\x00\x00\x00\x00'
South,"b'""\x11\x00\x00\x00\x00\x00\x00'",b'\x06\x00\x00\x00\x00\x00\x00\x00'
West,b'a\x1e\x00\x00\x00\x00\x00\x00',b'\x06\x00\x00\x00\x00\x00\x00\x00'
East,b'\x7f\x1d\x00\x00\x00\x00\x00\x00',b'\x06\x00\x00\x00\x00\x00\x00\x00'
South,b'\xe8\x18\x00\x00\x00\x00\x00\x00',b'\x06\x00\x00\x00\x00\x00\x00\x00'
East,b'Q$\x00\x00\x00\x00\x00\x00',b'\x06\x00\x00\x00\x00\x00\x00\x00'
Central,b'$\t\x00\x00\x00\x00\x00\x00',b'\x06\x00\x00\x00\x00\x00\x00\x00'
West,b'\xaa \x00\x00\x00\x00\x00\x00',b'\x06\x00\x00\x00\x00\x00\x00\x00'
Central,b'Y%\x00\x00\x00\x00\x00\x00',b'\x06\x00\x00\x00\x00\x00\x00\x00'
East,b'M \x00\x00\x00\x00\x00\x00',b'\x06\x00\x00\x00\x00\x00\x00\x00'
South,b'\\$\x00\x00\x00\x00\x00\x00',b'\x06\x00\x00\x00\x00\x00\x00\x00'
East,b'P(\x00\x00\x00\x00\x00\x00',b'\x06\x00\x00\x00\x00\x00\x00\x00'
Central,b'\xbc\x1d\x00\x00\x00\x00\x00\x00',b'\x06\x00\x00\x00\x00\x00\x00\x00'
Central,b'W\x1b\x00\x00\x00\x00\x00\x00',b'\x06\x00\x00\x00\x00\x00\x00\x00'
West,b'8\x0b\x00\x00\x00\x00\x00\x00',b'\x06\x00\x00\x00\x00\x00\x00\x00'
West,b'^%\x00\x00\x00\x00\x00\x00',b'\x06\x00\x00\x00\x00\x00\x00\x00'
East,b'\xce(\x00\x00\x00\x00\x00\x00',b'\x06\x00\x00\x00\x00\x00\x00\x00'
East,b'T\x0b\x00\x00\x00\x00\x00\x00',b'\x06\x00\x00\x00\x00\x00\x00\x00'
Central,b'^#\x00\x00\x00\x00\x00\x00',b'\x06\x00\x00\x00\x00\x00\x00\x00'
Central,b'^(\x00\x00\x00\x00\x00\x00',b'\x06\x00\x00\x00\x00\x00\x00\x00'
South,b'g\x11\x00\x00\x00\x00\x00\x00',b'\x06\x00\x00\x00\x00\x00\x00\x00'
East,b'\x00\x1e\x00\x00\x00\x00\x00\x00',b'\x06\x00\x00\x00\x00\x00\x00\x00'
East,b'E\x04\x00\x00\x00\x00\x00\x00',b'\x06\x00\x00\x00\x00\x00\x00\x00'
Central,b'\xc3\x18\x00\x00\x00\x00\x00\x00',b'\x06\x00\x00\x00\x00\x00\x00\x00'
East,b'\xf6\x01\x00\x00\x00\x00\x00\x00',b'\x06\x00\x00\x00\x00\x00\x00\x00'
East,b'\xf5)\x00\x00\x00\x00\x00\x00',b'\x06\x00\x00\x00\x00\x00\x00\x00'
Central,b'N\x15\x00\x00\x00\x00\x00\x00',b'\x06\x00\x00\x00\x00\x00\x00\x00'
East,b'X\x1c\x00\x00\x00\x00\x00\x00',b'\x06\x00\x00\x00\x00\x00\x00\x00'
West,b'd \x00\x00\x00\x00\x00\x00',b'\x06\x00\x00\x00\x00\x00\x00\x00'
South,b'\xef\x04\x00\x00\x00\x00\x00\x00',b'\x06\x00\x00\x00\x00\x00\x00\x00'
Central,b'O\x19\x00\x00\x00\x00\x00\x00',b'\x06\x00\x00\x00\x00\x00\x00\x00'
East,b'W(\x00\x00\x00\x00\x00\x00',b'\x06\x00\x00\x00\x00\x00\x00\x00'
South,b'c\x14\x00\x00\x00\x00\x00\x00',b'\x06\x00\x00\x00\x00\x00\x00\x00'
Central,b'Q\x19\x00\x00\x00\x00\x00\x00',b'\x06\x00\x00\x00\x00\x00\x00\x00'
West,b'\x1c\x17\x00\x00\x00\x00\x00\x00',b'\x06\x00\x00\x00\x00\x00\x00\x00'
West,b'\\\x1d\x00\x00\x00\x00\x00\x00',b'\x06\x00\x00\x00\x00\x00\x00\x00'
East,b'U\x0e\x00\x00\x00\x00\x00\x00',b'\x06\x00\x00\x00\x00\x00\x00\x00'
South,b'\xe9\x0e\x00\x00\x00\x00\x00\x00',b'\x06\x00\x00\x00\x00\x00\x00\x00'
West,b'9\x1c\x00\x00\x00\x00\x00\x00',b'\x06\x00\x00\x00\x00\x00\x00\x00'
West,b'`\x06\x00\x00\x00\x00\x00\x00',b'\x05\x00\x00\x00\x00\x00\x00\x00\r\x00\x00\x00\x00\x00\x00\x00\x06\x00\x00\x00\x00\x00\x00\x00'
Central,b'%\x1d\x00\x00\x00\x00\x00\x00',b'\x05\x00\x00\x00\x00\x00\x00\x00\n\x00\x00\x00\x00\x00\x00\x00\x02\x00\x00\x00\x00\x00\x00\x00'
South,b'\x8e#\x00\x00\x00\x00\x00\x00',b'\x05\x00\x00\x00\x00\x00\x00\x00\n\x00\x00\x00\x00\x00\x00\x00'
West,b'\xc2\x02\x00\x00\x00\x00\x00\x00',b'\x05\x00\x00\x00\x00\x00\x00\x00\t\x00\x00\x00\x00\x00\x00\x00\x05\x00\x00\x00\x00\x00\x00\x00\x03\x00\x00\x00\x00\x00\x00\x00\x03\x00\x00\x00\x00\x00\x00\x00\x02\x00\x00\x00\x00\x00\x00\x00'
West,b'\x1a\t\x00\x00\x00\x00\x00\x00',b'\x05\x00\x00\x00\x00\x00\x00\x00\t\x00\x00\x00\x00\x00\x00\x00\x05\x00\x00\x00\x00\x00\x00\x00'
Central,b'\xd4\x03\x00\x00\x00\x00\x00\x00',b'\x05\x00\x00\x00\x00\x00\x00\x00\t\x00\x00\x00\x00\x00\x00\x00\x04\x00\x00\x00\x00\x00\x00\x00'
South,b'\x0b\x1d\x00\x00\x00\x00\x00\x00',b'\x05\x00\x00\x00\x00\x00\x00\x00\t\x00\x00\x00\x00\x00\x00\x00\x02\x00\x00\x00\x00\x00\x00\x00\x02\x00\x00\x00\x00\x00\x00\x00'
West,b'\xff\x1f\x00\x00\x00\x00\x00\x00',b'\x05\x00\x00\x00\x00\x00\x00\x00\t\x00\x00\x00\x00\x00\x00\x00\x02\x00\x00\x00\x00\x00\x00\x00'
Central,"b""B'\x00\x00\x00\x00\x00\x00""",b'\x05\x00\x00\x00\x00\x00\x00\x00\t\x00\x00\x00\x00\x00\x00\x00\x01\x00\x00\x00\x00\x00\x00\x00'
Central,b'\xf9(\x00\x00\x00\x00\x00\x00',b'\x05\x00\x00\x00\x00\x00\x00\x00\t\x00\x00\x00\x00\x00\x00\x00\x01\x00\x00\x00\x00\x00\x00\x00'
East,b'b\x12\x00\x00\x00\x00\x00\x00',b'\x05\x00\x00\x00\x00\x00\x00\x00\t\x00\x00\x00\x00\x00\x00\x00'
East,"b'\xa3""\x00\x00\x00\x00\x00\x00'",b'\x05\x00\x00\x00\x00\x00\x00\x00\t\x00\x00\x00\x00\x00\x00\x00'
Central,"b'\xd4""\x00\x00\x00\x00\x00\x00'",b'\x05\x00\x00\x00\x00\x00\x00\x00\x08\x00\x00\x00\x00\x00\x00\x00\x06\x00\x00\x00\x00\x00\x00\x00'
West,b'\xe8\x1a\x00\x00\x00\x00\x00\x00',b'\x05\x00\x00\x00\x00\x00\x00\x00\x08\x00\x00\x00\x00\x00\x00\x00'
South,b'\xdf \x00\x00\x00\x00\x00\x00',b'\x05\x00\x00\x00\x00\x00\x00\x00\x08\x00\x00\x00\x00\x00\x00\x00'
South,b'\xca\x14\x00\x00\x00\x00\x00\x00',b'\x05\x00\x00\x00\x00\x00\x00\x00\x08\x00\x00\x00\x00\x00\x00\x00'
East,b'|\x05\x00\x00\x00\x00\x00\x00',b'\x05\x00\x00\x00\x00\x00\x00\x00\x08\x00\x00\x00\x00\x00\x00\x00'
West,b'\xe4\x03\x00\x00\x00\x00\x00\x00',b'\x05\x00\x00\x00\x00\x00\x00\x00\x07\x00\x00\x00\x00\x00\x00\x00\x05\x00\x00\x00\x00\x00\x00\x00'
West,b'\x9d&\x00\x00\x00\x00\x00\x00',b'\x05\x00\x00\x00\x00\x00\x00\x00\x07\x00\x00\x00\x00\x00\x00\x00\x04\x00\x00\x00\x00\x00\x00\x00\x05\x00\x00\x00\x00\x00\x00\x00'
West,b'\x0c\x1b\x00\x00\x00\x00\x00\x00',b'\x05\x00\x00\x00\x00\x00\x00\x00\x07\x00\x00\x00\x00\x00\x00\x00\x04\x00\x00\x00\x00\x00\x00\x00'
Central,"b'\xd9""\x00\x00\x00\x00\x00\x00'",b'\x05\x00\x00\x00\x00\x00\x00\x00\x07\x00\x00\x00\x00\x00\x00\x00\x04\x00\x00\x00\x00\x00\x00\x00'
West,b'.\x0c\x00\x00\x00\x00\x00\x00',b'\x05\x00\x00\x00\x00\x00\x00\x00\x07\x00\x00\x00\x00\x00\x00\x00\x03\x00\x00\x00\x00\x00\x00\x00\x02\x00\x00\x00\x00\x00\x00\x00\x03\x00\x00\x00\x00\x00\x00\x00'
East,b'\x80%\x00\x00\x00\x00\x00\x00',b'\x05\x00\x00\x00\x00\x00\x00\x00\x07\x00\x00\x00\x00\x00\x00\x00\x03\x00\x00\x00\x00\x00\x00\x00'
Central,b'\xf8\x1d\x00\x00\x00\x00\x00\x00',b'\x05\x00\x00\x00\x00\x00\x00\x00\x07\x00\x00\x00\x00\x00\x00\x00\x03\x00\x00\x00\x00\x00\x00\x00'
South,b'\xfa\x1b\x00\x00\x00\x00\x00\x00',b'\x05\x00\x00\x00\x00\x00\x00\x00\x07\x00\x00\x00\x00\x00\x00\x00\x03\x00\x00\x00\x00\x00\x00\x00'
West,b'B \x00\x00\x00\x00\x00\x00',b'\x05\x00\x00\x00\x00\x00\x00\x00\x07\x00\x00\x00\x00\x00\x00\x00\x02\x00\x00\x00\x00\x00\x00\x00\x02\x00\x00\x00\x00\x00\x00\x00\x02\x00\x00\x00\x00\x00\x00\x00\x02\x00\x00\x00\x00\x00\x00\x00\x02\x00\x00\x00\x00\x00\x00\x00'
West,b'N\x01\x00\x00\x00\x00\x00\x00',b'\x05\x00\x00\x00\x00\x00\x00\x00\x07\x00\x00\x00\x00\x00\x00\x00\x02\x00\x00\x00\x00\x00\x00\x00'
Central,b'\xd6\x01\x00\x00\x00\x00\x00\x00',b'\x05\x00\x00\x00\x00\x00\x00\x00\x07\x00\x00\x00\x00\x00\x00\x00\x02\x00\x00\x00\x00\x00\x00\x00'
West,b'\xd3#\x00\x00\x00\x00\x00\x00',b'\x05\x00\x00\x00\x00\x00\x00\x00\x07\x00\x00\x00\x00\x00\x00\x00'
South,"b'""\x1f\x00\x00\x00\x00\x00\x00'",b'\x05\x00\x00\x00\x00\x00\x00\x00\x07\x00\x00\x00\x00\x00\x00\x00'
Central,"b""\xf6'\x00\x00\x00\x00\x00\x00""",b'\x05\x00\x00\x00\x00\x00\x00\x00\x07\x00\x00\x00\x00\x00\x00\x00'
Central,b'\xfc\x08\x00\x00\x00\x00\x00\x00',b'\x05\x00\x00\x00\x00\x00\x00\x00\x07\x00\x00\x00\x00\x00\x00\x00'
Central,b'D\t\x00\x00\x00\x00\x00\x00',b'\x05\x00\x00\x00\x00\x00\x00\x00\x07\x00\x00\x00\x00\x00\x00\x00'
West,b'\xd9\x11\x00\x00\x00\x00\x00\x00',b'\x05\x00\x00\x00\x00\x00\x00\x00\x07\x00\x00\x00\x00\x00\x00\x00'
South,b'\xd5\x08\x00\x00\x00\x00\x00\x00',b'\x05\x00\x00\x00\x00\x00\x00\x00\x07\x00\x00\x00\x00\x00\x00\x00'
West,"b""-'\x00\x00\x00\x00\x00\x00""",b'\x05\x00\x00\x00\x00\x00\x00\x00\x07\x00\x00\x00\x00\x00\x00\x00'
West,b')#\x00\x00\x00\x00\x00\x00',b'\x05\x00\x00\x00\x00\x00\x00\x00\x06\x00\x00\x00\x00\x00\x00\x00\x05\x00\x00\x00\x00\x00\x00\x00\x02\x00\x00\x00\x00\x00\x00\x00'
East,b'\xd7\x1d\x00\x00\x00\x00\x00\x00',b'\x05\x00\x00\x00\x00\x00\x00\x00\x06\x00\x00\x00\x00\x00\x00\x00\x04\x00\x00\x00\x00\x00\x00\x00\x04\x00\x00\x00\x00\x00\x00\x00'
East,b'\xf3\x04\x00\x00\x00\x00\x00\x00',b'\x05\x00\x00\x00\x00\x00\x00\x00\x06\x00\x00\x00\x00\x00\x00\x00\x04\x00\x00\x00\x00\x00\x00\x00\x02\x00\x00\x00\x00\x00\x00\x00\x03\x00\x00\x00\x00\x00\x00\x00\x02\x00\x00\x00\x00\x00\x00\x00'
East,b'\x0c\x12\x00\x00\x00\x00\x00\x00',b'\x05\x00\x00\x00\x00\x00\x00\x00\x06\x00\x00\x00\x00\x00\x00\x00\x04\x00\x00\x00\x00\x00\x00\x00\x02\x00\x00\x00\x00\x00\x00\x00\x03\x00\x00\x00\x00\x00\x00\x00\x02\x00\x00\x00\x00\x00\x00\x00'
East,b'\xdb$\x00\x00\x00\x00\x00\x00',b'\x05\x00\x00\x00\x00\x00\x00\x00\x06\x00\x00\x00\x00\x00\x00\x00\x04\x00\x00\x00\x00\x00\x00\x00'
West,b'{\x19\x00\x00\x00\x00\x00\x00',b'\x05\x00\x00\x00\x00\x00\x00\x00\x06\x00\x00\x00\x00\x00\x00\x00\x04\x00\x00\x00\x00\x00\x00\x00'
West,b'\xd7\x05\x00\x00\x00\x00\x00\x00',b'\x05\x00\x00\x00\x00\x00\x00\x00\x06\x00\x00\x00\x00\x00\x00\x00\x03\x00\x00\x00\x00\x00\x00\x00\x04\x00\x00\x00\x00\x00\x00\x00'
Central,b'\x82$\x00\x00\x00\x00\x00\x00',b'\x05\x00\x00\x00\x00\x00\x00\x00\x06\x00\x00\x00\x00\x00\x00\x00\x03\x00\x00\x00\x00\x00\x00\x00\x02\x00\x00\x00\x00\x00\x00\x00\t\x00\x00\x00\x00\x00\x00\x00\x04\x00\x00\x00\x00\x00\x00\x00\x05\x00\x00\x00\x00\x00\x00\x00'
Central,b'-\x04\x00\x00\x00\x00\x00\x00',b'\x05\x00\x00\x00\x00\x00\x00\x00\x06\x00\x00\x00\x00\x00\x00\x00\x03\x00\x00\x00\x00\x00\x00\x00\x01\x00\x00\x00\x00\x00\x00\x00'
West,b'\xc6\x14\x00\x00\x00\x00\x00\x00',b'\x05\x00\x00\x00\x00\x00\x00\x00\x06\x00\x00\x00\x00\x00\x00\x00\x02\x00\x00\x00\x00\x00\x00\x00\x02\x00\x00\x00\x00\x00\x00\x00\x03\x00\x00\x00\x00\x00\x00\x00'
West,b'1\x00\x00\x00\x00\x00\x00\x00',b'\x05\x00\x00\x00\x00\x00\x00\x00\x06\x00\x00\x00\x00\x00\x00\x00\x02\x00\x00\x00\x00\x00\x00\x00'
West,b'\xeb\x0c\x00\x00\x00\x00\x00\x00',b'\x05\x00\x00\x00\x00\x00\x00\x00\x06\x00\x00\x00\x00\x00\x00\x00\x02\x00\x00\x00\x00\x00\x00\x00'
Central,b'\xce#\x00\x00\x00\x00\x00\x00',b'\x05\x00\x00\x00\x00\x00\x00\x00\x06\x00\x00\x00\x00\x00\x00\x00\x01\x00\x00\x00\x00\x00\x00\x00\x02\x00\x00\x00\x00\x00\x00\x00\x02\x00\x00\x00\x00\x00\x00\x00'
South,b'1\x10\x00\x00\x00\x00\x00\x00',b'\x05\x00\x00\x00\x00\x00\x00\x00\x06\x00\x00\x00\x00\x00\x00\x00\x01\x00\x00\x00\x00\x00\x00\x00'
West,"b""\xd1'\x00\x00\x00\x00\x00\x00""",b'\x05\x00\x00\x00\x00\x00\x00\x00\x06\x00\x00\x00\x00\x00\x00\x00'
Central,b'I\x15\x00\x00\x00\x00\x00\x00',b'\x05\x00\x00\x00\x00\x00\x00\x00\x06\x00\x00\x00\x00\x00\x00\x00'
Central,b'x&\x00\x00\x00\x00\x00\x00',b'\x05\x00\x00\x00\x00\x00\x00\x00\x06\x00\x00\x00\x00\x00\x00\x00'
Central,b'\x93\x15\x00\x00\x00\x00\x00\x00',b'\x05\x00\x00\x00\x00\x00\x00\x00\x06\x00\x00\x00\x00\x00\x00\x00'
South,b'\xc1 \x00\x00\x00\x00\x00\x00',b'\x05\x00\x00\x00\x00\x00\x00\x00\x06\x00\x00\x00\x00\x00\x00\x00'
West,"b""'\x11\x00\x00\x00\x00\x00\x00""",b'\x05\x00\x00\x00\x00\x00\x00\x00\x06\x00\x00\x00\x00\x00\x00\x00'
East,b'\x0c\x04\x00\x00\x00\x00\x00\x00',b'\x05\x00\x00\x00\x00\x00\x00\x00\x06\x00\x00\x00\x00\x00\x00\x00'
Central,b'\xce\x18\x00\x00\x00\x00\x00\x00',b'\x05\x00\x00\x00\x00\x00\x00\x00\x06\x00\x00\x00\x00\x00\x00\x00'
South,b'c%\x00\x00\x00\x00\x00\x00',b'\x05\x00\x00\x00\x00\x00\x00\x00\x06\x00\x00\x00\x00\x00\x00\x00'
Central,b'\x9d\x02\x00\x00\x00\x00\x00\x00',b'\x05\x00\x00\x00\x00\x00\x00\x00\x06\x00\x00\x00\x00\x00\x00\x00'
Central,b'\x8e\x0c\x00\x00\x00\x00\x00\x00',b'\x05\x00\x00\x00\x00\x00\x00\x00\x05\x00\x00\x00\x00\x00\x00\x00\x0e\x00\x00\x00\x00\x00\x00\x00'
Central,b'X\x0b\x00\x00\x00\x00\x00\x00',b'\x05\x00\x00\x00\x00\x00\x00\x00\x05\x00\x00\x00\x00\x00\x00\x00\x0e\x00\x00\x00\x00\x00\x00\x00'
West,b'\x0f$\x00\x00\x00\x00\x00\x00',b'\x05\x00\x00\x00\x00\x00\x00\x00\x05\x00\x00\x00\x00\x00\x00\x00\x08\x00\x00\x00\x00\x00\x00\x00'
West,b'~\x0c\x00\x00\x00\x00\x00\x00',b'\x05\x00\x00\x00\x00\x00\x00\x00\x05\x00\x00\x00\x00\x00\x00\x00\x07\x00\x00\x00\x00\x00\x00\x00\x03\x00\x00\x00\x00\x00\x00\x00'
West,b'.\x03\x00\x00\x00\x00\x00\x00',b'\x05\x00\x00\x00\x00\x00\x00\x00\x05\x00\x00\x00\x00\x00\x00\x00\x07\x00\x00\x00\x00\x00\x00\x00\x03\x00\x00\x00\x00\x00\x00\x00'
West,b'q)\x00\x00\x00\x00\x00\x00',b'\x05\x00\x00\x00\x00\x00\x00\x00\x05\x00\x00\x00\x00\x00\x00\x00\x07\x00\x00\x00\x00\x00\x00\x00\x03\x00\x00\x00\x00\x00\x00\x00'
East,b'\xee!\x00\x00\x00\x00\x00\x00',b'\x05\x00\x00\x00\x00\x00\x00\x00\x05\x00\x00\x00\x00\x00\x00\x00\x07\x00\x00\x00\x00\x00\x00\x00\x02\x00\x00\x00\x00\x00\x00\x00'
Central,b'\xd7\x05\x00\x00\x00\x00\x00\x00',b'\x05\x00\x00\x00\x00\x00\x00\x00\x05\x00\x00\x00\x00\x00\x00\x00\x06\x00\x00\x00\x00\x00\x00\x00\x03\x00\x00\x00\x00\x00\x00\x00'
East,b'\x8c\x02\x00\x00\x00\x00\x00\x00',b'\x05\x00\x00\x00\x00\x00\x00\x00\x05\x00\x00\x00\x00\x00\x00\x00\x05\x00\x00\x00\x00\x00\x00\x00\x02\x00\x00\x00\x00\x00\x00\x00'
East,b'\x89\x19\x00\x00\x00\x00\x00\x00',b'\x05\x00\x00\x00\x00\x00\x00\x00\x05\x00\x00\x00\x00\x00\x00\x00\x05\x00\x00\x00\x00\x00\x00\x00'
West,b'\x9c\x0f\x00\x00\x00\x00\x00\x00',b'\x05\x00\x00\x00\x00\x00\x00\x00\x05\x00\x00\x00\x00\x00\x00\x00\x04\x00\x00\x00\x00\x00\x00\x00\t\x00\x00\x00\x00\x00\x00\x00\x02\x00\x00\x00\x00\x00\x00\x00'
Central,b'\xbe!\x00\x00\x00\x00\x00\x00',b'\x05\x00\x00\x00\x00\x00\x00\x00\x05\x00\x00\x00\x00\x00\x00\x00\x04\x00\x00\x00\x00\x00\x00\x00\x05\x00\x00\x00\x00\x00\x00\x00\x06\x00\x00\x00\x00\x00\x00\x00'
East,b'\xca\x14\x00\x00\x00\x00\x00\x00',b'\x05\x00\x00\x00\x00\x00\x00\x00\x05\x00\x00\x00\x00\x00\x00\x00\x04\x00\x00\x00\x00\x00\x00\x00'
East,"b""J'\x00\x00\x00\x00\x00\x00""",b'\x05\x00\x00\x00\x00\x00\x00\x00\x05\x00\x00\x00\x00\x00\x00\x00\x04\x00\x00\x00\x00\x00\x00\x00'
Central,b'\xb8\x07\x00\x00\x00\x00\x00\x00',b'\x05\x00\x00\x00\x00\x00\x00\x00\x05\x00\x00\x00\x00\x00\x00\x00\x04\x00\x00\x00\x00\x00\x00\x00'
East,b'\x86\x0e\x00\x00\x00\x00\x00\x00',b'\x05\x00\x00\x00\x00\x00\x00\x00\x05\x00\x00\x00\x00\x00\x00\x00\x03\x00\x00\x00\x00\x00\x00\x00\x03\x00\x00\x00\x00\x00\x00\x00\x06\x00\x00\x00\x00\x00\x00\x00'
East,b'\xc5\x0e\x00\x00\x00\x00\x00\x00',b'\x05\x00\x00\x00\x00\x00\x00\x00\x05\x00\x00\x00\x00\x00\x00\x00\x03\x00\x00\x00\x00\x00\x00\x00\x03\x00\x00\x00\x00\x00\x00\x00\x06\x00\x00\x00\x00\x00\x00\x00'
West,b'c\x11\x00\x00\x00\x00\x00\x00',b'\x05\x00\x00\x00\x00\x00\x00\x00\x05\x00\x00\x00\x00\x00\x00\x00\x03\x00\x00\x00\x00\x00\x00\x00\x03\x00\x00\x00\x00\x00\x00\x00'
West,b'l%\x00\x00\x00\x00\x00\x00',b'\x05\x00\x00\x00\x00\x00\x00\x00\x05\x00\x00\x00\x00\x00\x00\x00\x03\x00\x00\x00\x00\x00\x00\x00\x03\x00\x00\x00\x00\x00\x00\x00'
West,b't\x15\x00\x00\x00\x00\x00\x00',b'\x05\x00\x00\x00\x00\x00\x00\x00\x05\x00\x00\x00\x00\x00\x00\x00\x03\x00\x00\x00\x00\x00\x00\x00\x01\x00\x00\x00\x00\x00\x00\x00'
Central,b'6\x10\x00\x00\x00\x00\x00\x00',b'\x05\x00\x00\x00\x00\x00\x00\x00\x05\x00\x00\x00\x00\x00\x00\x00\x03\x00\x00\x00\x00\x00\x00\x00'
Central,b'\xae&\x00\x00\x00\x00\x00\x00',b'\x05\x00\x00\x00\x00\x00\x00\x00\x05\x00\x00\x00\x00\x00\x00\x00\x03\x00\x00\x00\x00\x00\x00\x00'
Central,b'\xc6\x16\x00\x00\x00\x00\x00\x00',b'\x05\x00\x00\x00\x00\x00\x00\x00\x05\x00\x00\x00\x00\x00\x00\x00\x03\x00\x00\x00\x00\x00\x00\x00'
East,b'\xf7!\x00\x00\x00\x00\x00\x00',b'\x05\x00\x00\x00\x00\x00\x00\x00\x05\x00\x00\x00\x00\x00\x00\x00\x03\x00\x00\x00\x00\x00\x00\x00'
Central,b'S\x0e\x00\x00\x00\x00\x00\x00',b'\x05\x00\x00\x00\x00\x00\x00\x00\x05\x00\x00\x00\x00\x00\x00\x00\x03\x00\x00\x00\x00\x00\x00\x00'
West,b'\x15\x01\x00\x00\x00\x00\x00\x00',b'\x05\x00\x00\x00\x00\x00\x00\x00\x05\x00\x00\x00\x00\x00\x00\x00\x03\x00\x00\x00\x00\x00\x00\x00'
South,b'\xd7$\x00\x00\x00\x00\x00\x00',b'\x05\x00\x00\x00\x00\x00\x00\x00\x05\x00\x00\x00\x00\x00\x00\x00\x03\x00\x00\x00\x00\x00\x00\x00'
East,b'\xdd\x03\x00\x00\x00\x00\x00\x00',b'\x05\x00\x00\x00\x00\x00\x00\x00\x05\x00\x00\x00\x00\x00\x00\x00\x02\x00\x00\x00\x00\x00\x00\x00\x03\x00\x00\x00\x00\x00\x00\x00'
East,b'0 \x00\x00\x00\x00\x00\x00',b'\x05\x00\x00\x00\x00\x00\x00\x00\x05\x00\x00\x00\x00\x00\x00\x00\x02\x00\x00\x00\x00\x00\x00\x00\x03\x00\x00\x00\x00\x00\x00\x00'
West,b'\xf3\x1f\x00\x00\x00\x00\x00\x00',b'\x05\x00\x00\x00\x00\x00\x00\x00\x05\x00\x00\x00\x00\x00\x00\x00\x02\x00\x00\x00\x00\x00\x00\x00\x02\x00\x00\x00\x00\x00\x00\x00\x01\x00\x00\x00\x00\x00\x00\x00\x03\x00\x00\x00\x00\x00\x00\x00'
Central,b'\xc7\x1f\x00\x00\x00\x00\x00\x00',b'\x05\x00\x00\x00\x00\x00\x00\x00\x05\x00\x00\x00\x00\x00\x00\x00\x02\x00\x00\x00\x00\x00\x00\x00\x01\x00\x00\x00\x00\x00\x00\x00\x01\x00\x00\x00\x00\x00\x00\x00'
Central,b'\xc2\x18\x00\x00\x00\x00\x00\x00',b'\x05\x00\x00\x00\x00\x00\x00\x00\x05\x00\x00\x00\x00\x00\x00\x00\x02\x00\x00\x00\x00\x00\x00\x00\x01\x00\x00\x00\x00\x00\x00\x00\x01\x00\x00\x00\x00\x00\x00\x00'
East,b'\xe0\x1e\x00\x00\x00\x00\x00\x00',b'\x05\x00\x00\x00\x00\x00\x00\x00\x05\x00\x00\x00\x00\x00\x00\x00\x02\x00\x00\x00\x00\x00\x00\x00'
West,b'\xf2\x11\x00\x00\x00\x00\x00\x00',b'\x05\x00\x00\x00\x00\x00\x00\x00\x05\x00\x00\x00\x00\x00\x00\x00\x02\x00\x00\x00\x00\x00\x00\x00'
East,"b""X'\x00\x00\x00\x00\x00\x00""",b'\x05\x00\x00\x00\x00\x00\x00\x00\x05\x00\x00\x00\x00\x00\x00\x00\x02\x00\x00\x00\x00\x00\x00\x00'
West,b'\x83\x18\x00\x00\x00\x00\x00\x00',b'\x05\x00\x00\x00\x00\x00\x00\x00\x05\x00\x00\x00\x00\x00\x00\x00\x02\x00\x00\x00\x00\x00\x00\x00'
Central,"b'""%\x00\x00\x00\x00\x00\x00'",b'\x05\x00\x00\x00\x00\x00\x00\x00\x05\x00\x00\x00\x00\x00\x00\x00\x02\x00\x00\x00\x00\x00\x00\x00'
Central,b' \x00\x00\x00\x00\x00\x00\x00',b'\x05\x00\x00\x00\x00\x00\x00\x00\x05\x00\x00\x00\x00\x00\x00\x00\x02\x00\x00\x00\x00\x00\x00\x00'
West,b'\xfc\x10\x00\x00\x00\x00\x00\x00',b'\x05\x00\x00\x00\x00\x00\x00\x00\x05\x00\x00\x00\x00\x00\x00\x00\x01\x00\x00\x00\x00\x00\x00\x00\x02\x00\x00\x00\x00\x00\x00\x00'
West,b'\xca\x0b\x00\x00\x00\x00\x00\x00',b'\x05\x00\x00\x00\x00\x00\x00\x00\x05\x00\x00\x00\x00\x00\x00\x00\x01\x00\x00\x00\x00\x00\x00\x00'
East,b'\x8e\x02\x00\x00\x00\x00\x00\x00',b'\x05\x00\x00\x00\x00\x00\x00\x00\x05\x00\x00\x00\x00\x00\x00\x00\x01\x00\x00\x00\x00\x00\x00\x00'
West,b'\xc6%\x00\x00\x00\x00\x00\x00',b'\x05\x00\x00\x00\x00\x00\x00\x00\x05\x00\x00\x00\x00\x00\x00\x00\x01\x00\x00\x00\x00\x00\x00\x00'
West,b'&\x04\x00\x00\x00\x00\x00\x00',b'\x05\x00\x00\x00\x00\x00\x00\x00\x05\x00\x00\x00\x00\x00\x00\x00\x01\x00\x00\x00\x00\x00\x00\x00'
South,b'\x83\x1e\x00\x00\x00\x00\x00\x00',b'\x05\x00\x00\x00\x00\x00\x00\x00\x05\x00\x00\x00\x00\x00\x00\x00'
West,b'\xd2\x12\x00\x00\x00\x00\x00\x00',b'\x05\x00\x00\x00\x00\x00\x00\x00\x05\x00\x00\x00\x00\x00\x00\x00'
East,b'\xf6(\x00\x00\x00\x00\x00\x00',b'\x05\x00\x00\x00\x00\x00\x00\x00\x05\x00\x00\x00\x00\x00\x00\x00'
Central,b'\x82%\x00\x00\x00\x00\x00\x00',b'\x05\x00\x00\x00\x00\x00\x00\x00\x05\x00\x00\x00\x00\x00\x00\x00'
South,b'J\x16\x00\x00\x00\x00\x00\x00',b'\x05\x00\x00\x00\x00\x00\x00\x00\x05\x00\x00\x00\x00\x00\x00\x00'
West,b'\xd1\x19\x00\x00\x00\x00\x00\x00',b'\x05\x00\x00\x00\x00\x00\x00\x00\x05\x00\x00\x00\x00\x00\x00\x00'
South,b'\xcf\x00\x00\x00\x00\x00\x00\x00',b'\x05\x00\x00\x00\x00\x00\x00\x00\x05\x00\x00\x00\x00\x00\x00\x00'
Central,b'\xe9\x0e\x00\x00\x00\x00\x00\x00',b'\x05\x00\x00\x00\x00\x00\x00\x00\x05\x00\x00\x00\x00\x00\x00\x00'
Central,b'\xc3\x1c\x00\x00\x00\x00\x00\x00',b'\x05\x00\x00\x00\x00\x00\x00\x00\x05\x00\x00\x00\x00\x00\x00\x00'
East,b'\x95 \x00\x00\x00\x00\x00\x00',b'\x05\x00\x00\x00\x00\x00\x00\x00\x05\x00\x00\x00\x00\x00\x00\x00'
East,"b""d'\x00\x00\x00\x00\x00\x00""",b'\x05\x00\x00\x00\x00\x00\x00\x00\x05\x00\x00\x00\x00\x00\x00\x00'
West,b'\xe2 \x00\x00\x00\x00\x00\x00',b'\x05\x00\x00\x00\x00\x00\x00\x00\x05\x00\x00\x00\x00\x00\x00\x00'
West,b'Z\r\x00\x00\x00\x00\x00\x00',b'\x05\x00\x00\x00\x00\x00\x00\x00\x05\x00\x00\x00\x00\x00\x00\x00'
West,b'A\x17\x00\x00\x00\x00\x00\x00',b'\x05\x00\x00\x00\x00\x00\x00\x00\x05\x00\x00\x00\x00\x00\x00\x00'
South,b'\x8b\x01\x00\x00\x00\x00\x00\x00',b'\x05\x00\x00\x00\x00\x00\x00\x00\x05\x00\x00\x00\x00\x00\x00\x00'
West,b'\x1f\x01\x00\x00\x00\x00\x00\x00',b'\x05\x00\x00\x00\x00\x00\x00\x00\x05\x00\x00\x00\x00\x00\x00\x00'
East,"b't""\x00\x00\x00\x00\x00\x00'",b'\x05\x00\x00\x00\x00\x00\x00\x00\x05\x00\x00\x00\x00\x00\x00\x00'
East,b'\xb7\x14\x00\x00\x00\x00\x00\x00',b'\x05\x00\x00\x00\x00\x00\x00\x00\x05\x00\x00\x00\x00\x00\x00\x00'
East,b'P\x1b\x00\x00\x00\x00\x00\x00',b'\x05\x00\x00\x00\x00\x00\x00\x00\x05\x00\x00\x00\x00\x00\x00\x00'
East,b'p\x03\x00\x00\x00\x00\x00\x00',b'\x05\x00\x00\x00\x00\x00\x00\x00\x05\x00\x00\x00\x00\x00\x00\x00'
Central,b'+\x00\x00\x00\x00\x00\x00\x00',b'\x05\x00\x00\x00\x00\x00\x00\x00\x05\x00\x00\x00\x00\x00\x00\x00'
Central,b'\xd7\x01\x00\x00\x00\x00\x00\x00',b'\x05\x00\x00\x00\x00\x00\x00\x00\x05\x00\x00\x00\x00\x00\x00\x00'
South,b'\xab\x1a\x00\x00\x00\x00\x00\x00',b'\x05\x00\x00\x00\x00\x00\x00\x00\x05\x00\x00\x00\x00\x00\x00\x00'
Central,b'1\x1d\x00\x00\x00\x00\x00\x00',b'\x05\x00\x00\x00\x00\x00\x00\x00\x05\x00\x00\x00\x00\x00\x00\x00'
Central,"b""\x8e'\x00\x00\x00\x00\x00\x00""",b'\x05\x00\x00\x00\x00\x00\x00\x00\x05\x00\x00\x00\x00\x00\x00\x00'
South,b'\xd7\x18\x00\x00\x00\x00\x00\x00',b'\x05\x00\x00\x00\x00\x00\x00\x00\x05\x00\x00\x00\x00\x00\x00\x00'
West,b'\x99#\x00\x00\x00\x00\x00\x00',b'\x05\x00\x00\x00\x00\x00\x00\x00\x05\x00\x00\x00\x00\x00\x00\x00'
West,b'\xec\x00\x00\x00\x00\x00\x00\x00',b'\x05\x00\x00\x00\x00\x00\x00\x00\x05\x00\x00\x00\x00\x00\x00\x00'
Central,b'^\x0e\x00\x00\x00\x00\x00\x00',b'\x05\x00\x00\x00\x00\x00\x00\x00\x05\x00\x00\x00\x00\x00\x00\x00'
South,b'\xb6\x08\x00\x00\x00\x00\x00\x00',b'\x05\x00\x00\x00\x00\x00\x00\x00\x05\x00\x00\x00\x00\x00\x00\x00'
East,b'\xb0%\x00\x00\x00\x00\x00\x00',b'\x05\x00\x00\x00\x00\x00\x00\x00\x05\x00\x00\x00\x00\x00\x00\x00'
Central,b'\xe5\x08\x00\x00\x00\x00\x00\x00',b'\x05\x00\x00\x00\x00\x00\x00\x00\x05\x00\x00\x00\x00\x00\x00\x00'
West,b'\x10\x01\x00\x00\x00\x00\x00\x00',b'\x05\x00\x00\x00\x00\x00\x00\x00\x05\x00\x00\x00\x00\x00\x00\x00'
Central,b'\x08\x00\x00\x00\x00\x00\x00\x00',b'\x05\x00\x00\x00\x00\x00\x00\x00\x05\x00\x00\x00\x00\x00\x00\x00'
West,b'\xe6\x0c\x00\x00\x00\x00\x00\x00',b'\x05\x00\x00\x00\x00\x00\x00\x00\x05\x00\x00\x00\x00\x00\x00\x00'
Central,b'\x9b\x16\x00\x00\x00\x00\x00\x00',b'\x05\x00\x00\x00\x00\x00\x00\x00\x04\x00\x00\x00\x00\x00\x00\x00\x0b\x00\x00\x00\x00\x00\x00\x00'
South,b'\xe8\x13\x00\x00\x00\x00\x00\x00',b'\x05\x00\x00\x00\x00\x00\x00\x00\x04\x00\x00\x00\x00\x00\x00\x00\t\x00\x00\x00\x00\x00\x00\x00\x01\x00\x00\x00\x00\x00\x00\x00'
South,b'\x15\x1a\x00\x00\x00\x00\x00\x00',b'\x05\x00\x00\x00\x00\x00\x00\x00\x04\x00\x00\x00\x00\x00\x00\x00\t\x00\x00\x00\x00\x00\x00\x00\x01\x00\x00\x00\x00\x00\x00\x00'
East,b'\x13&\x00\x00\x00\x00\x00\x00',b'\x05\x00\x00\x00\x00\x00\x00\x00\x04\x00\x00\x00\x00\x00\x00\x00\x07\x00\x00\x00\x00\x00\x00\x00\x01\x00\x00\x00\x00\x00\x00\x00'
West,b'\x97(\x00\x00\x00\x00\x00\x00',b'\x05\x00\x00\x00\x00\x00\x00\x00\x04\x00\x00\x00\x00\x00\x00\x00\x04\x00\x00\x00\x00\x00\x00\x00'
Central,b'\xb9\x02\x00\x00\x00\x00\x00\x00',b'\x05\x00\x00\x00\x00\x00\x00\x00\x04\x00\x00\x00\x00\x00\x00\x00\x04\x00\x00\x00\x00\x00\x00\x00'
Central,b'\x97\x00\x00\x00\x00\x00\x00\x00',b'\x05\x00\x00\x00\x00\x00\x00\x00\x04\x00\x00\x00\x00\x00\x00\x00\x03\x00\x00\x00\x00\x00\x00\x00\x03\x00\x00\x00\x00\x00\x00\x00\x03\x00\x00\x00\x00\x00\x00\x00'
Central,b'\xe0\x0b\x00\x00\x00\x00\x00\x00',b'\x05\x00\x00\x00\x00\x00\x00\x00\x04\x00\x00\x00\x00\x00\x00\x00\x03\x00\x00\x00\x00\x00\x00\x00\x03\x00\x00\x00\x00\x00\x00\x00\x03\x00\x00\x00\x00\x00\x00\x00'
Central,b'<\x04\x00\x00\x00\x00\x00\x00',b'\x05\x00\x00\x00\x00\x00\x00\x00\x04\x00\x00\x00\x00\x00\x00\x00\x03\x00\x00\x00\x00\x00\x00\x00\x03\x00\x00\x00\x00\x00\x00\x00'
Central,b'\xa9\x0c\x00\x00\x00\x00\x00\x00',b'\x05\x00\x00\x00\x00\x00\x00\x00\x04\x00\x00\x00\x00\x00\x00\x00\x03\x00\x00\x00\x00\x00\x00\x00\x01\x00\x00\x00\x00\x00\x00\x00'
Central,b'V(\x00\x00\x00\x00\x00\x00',b'\x05\x00\x00\x00\x00\x00\x00\x00\x04\x00\x00\x00\x00\x00\x00\x00\x03\x00\x00\x00\x00\x00\x00\x00\x01\x00\x00\x00\x00\x00\x00\x00'
Central,b'\x12\x13\x00\x00\x00\x00\x00\x00',b'\x05\x00\x00\x00\x00\x00\x00\x00\x04\x00\x00\x00\x00\x00\x00\x00\x03\x00\x00\x00\x00\x00\x00\x00'
East,b'<\r\x00\x00\x00\x00\x00\x00',b'\x05\x00\x00\x00\x00\x00\x00\x00\x04\x00\x00\x00\x00\x00\x00\x00\x03\x00\x00\x00\x00\x00\x00\x00'
Central,b'\xa7 \x00\x00\x00\x00\x00\x00',b'\x05\x00\x00\x00\x00\x00\x00\x00\x04\x00\x00\x00\x00\x00\x00\x00\x03\x00\x00\x00\x00\x00\x00\x00'
West,b'\x95\x1f\x00\x00\x00\x00\x00\x00',b'\x05\x00\x00\x00\x00\x00\x00\x00\x04\x00\x00\x00\x00\x00\x00\x00\x03\x00\x00\x00\x00\x00\x00\x00'
West,b'\x1c#\x00\x00\x00\x00\x00\x00',b'\x05\x00\x00\x00\x00\x00\x00\x00\x04\x00\x00\x00\x00\x00\x00\x00\x03\x00\x00\x00\x00\x00\x00\x00'
West,b'L\x08\x00\x00\x00\x00\x00\x00',b'\x05\x00\x00\x00\x00\x00\x00\x00\x04\x00\x00\x00\x00\x00\x00\x00\x02\x00\x00\x00\x00\x00\x00\x00\x01\x00\x00\x00\x00\x00\x00\x00'
East,b'\xda\x02\x00\x00\x00\x00\x00\x00',b'\x05\x00\x00\x00\x00\x00\x00\x00\x04\x00\x00\x00\x00\x00\x00\x00\x02\x00\x00\x00\x00\x00\x00\x00'
South,b'i\n\x00\x00\x00\x00\x00\x00',b'\x05\x00\x00\x00\x00\x00\x00\x00\x04\x00\x00\x00\x00\x00\x00\x00\x02\x00\x00\x00\x00\x00\x00\x00'
South,b'*\x19\x00\x00\x00\x00\x00\x00',b'\x05\x00\x00\x00\x00\x00\x00\x00\x04\x00\x00\x00\x00\x00\x00\x00\x02\x00\x00\x00\x00\x00\x00\x00'
East,b'}\x19\x00\x00\x00\x00\x00\x00',b'\x05\x00\x00\x00\x00\x00\x00\x00\x04\x00\x00\x00\x00\x00\x00\x00\x02\x00\x00\x00\x00\x00\x00\x00'
Central,b'\xc0 \x00\x00\x00\x00\x00\x00',b'\x05\x00\x00\x00\x00\x00\x00\x00\x04\x00\x00\x00\x00\x00\x00\x00\x02\x00\x00\x00\x00\x00\x00\x00'
East,b'\xcf \x00\x00\x00\x00\x00\x00',b'\x05\x00\x00\x00\x00\x00\x00\x00\x04\x00\x00\x00\x00\x00\x00\x00\x02\x00\x00\x00\x00\x00\x00\x00'
West,"b'=""\x00\x00\x00\x00\x00\x00'",b'\x05\x00\x00\x00\x00\x00\x00\x00\x04\x00\x00\x00\x00\x00\x00\x00\x02\x00\x00\x00\x00\x00\x00\x00'
West,b'n\x13\x00\x00\x00\x00\x00\x00',b'\x05\x00\x00\x00\x00\x00\x00\x00\x04\x00\x00\x00\x00\x00\x00\x00\x01\x00\x00\x00\x00\x00\x00\x00'
East,b'U\x0b\x00\x00\x00\x00\x00\x00',b'\x05\x00\x00\x00\x00\x00\x00\x00\x04\x00\x00\x00\x00\x00\x00\x00\x01\x00\x00\x00\x00\x00\x00\x00'
East,b'y\x13\x00\x00\x00\x00\x00\x00',b'\x05\x00\x00\x00\x00\x00\x00\x00\x04\x00\x00\x00\x00\x00\x00\x00\x01\x00\x00\x00\x00\x00\x00\x00'
East,b'\x14\t\x00\x00\x00\x00\x00\x00',b'\x05\x00\x00\x00\x00\x00\x00\x00\x04\x00\x00\x00\x00\x00\x00\x00'
Central,b'\xf7\n\x00\x00\x00\x00\x00\x00',b'\x05\x00\x00\x00\x00\x00\x00\x00\x04\x00\x00\x00\x00\x00\x00\x00'
South,b'6\x0c\x00\x00\x00\x00\x00\x00',b'\x05\x00\x00\x00\x00\x00\x00\x00\x04\x00\x00\x00\x00\x00\x00\x00'
East,b'\xdd \x00\x00\x00\x00\x00\x00',b'\x05\x00\x00\x00\x00\x00\x00\x00\x04\x00\x00\x00\x00\x00\x00\x00'
Central,b'\xaa\x04\x00\x00\x00\x00\x00\x00',b'\x05\x00\x00\x00\x00\x00\x00\x00\x04\x00\x00\x00\x00\x00\x00\x00'
East,b'\xdf\x10\x00\x00\x00\x00\x00\x00',b'\x05\x00\x00\x00\x00\x00\x00\x00\x04\x00\x00\x00\x00\x00\x00\x00'
Central,b'7\r\x00\x00\x00\x00\x00\x00',b'\x05\x00\x00\x00\x00\x00\x00\x00\x04\x00\x00\x00\x00\x00\x00\x00'
West,b':\x1a\x00\x00\x00\x00\x00\x00',b'\x05\x00\x00\x00\x00\x00\x00\x00\x04\x00\x00\x00\x00\x00\x00\x00'
Central,b'\x89\x1f\x00\x00\x00\x00\x00\x00',b'\x05\x00\x00\x00\x00\x00\x00\x00\x04\x00\x00\x00\x00\x00\x00\x00'
East,b'\xc9\x16\x00\x00\x00\x00\x00\x00',b'\x05\x00\x00\x00\x00\x00\x00\x00\x04\x00\x00\x00\x00\x00\x00\x00'
West,b'E\x04\x00\x00\x00\x00\x00\x00',b'\x05\x00\x00\x00\x00\x00\x00\x00\x04\x00\x00\x00\x00\x00\x00\x00'
East,b'\x7f\x1e\x00\x00\x00\x00\x00\x00',b'\x05\x00\x00\x00\x00\x00\x00\x00\x04\x00\x00\x00\x00\x00\x00\x00'
East,b';\x1e\x00\x00\x00\x00\x00\x00',b'\x05\x00\x00\x00\x00\x00\x00\x00\x04\x00\x00\x00\x00\x00\x00\x00'
East,b'\xc7(\x00\x00\x00\x00\x00\x00',b'\x05\x00\x00\x00\x00\x00\x00\x00\x04\x00\x00\x00\x00\x00\x00\x00'
Central,b'\x13\x1e\x00\x00\x00\x00\x00\x00',b'\x05\x00\x00\x00\x00\x00\x00\x00\x04\x00\x00\x00\x00\x00\x00\x00'
East,b'\xc5\n\x00\x00\x00\x00\x00\x00',b'\x05\x00\x00\x00\x00\x00\x00\x00\x04\x00\x00\x00\x00\x00\x00\x00'
East,"b'""\x1b\x00\x00\x00\x00\x00\x00'",b'\x05\x00\x00\x00\x00\x00\x00\x00\x04\x00\x00\x00\x00\x00\x00\x00'
East,"b""\xf1'\x00\x00\x00\x00\x00\x00""",b'\x05\x00\x00\x00\x00\x00\x00\x00\x04\x00\x00\x00\x00\x00\x00\x00'
West,b'\x7f\x1a\x00\x00\x00\x00\x00\x00',b'\x05\x00\x00\x00\x00\x00\x00\x00\x04\x00\x00\x00\x00\x00\x00\x00'
East,"b'\xec""\x00\x00\x00\x00\x00\x00'",b'\x05\x00\x00\x00\x00\x00\x00\x00\x04\x00\x00\x00\x00\x00\x00\x00'
Central,b'\x92)\x00\x00\x00\x00\x00\x00',b'\x05\x00\x00\x00\x00\x00\x00\x00\x04\x00\x00\x00\x00\x00\x00\x00'
Central,b'\x9e)\x00\x00\x00\x00\x00\x00',b'\x05\x00\x00\x00\x00\x00\x00\x00\x04\x00\x00\x00\x00\x00\x00\x00'
West,"b'\x81""\x00\x00\x00\x00\x00\x00'",b'\x05\x00\x00\x00\x00\x00\x00\x00\x04\x00\x00\x00\x00\x00\x00\x00'
South,b'\x99\x05\x00\x00\x00\x00\x00\x00',b'\x05\x00\x00\x00\x00\x00\x00\x00\x04\x00\x00\x00\x00\x00\x00\x00'
Central,b'+%\x00\x00\x00\x00\x00\x00',b'\x05\x00\x00\x00\x00\x00\x00\x00\x04\x00\x00\x00\x00\x00\x00\x00'
Central,"b'\x1e""\x00\x00\x00\x00\x00\x00'",b'\x05\x00\x00\x00\x00\x00\x00\x00\x04\x00\x00\x00\x00\x00\x00\x00'
East,b'Z\x0f\x00\x00\x00\x00\x00\x00',b'\x05\x00\x00\x00\x00\x00\x00\x00\x04\x00\x00\x00\x00\x00\x00\x00'
Central,b'\xbb\x02\x00\x00\x00\x00\x00\x00',b'\x05\x00\x00\x00\x00\x00\x00\x00\x04\x00\x00\x00\x00\x00\x00\x00'
East,b'\xe5\x11\x00\x00\x00\x00\x00\x00',b'\x05\x00\x00\x00\x00\x00\x00\x00\x04\x00\x00\x00\x00\x00\x00\x00'
East,b'!%\x00\x00\x00\x00\x00\x00',b'\x05\x00\x00\x00\x00\x00\x00\x00\x04\x00\x00\x00\x00\x00\x00\x00'
West,b'\x16\x13\x00\x00\x00\x00\x00\x00',b'\x05\x00\x00\x00\x00\x00\x00\x00\x03\x00\x00\x00\x00\x00\x00\x00\x06\x00\x00\x00\x00\x00\x00\x00\x03\x00\x00\x00\x00\x00\x00\x00\x06\x00\x00\x00\x00\x00\x00\x00\x04\x00\x00\x00\x00\x00\x00\x00\x02\x00\x00\x00\x00\x00\x00\x00'
West,b'\xfd\x1c\x00\x00\x00\x00\x00\x00',b'\x05\x00\x00\x00\x00\x00\x00\x00\x03\x00\x00\x00\x00\x00\x00\x00\x06\x00\x00\x00\x00\x00\x00\x00'
South,b'\xf3\x1f\x00\x00\x00\x00\x00\x00',b'\x05\x00\x00\x00\x00\x00\x00\x00\x03\x00\x00\x00\x00\x00\x00\x00\x06\x00\x00\x00\x00\x00\x00\x00'
West,"b""@'\x00\x00\x00\x00\x00\x00""",b'\x05\x00\x00\x00\x00\x00\x00\x00\x03\x00\x00\x00\x00\x00\x00\x00\x05\x00\x00\x00\x00\x00\x00\x00\x03\x00\x00\x00\x00\x00\x00\x00'
East,b'\x88\x1b\x00\x00\x00\x00\x00\x00',b'\x05\x00\x00\x00\x00\x00\x00\x00\x03\x00\x00\x00\x00\x00\x00\x00\x05\x00\x00\x00\x00\x00\x00\x00'
South,b'\xb6\x04\x00\x00\x00\x00\x00\x00',b'\x05\x00\x00\x00\x00\x00\x00\x00\x03\x00\x00\x00\x00\x00\x00\x00\x05\x00\x00\x00\x00\x00\x00\x00'
South,b'\xa8\x03\x00\x00\x00\x00\x00\x00',b'\x05\x00\x00\x00\x00\x00\x00\x00\x03\x00\x00\x00\x00\x00\x00\x00\x05\x00\x00\x00\x00\x00\x00\x00'
Central,"b',\x16\x00\x00\x00\x00\x00\x00'",b'\x05\x00\x00\x00\x00\x00\x00\x00\x03\x00\x00\x00\x00\x00\x00\x00\x05\x00\x00\x00\x00\x00\x00\x00'
South,b'\xda\x02\x00\x00\x00\x00\x00\x00',b'\x05\x00\x00\x00\x00\x00\x00\x00\x03\x00\x00\x00\x00\x00\x00\x00\x05\x00\x00\x00\x00\x00\x00\x00'
Central,b'h\x12\x00\x00\x00\x00\x00\x00',b'\x05\x00\x00\x00\x00\x00\x00\x00\x03\x00\x00\x00\x00\x00\x00\x00\x05\x00\x00\x00\x00\x00\x00\x00'
Central,b'X\x03\x00\x00\x00\x00\x00\x00',b'\x05\x00\x00\x00\x00\x00\x00\x00\x03\x00\x00\x00\x00\x00\x00\x00\x05\x00\x00\x00\x00\x00\x00\x00'
Central,b'\xd9\x00\x00\x00\x00\x00\x00\x00',b'\x05\x00\x00\x00\x00\x00\x00\x00\x03\x00\x00\x00\x00\x00\x00\x00\x05\x00\x00\x00\x00\x00\x00\x00'
South,b'G\x1a\x00\x00\x00\x00\x00\x00',b'\x05\x00\x00\x00\x00\x00\x00\x00\x03\x00\x00\x00\x00\x00\x00\x00\x05\x00\x00\x00\x00\x00\x00\x00'
Central,b'\x17\x14\x00\x00\x00\x00\x00\x00',b'\x05\x00\x00\x00\x00\x00\x00\x00\x03\x00\x00\x00\x00\x00\x00\x00\x05\x00\x00\x00\x00\x00\x00\x00'
West,b'\xb8\x07\x00\x00\x00\x00\x00\x00',b'\x05\x00\x00\x00\x00\x00\x00\x00\x03\x00\x00\x00\x00\x00\x00\x00\x04\x00\x00\x00\x00\x00\x00\x00'
West,b'\xec#\x00\x00\x00\x00\x00\x00',b'\x05\x00\x00\x00\x00\x00\x00\x00\x03\x00\x00\x00\x00\x00\x00\x00\x04\x00\x00\x00\x00\x00\x00\x00'
West,b'\x88)\x00\x00\x00\x00\x00\x00',b'\x05\x00\x00\x00\x00\x00\x00\x00\x03\x00\x00\x00\x00\x00\x00\x00\x04\x00\x00\x00\x00\x00\x00\x00'
East,b'\x93&\x00\x00\x00\x00\x00\x00',b'\x05\x00\x00\x00\x00\x00\x00\x00\x03\x00\x00\x00\x00\x00\x00\x00\x04\x00\x00\x00\x00\x00\x00\x00'
East,b'! \x00\x00\x00\x00\x00\x00',b'\x05\x00\x00\x00\x00\x00\x00\x00\x03\x00\x00\x00\x00\x00\x00\x00\x03\x00\x00\x00\x00\x00\x00\x00\x07\x00\x00\x00\x00\x00\x00\x00'
Central,b'I\x04\x00\x00\x00\x00\x00\x00',b'\x05\x00\x00\x00\x00\x00\x00\x00\x03\x00\x00\x00\x00\x00\x00\x00\x03\x00\x00\x00\x00\x00\x00\x00\x04\x00\x00\x00\x00\x00\x00\x00\x03\x00\x00\x00\x00\x00\x00\x00\x05\x00\x00\x00\x00\x00\x00\x00'
Central,b'\xc9\x11\x00\x00\x00\x00\x00\x00',b'\x05\x00\x00\x00\x00\x00\x00\x00\x03\x00\x00\x00\x00\x00\x00\x00\x03\x00\x00\x00\x00\x00\x00\x00\x04\x00\x00\x00\x00\x00\x00\x00\x03\x00\x00\x00\x00\x00\x00\x00\x05\x00\x00\x00\x00\x00\x00\x00'
Central,b'\xc4 \x00\x00\x00\x00\x00\x00',b'\x05\x00\x00\x00\x00\x00\x00\x00\x03\x00\x00\x00\x00\x00\x00\x00\x03\x00\x00\x00\x00\x00\x00\x00\x04\x00\x00\x00\x00\x00\x00\x00\x03\x00\x00\x00\x00\x00\x00\x00\x05\x00\x00\x00\x00\x00\x00\x00'
East,b'\xeb\x1d\x00\x00\x00\x00\x00\x00',b'\x05\x00\x00\x00\x00\x00\x00\x00\x03\x00\x00\x00\x00\x00\x00\x00\x03\x00\x00\x00\x00\x00\x00\x00\x04\x00\x00\x00\x00\x00\x00\x00'
West,b'\xae\n\x00\x00\x00\x00\x00\x00',b'\x05\x00\x00\x00\x00\x00\x00\x00\x03\x00\x00\x00\x00\x00\x00\x00\x03\x00\x00\x00\x00\x00\x00\x00\x03\x00\x00\x00\x00\x00\x00\x00\x03\x00\x00\x00\x00\x00\x00\x00'
Central,b'=\x03\x00\x00\x00\x00\x00\x00',b'\x05\x00\x00\x00\x00\x00\x00\x00\x03\x00\x00\x00\x00\x00\x00\x00\x03\x00\x00\x00\x00\x00\x00\x00\x02\x00\x00\x00\x00\x00\x00\x00'
East,b'\xe6\x04\x00\x00\x00\x00\x00\x00',b'\x05\x00\x00\x00\x00\x00\x00\x00\x03\x00\x00\x00\x00\x00\x00\x00\x03\x00\x00\x00\x00\x00\x00\x00'
West,b'I\x1b\x00\x00\x00\x00\x00\x00',b'\x05\x00\x00\x00\x00\x00\x00\x00\x03\x00\x00\x00\x00\x00\x00\x00\x03\x00\x00\x00\x00\x00\x00\x00'
East,b'\x9f$\x00\x00\x00\x00\x00\x00',b'\x05\x00\x00\x00\x00\x00\x00\x00\x03\x00\x00\x00\x00\x00\x00\x00\x03\x00\x00\x00\x00\x00\x00\x00'
West,b'\x88\x1b\x00\x00\x00\x00\x00\x00',b'\x05\x00\x00\x00\x00\x00\x00\x00\x03\x00\x00\x00\x00\x00\x00\x00\x03\x00\x00\x00\x00\x00\x00\x00'
West,"b'\t""\x00\x00\x00\x00\x00\x00'",b'\x05\x00\x00\x00\x00\x00\x00\x00\x03\x00\x00\x00\x00\x00\x00\x00\x03\x00\x00\x00\x00\x00\x00\x00'
East,"b'\x8a""\x00\x00\x00\x00\x00\x00'",b'\x05\x00\x00\x00\x00\x00\x00\x00\x03\x00\x00\x00\x00\x00\x00\x00\x02\x00\x00\x00\x00\x00\x00\x00\x05\x00\x00\x00\x00\x00\x00\x00'
South,b'\xbe\x08\x00\x00\x00\x00\x00\x00',b'\x05\x00\x00\x00\x00\x00\x00\x00\x03\x00\x00\x00\x00\x00\x00\x00\x02\x00\x00\x00\x00\x00\x00\x00\x03\x00\x00\x00\x00\x00\x00\x00'
East,b'\xb9\x02\x00\x00\x00\x00\x00\x00',b'\x05\x00\x00\x00\x00\x00\x00\x00\x03\x00\x00\x00\x00\x00\x00\x00\x02\x00\x00\x00\x00\x00\x00\x00\x03\x00\x00\x00\x00\x00\x00\x00'
West,b'\x03\x1a\x00\x00\x00\x00\x00\x00',b'\x05\x00\x00\x00\x00\x00\x00\x00\x03\x00\x00\x00\x00\x00\x00\x00\x02\x00\x00\x00\x00\x00\x00\x00\x03\x00\x00\x00\x00\x00\x00\x00'
West,b'\x87\r\x00\x00\x00\x00\x00\x00',b'\x05\x00\x00\x00\x00\x00\x00\x00\x03\x00\x00\x00\x00\x00\x00\x00\x02\x00\x00\x00\x00\x00\x00\x00\x03\x00\x00\x00\x00\x00\x00\x00'
East,b't\x16\x00\x00\x00\x00\x00\x00',b'\x05\x00\x00\x00\x00\x00\x00\x00\x03\x00\x00\x00\x00\x00\x00\x00\x02\x00\x00\x00\x00\x00\x00\x00\x03\x00\x00\x00\x00\x00\x00\x00'
East,b'\x8c)\x00\x00\x00\x00\x00\x00',b'\x05\x00\x00\x00\x00\x00\x00\x00\x03\x00\x00\x00\x00\x00\x00\x00\x02\x00\x00\x00\x00\x00\x00\x00\x03\x00\x00\x00\x00\x00\x00\x00'
West,b'4\x1a\x00\x00\x00\x00\x00\x00',b'\x05\x00\x00\x00\x00\x00\x00\x00\x03\x00\x00\x00\x00\x00\x00\x00\x02\x00\x00\x00\x00\x00\x00\x00\x01\x00\x00\x00\x00\x00\x00\x00'
East,b'{\x1f\x00\x00\x00\x00\x00\x00',b'\x05\x00\x00\x00\x00\x00\x00\x00\x03\x00\x00\x00\x00\x00\x00\x00\x02\x00\x00\x00\x00\x00\x00\x00\x01\x00\x00\x00\x00\x00\x00\x00'
East,b'O\x01\x00\x00\x00\x00\x00\x00',b'\x05\x00\x00\x00\x00\x00\x00\x00\x03\x00\x00\x00\x00\x00\x00\x00\x02\x00\x00\x00\x00\x00\x00\x00'
East,b'\x0e\n\x00\x00\x00\x00\x00\x00',b'\x05\x00\x00\x00\x00\x00\x00\x00\x03\x00\x00\x00\x00\x00\x00\x00\x02\x00\x00\x00\x00\x00\x00\x00'
East,b'\x82\x17\x00\x00\x00\x00\x00\x00',b'\x05\x00\x00\x00\x00\x00\x00\x00\x03\x00\x00\x00\x00\x00\x00\x00\x02\x00\x00\x00\x00\x00\x00\x00'
East,b'\xbb\x15\x00\x00\x00\x00\x00\x00',b'\x05\x00\x00\x00\x00\x00\x00\x00\x03\x00\x00\x00\x00\x00\x00\x00\x02\x00\x00\x00\x00\x00\x00\x00'
East,b'\xa5!\x00\x00\x00\x00\x00\x00',b'\x05\x00\x00\x00\x00\x00\x00\x00\x03\x00\x00\x00\x00\x00\x00\x00\x02\x00\x00\x00\x00\x00\x00\x00'
East,b'c\x13\x00\x00\x00\x00\x00\x00',b'\x05\x00\x00\x00\x00\x00\x00\x00\x03\x00\x00\x00\x00\x00\x00\x00\x02\x00\x00\x00\x00\x00\x00\x00'
East,b'\x93\x13\x00\x00\x00\x00\x00\x00',b'\x05\x00\x00\x00\x00\x00\x00\x00\x03\x00\x00\x00\x00\x00\x00\x00\x02\x00\x00\x00\x00\x00\x00\x00'
East,b'\xbd#\x00\x00\x00\x00\x00\x00',b'\x05\x00\x00\x00\x00\x00\x00\x00\x03\x00\x00\x00\x00\x00\x00\x00\x02\x00\x00\x00\x00\x00\x00\x00'
West,b'J(\x00\x00\x00\x00\x00\x00',b'\x05\x00\x00\x00\x00\x00\x00\x00\x03\x00\x00\x00\x00\x00\x00\x00\x02\x00\x00\x00\x00\x00\x00\x00'
East,b'\x12&\x00\x00\x00\x00\x00\x00',b'\x05\x00\x00\x00\x00\x00\x00\x00\x03\x00\x00\x00\x00\x00\x00\x00\x02\x00\x00\x00\x00\x00\x00\x00'
East,b'\xb3\x1c\x00\x00\x00\x00\x00\x00',b'\x05\x00\x00\x00\x00\x00\x00\x00\x03\x00\x00\x00\x00\x00\x00\x00\x02\x00\x00\x00\x00\x00\x00\x00'
Central,"b's""\x00\x00\x00\x00\x00\x00'",b'\x05\x00\x00\x00\x00\x00\x00\x00\x03\x00\x00\x00\x00\x00\x00\x00\x02\x00\x00\x00\x00\x00\x00\x00'
East,b'\x83!\x00\x00\x00\x00\x00\x00',b'\x05\x00\x00\x00\x00\x00\x00\x00\x03\x00\x00\x00\x00\x00\x00\x00\x01\x00\x00\x00\x00\x00\x00\x00\x07\x00\x00\x00\x00\x00\x00\x00'
East,b'\xce\x06\x00\x00\x00\x00\x00\x00',b'\x05\x00\x00\x00\x00\x00\x00\x00\x03\x00\x00\x00\x00\x00\x00\x00\x01\x00\x00\x00\x00\x00\x00\x00\x02\x00\x00\x00\x00\x00\x00\x00'
East,b'P%\x00\x00\x00\x00\x00\x00',b'\x05\x00\x00\x00\x00\x00\x00\x00\x03\x00\x00\x00\x00\x00\x00\x00\x01\x00\x00\x00\x00\x00\x00\x00\x02\x00\x00\x00\x00\x00\x00\x00'
East,"b'\xd4""\x00\x00\x00\x00\x00\x00'",b'\x05\x00\x00\x00\x00\x00\x00\x00\x03\x00\x00\x00\x00\x00\x00\x00\x01\x00\x00\x00\x00\x00\x00\x00'
East,b'\x02\x02\x00\x00\x00\x00\x00\x00',b'\x05\x00\x00\x00\x00\x00\x00\x00\x03\x00\x00\x00\x00\x00\x00\x00\x01\x00\x00\x00\x00\x00\x00\x00'
West,b'} \x00\x00\x00\x00\x00\x00',b'\x05\x00\x00\x00\x00\x00\x00\x00\x03\x00\x00\x00\x00\x00\x00\x00\x01\x00\x00\x00\x00\x00\x00\x00'
West,b'\xa3\x04\x00\x00\x00\x00\x00\x00',b'\x05\x00\x00\x00\x00\x00\x00\x00\x03\x00\x00\x00\x00\x00\x00\x00\x01\x00\x00\x00\x00\x00\x00\x00'
Central,b'c\x02\x00\x00\x00\x00\x00\x00',b'\x05\x00\x00\x00\x00\x00\x00\x00\x03\x00\x00\x00\x00\x00\x00\x00\x01\x00\x00\x00\x00\x00\x00\x00'
East,b'\xc2\x18\x00\x00\x00\x00\x00\x00',b'\x05\x00\x00\x00\x00\x00\x00\x00\x03\x00\x00\x00\x00\x00\x00\x00'
West,b'((\x00\x00\x00\x00\x00\x00',b'\x05\x00\x00\x00\x00\x00\x00\x00\x03\x00\x00\x00\x00\x00\x00\x00'
Central,b'\xff\x02\x00\x00\x00\x00\x00\x00',b'\x05\x00\x00\x00\x00\x00\x00\x00\x03\x00\x00\x00\x00\x00\x00\x00'
West,b'G&\x00\x00\x00\x00\x00\x00',b'\x05\x00\x00\x00\x00\x00\x00\x00\x03\x00\x00\x00\x00\x00\x00\x00'
East,b'[\x07\x00\x00\x00\x00\x00\x00',b'\x05\x00\x00\x00\x00\x00\x00\x00\x03\x00\x00\x00\x00\x00\x00\x00'
South,"b'""\x10\x00\x00\x00\x00\x00\x00'",b'\x05\x00\x00\x00\x00\x00\x00\x00\x03\x00\x00\x00\x00\x00\x00\x00'
West,b'%\x1d\x00\x00\x00\x00\x00\x00',b'\x05\x00\x00\x00\x00\x00\x00\x00\x03\x00\x00\x00\x00\x00\x00\x00'
West,b'\xda\x10\x00\x00\x00\x00\x00\x00',b'\x05\x00\x00\x00\x00\x00\x00\x00\x03\x00\x00\x00\x00\x00\x00\x00'
South,b'y%\x00\x00\x00\x00\x00\x00',b'\x05\x00\x00\x00\x00\x00\x00\x00\x03\x00\x00\x00\x00\x00\x00\x00'
South,b'b\x15\x00\x00\x00\x00\x00\x00',b'\x05\x00\x00\x00\x00\x00\x00\x00\x03\x00\x00\x00\x00\x00\x00\x00'
East,b'\xc7\x1f\x00\x00\x00\x00\x00\x00',b'\x05\x00\x00\x00\x00\x00\x00\x00\x03\x00\x00\x00\x00\x00\x00\x00'
Central,b'Q\x1e\x00\x00\x00\x00\x00\x00',b'\x05\x00\x00\x00\x00\x00\x00\x00\x03\x00\x00\x00\x00\x00\x00\x00'
West,b'\xfe\x08\x00\x00\x00\x00\x00\x00',b'\x05\x00\x00\x00\x00\x00\x00\x00\x03\x00\x00\x00\x00\x00\x00\x00'
East,b'\xc7%\x00\x00\x00\x00\x00\x00',b'\x05\x00\x00\x00\x00\x00\x00\x00\x03\x00\x00\x00\x00\x00\x00\x00'
Central,b'A\x07\x00\x00\x00\x00\x00\x00',b'\x05\x00\x00\x00\x00\x00\x00\x00\x03\x00\x00\x00\x00\x00\x00\x00'
Central,b'\xe9\x05\x00\x00\x00\x00\x00\x00',b'\x05\x00\x00\x00\x00\x00\x00\x00\x03\x00\x00\x00\x00\x00\x00\x00'
West,b'[\x07\x00\x00\x00\x00\x00\x00',b'\x05\x00\x00\x00\x00\x00\x00\x00\x03\x00\x00\x00\x00\x00\x00\x00'
Central,b'7\x18\x00\x00\x00\x00\x00\x00',b'\x05\x00\x00\x00\x00\x00\x00\x00\x03\x00\x00\x00\x00\x00\x00\x00'
West,b'\x02)\x00\x00\x00\x00\x00\x00',b'\x05\x00\x00\x00\x00\x00\x00\x00\x03\x00\x00\x00\x00\x00\x00\x00'
Central,b'\x01\x00\x00\x00\x00\x00\x00\x00',b'\x05\x00\x00\x00\x00\x00\x00\x00\x03\x00\x00\x00\x00\x00\x00\x00'
South,b'\x0f\x0f\x00\x00\x00\x00\x00\x00',b'\x05\x00\x00\x00\x00\x00\x00\x00\x03\x00\x00\x00\x00\x00\x00\x00'
West,b'\xa1!\x00\x00\x00\x00\x00\x00',b'\x05\x00\x00\x00\x00\x00\x00\x00\x03\x00\x00\x00\x00\x00\x00\x00'
East,b'O#\x00\x00\x00\x00\x00\x00',b'\x05\x00\x00\x00\x00\x00\x00\x00\x03\x00\x00\x00\x00\x00\x00\x00'
West,b'^#\x00\x00\x00\x00\x00\x00',b'\x05\x00\x00\x00\x00\x00\x00\x00\x03\x00\x00\x00\x00\x00\x00\x00'
East,b'q%\x00\x00\x00\x00\x00\x00',b'\x05\x00\x00\x00\x00\x00\x00\x00\x03\x00\x00\x00\x00\x00\x00\x00'
Central,b'\xbb\x11\x00\x00\x00\x00\x00\x00',b'\x05\x00\x00\x00\x00\x00\x00\x00\x03\x00\x00\x00\x00\x00\x00\x00'
Central,b'L(\x00\x00\x00\x00\x00\x00',b'\x05\x00\x00\x00\x00\x00\x00\x00\x03\x00\x00\x00\x00\x00\x00\x00'
South,b'l\x15\x00\x00\x00\x00\x00\x00',b'\x05\x00\x00\x00\x00\x00\x00\x00\x03\x00\x00\x00\x00\x00\x00\x00'
West,b'\xf0\x14\x00\x00\x00\x00\x00\x00',b'\x05\x00\x00\x00\x00\x00\x00\x00\x03\x00\x00\x00\x00\x00\x00\x00'
West,b'\xc2\x1d\x00\x00\x00\x00\x00\x00',b'\x05\x00\x00\x00\x00\x00\x00\x00\x03\x00\x00\x00\x00\x00\x00\x00'
South,"b'\xc8""\x00\x00\x00\x00\x00\x00'",b'\x05\x00\x00\x00\x00\x00\x00\x00\x03\x00\x00\x00\x00\x00\x00\x00'
East,b'\xb6\x10\x00\x00\x00\x00\x00\x00',b'\x05\x00\x00\x00\x00\x00\x00\x00\x03\x00\x00\x00\x00\x00\x00\x00'
East,b'\xd1\x19\x00\x00\x00\x00\x00\x00',b'\x05\x00\x00\x00\x00\x00\x00\x00\x03\x00\x00\x00\x00\x00\x00\x00'
Central,b'f\x10\x00\x00\x00\x00\x00\x00',b'\x05\x00\x00\x00\x00\x00\x00\x00\x03\x00\x00\x00\x00\x00\x00\x00'
East,b'A\x17\x00\x00\x00\x00\x00\x00',b'\x05\x00\x00\x00\x00\x00\x00\x00\x03\x00\x00\x00\x00\x00\x00\x00'
West,b'\xd5(\x00\x00\x00\x00\x00\x00',b'\x05\x00\x00\x00\x00\x00\x00\x00\x03\x00\x00\x00\x00\x00\x00\x00'
West,b'j(\x00\x00\x00\x00\x00\x00',b'\x05\x00\x00\x00\x00\x00\x00\x00\x03\x00\x00\x00\x00\x00\x00\x00'
Central,b'u\x02\x00\x00\x00\x00\x00\x00',b'\x05\x00\x00\x00\x00\x00\x00\x00\x03\x00\x00\x00\x00\x00\x00\x00'
West,b'p\x19\x00\x00\x00\x00\x00\x00',b'\x05\x00\x00\x00\x00\x00\x00\x00\x03\x00\x00\x00\x00\x00\x00\x00'
East,"b',%\x00\x00\x00\x00\x00\x00'",b'\x05\x00\x00\x00\x00\x00\x00\x00\x03\x00\x00\x00\x00\x00\x00\x00'
Central,b'\x19(\x00\x00\x00\x00\x00\x00',b'\x05\x00\x00\x00\x00\x00\x00\x00\x03\x00\x00\x00\x00\x00\x00\x00'
West,b'\xf5\r\x00\x00\x00\x00\x00\x00',b'\x05\x00\x00\x00\x00\x00\x00\x00\x03\x00\x00\x00\x00\x00\x00\x00'
West,b'\xb5\x0c\x00\x00\x00\x00\x00\x00',b'\x05\x00\x00\x00\x00\x00\x00\x00\x03\x00\x00\x00\x00\x00\x00\x00'
Central,b'\xa6\x02\x00\x00\x00\x00\x00\x00',b'\x05\x00\x00\x00\x00\x00\x00\x00\x03\x00\x00\x00\x00\x00\x00\x00'
West,b'\xd3\x0f\x00\x00\x00\x00\x00\x00',b'\x05\x00\x00\x00\x00\x00\x00\x00\x03\x00\x00\x00\x00\x00\x00\x00'
Central,b'\x83\x1c\x00\x00\x00\x00\x00\x00',b'\x05\x00\x00\x00\x00\x00\x00\x00\x03\x00\x00\x00\x00\x00\x00\x00'
East,b'\x06!\x00\x00\x00\x00\x00\x00',b'\x05\x00\x00\x00\x00\x00\x00\x00\x03\x00\x00\x00\x00\x00\x00\x00'
West,b'}#\x00\x00\x00\x00\x00\x00',b'\x05\x00\x00\x00\x00\x00\x00\x00\x03\x00\x00\x00\x00\x00\x00\x00'
East,"b""'\x0c\x00\x00\x00\x00\x00\x00""",b'\x05\x00\x00\x00\x00\x00\x00\x00\x03\x00\x00\x00\x00\x00\x00\x00'
East,"b""\xd3'\x00\x00\x00\x00\x00\x00""",b'\x05\x00\x00\x00\x00\x00\x00\x00\x03\x00\x00\x00\x00\x00\x00\x00'
East,b'\xe8)\x00\x00\x00\x00\x00\x00',b'\x05\x00\x00\x00\x00\x00\x00\x00\x03\x00\x00\x00\x00\x00\x00\x00'
West,b'\xb7\x00\x00\x00\x00\x00\x00\x00',b'\x05\x00\x00\x00\x00\x00\x00\x00\x03\x00\x00\x00\x00\x00\x00\x00'
Central,b'~(\x00\x00\x00\x00\x00\x00',b'\x05\x00\x00\x00\x00\x00\x00\x00\x03\x00\x00\x00\x00\x00\x00\x00'
Central,b'h\r\x00\x00\x00\x00\x00\x00',b'\x05\x00\x00\x00\x00\x00\x00\x00\x03\x00\x00\x00\x00\x00\x00\x00'
West,b'u\x10\x00\x00\x00\x00\x00\x00',b'\x05\x00\x00\x00\x00\x00\x00\x00\x03\x00\x00\x00\x00\x00\x00\x00'
Central,b'\xa0\x0c\x00\x00\x00\x00\x00\x00',b'\x05\x00\x00\x00\x00\x00\x00\x00\x03\x00\x00\x00\x00\x00\x00\x00'
West,b'|#\x00\x00\x00\x00\x00\x00',b'\x05\x00\x00\x00\x00\x00\x00\x00\x03\x00\x00\x00\x00\x00\x00\x00'
East,b'\x0f$\x00\x00\x00\x00\x00\x00',b'\x05\x00\x00\x00\x00\x00\x00\x00\x03\x00\x00\x00\x00\x00\x00\x00'
West,"b'\xb4""\x00\x00\x00\x00\x00\x00'",b'\x05\x00\x00\x00\x00\x00\x00\x00\x03\x00\x00\x00\x00\x00\x00\x00'
East,b'\xe2 \x00\x00\x00\x00\x00\x00',b'\x05\x00\x00\x00\x00\x00\x00\x00\x03\x00\x00\x00\x00\x00\x00\x00'
East,b'\x1f\x01\x00\x00\x00\x00\x00\x00',b'\x05\x00\x00\x00\x00\x00\x00\x00\x03\x00\x00\x00\x00\x00\x00\x00'
South,b'1\t\x00\x00\x00\x00\x00\x00',b'\x05\x00\x00\x00\x00\x00\x00\x00\x03\x00\x00\x00\x00\x00\x00\x00'
West,b'\x0f\t\x00\x00\x00\x00\x00\x00',b'\x05\x00\x00\x00\x00\x00\x00\x00\x03\x00\x00\x00\x00\x00\x00\x00'
East,b'\x0f\t\x00\x00\x00\x00\x00\x00',b'\x05\x00\x00\x00\x00\x00\x00\x00\x03\x00\x00\x00\x00\x00\x00\x00'
West,"b""<'\x00\x00\x00\x00\x00\x00""",b'\x05\x00\x00\x00\x00\x00\x00\x00\x03\x00\x00\x00\x00\x00\x00\x00'
West,b'\xee\x15\x00\x00\x00\x00\x00\x00',b'\x05\x00\x00\x00\x00\x00\x00\x00\x02\x00\x00\x00\x00\x00\x00\x00\x06\x00\x00\x00\x00\x00\x00\x00\x04\x00\x00\x00\x00\x00\x00\x00'
West,b'\x90\x1a\x00\x00\x00\x00\x00\x00',b'\x05\x00\x00\x00\x00\x00\x00\x00\x02\x00\x00\x00\x00\x00\x00\x00\x05\x00\x00\x00\x00\x00\x00\x00'
West,b'*\x04\x00\x00\x00\x00\x00\x00',b'\x05\x00\x00\x00\x00\x00\x00\x00\x02\x00\x00\x00\x00\x00\x00\x00\x05\x00\x00\x00\x00\x00\x00\x00'
West,b'\x0c\x01\x00\x00\x00\x00\x00\x00',b'\x05\x00\x00\x00\x00\x00\x00\x00\x02\x00\x00\x00\x00\x00\x00\x00\x05\x00\x00\x00\x00\x00\x00\x00'
West,b'\x05)\x00\x00\x00\x00\x00\x00',b'\x05\x00\x00\x00\x00\x00\x00\x00\x02\x00\x00\x00\x00\x00\x00\x00\x05\x00\x00\x00\x00\x00\x00\x00'
East,b'\x04&\x00\x00\x00\x00\x00\x00',b'\x05\x00\x00\x00\x00\x00\x00\x00\x02\x00\x00\x00\x00\x00\x00\x00\x05\x00\x00\x00\x00\x00\x00\x00'
Central,b'\x01\x06\x00\x00\x00\x00\x00\x00',b'\x05\x00\x00\x00\x00\x00\x00\x00\x02\x00\x00\x00\x00\x00\x00\x00\x05\x00\x00\x00\x00\x00\x00\x00'
East,b'\xca\x1a\x00\x00\x00\x00\x00\x00',b'\x05\x00\x00\x00\x00\x00\x00\x00\x02\x00\x00\x00\x00\x00\x00\x00\x04\x00\x00\x00\x00\x00\x00\x00\x03\x00\x00\x00\x00\x00\x00\x00'
South,b'\xe3\x14\x00\x00\x00\x00\x00\x00',b'\x05\x00\x00\x00\x00\x00\x00\x00\x02\x00\x00\x00\x00\x00\x00\x00\x04\x00\x00\x00\x00\x00\x00\x00\x02\x00\x00\x00\x00\x00\x00\x00\x01\x00\x00\x00\x00\x00\x00\x00'
West,b'\xa0!\x00\x00\x00\x00\x00\x00',b'\x05\x00\x00\x00\x00\x00\x00\x00\x02\x00\x00\x00\x00\x00\x00\x00\x04\x00\x00\x00\x00\x00\x00\x00\x02\x00\x00\x00\x00\x00\x00\x00'
West,b'\xce\x04\x00\x00\x00\x00\x00\x00',b'\x05\x00\x00\x00\x00\x00\x00\x00\x02\x00\x00\x00\x00\x00\x00\x00\x03\x00\x00\x00\x00\x00\x00\x00\x05\x00\x00\x00\x00\x00\x00\x00\x02\x00\x00\x00\x00\x00\x00\x00'
West,b'\x1e\x0f\x00\x00\x00\x00\x00\x00',b'\x05\x00\x00\x00\x00\x00\x00\x00\x02\x00\x00\x00\x00\x00\x00\x00\x03\x00\x00\x00\x00\x00\x00\x00\x04\x00\x00\x00\x00\x00\x00\x00\x04\x00\x00\x00\x00\x00\x00\x00\x02\x00\x00\x00\x00\x00\x00\x00'
Central,b'\x06!\x00\x00\x00\x00\x00\x00',b'\x05\x00\x00\x00\x00\x00\x00\x00\x02\x00\x00\x00\x00\x00\x00\x00\x03\x00\x00\x00\x00\x00\x00\x00\x04\x00\x00\x00\x00\x00\x00\x00\x03\x00\x00\x00\x00\x00\x00\x00\x03\x00\x00\x00\x00\x00\x00\x00\x03\x00\x00\x00\x00\x00\x00\x00'
West,b'\xf9\x0e\x00\x00\x00\x00\x00\x00',b'\x05\x00\x00\x00\x00\x00\x00\x00\x02\x00\x00\x00\x00\x00\x00\x00\x03\x00\x00\x00\x00\x00\x00\x00\x02\x00\x00\x00\x00\x00\x00\x00'
Central,b'\x8a\x04\x00\x00\x00\x00\x00\x00',b'\x05\x00\x00\x00\x00\x00\x00\x00\x02\x00\x00\x00\x00\x00\x00\x00\x03\x00\x00\x00\x00\x00\x00\x00\x02\x00\x00\x00\x00\x00\x00\x00'
Central,b'\xdd\x01\x00\x00\x00\x00\x00\x00',b'\x05\x00\x00\x00\x00\x00\x00\x00\x02\x00\x00\x00\x00\x00\x00\x00\x03\x00\x00\x00\x00\x00\x00\x00\x01\x00\x00\x00\x00\x00\x00\x00'
West,b'\n%\x00\x00\x00\x00\x00\x00',b'\x05\x00\x00\x00\x00\x00\x00\x00\x02\x00\x00\x00\x00\x00\x00\x00\x03\x00\x00\x00\x00\x00\x00\x00'
Central,b'\xf6$\x00\x00\x00\x00\x00\x00',b'\x05\x00\x00\x00\x00\x00\x00\x00\x02\x00\x00\x00\x00\x00\x00\x00\x03\x00\x00\x00\x00\x00\x00\x00'
West,b'\xf4\x19\x00\x00\x00\x00\x00\x00',b'\x05\x00\x00\x00\x00\x00\x00\x00\x02\x00\x00\x00\x00\x00\x00\x00\x03\x00\x00\x00\x00\x00\x00\x00'
East,b'\x13\x06\x00\x00\x00\x00\x00\x00',b'\x05\x00\x00\x00\x00\x00\x00\x00\x02\x00\x00\x00\x00\x00\x00\x00\x03\x00\x00\x00\x00\x00\x00\x00'
Central,b'8\x0b\x00\x00\x00\x00\x00\x00',b'\x05\x00\x00\x00\x00\x00\x00\x00\x02\x00\x00\x00\x00\x00\x00\x00\x03\x00\x00\x00\x00\x00\x00\x00'
East,b'U\x05\x00\x00\x00\x00\x00\x00',b'\x05\x00\x00\x00\x00\x00\x00\x00\x02\x00\x00\x00\x00\x00\x00\x00\x03\x00\x00\x00\x00\x00\x00\x00'
South,b'9\x1c\x00\x00\x00\x00\x00\x00',b'\x05\x00\x00\x00\x00\x00\x00\x00\x02\x00\x00\x00\x00\x00\x00\x00\x03\x00\x00\x00\x00\x00\x00\x00'
West,b'\xff&\x00\x00\x00\x00\x00\x00',b'\x05\x00\x00\x00\x00\x00\x00\x00\x02\x00\x00\x00\x00\x00\x00\x00\x03\x00\x00\x00\x00\x00\x00\x00'
West,b'U\x1d\x00\x00\x00\x00\x00\x00',b'\x05\x00\x00\x00\x00\x00\x00\x00\x02\x00\x00\x00\x00\x00\x00\x00\x03\x00\x00\x00\x00\x00\x00\x00'
West,b'\xc9\x11\x00\x00\x00\x00\x00\x00',b'\x05\x00\x00\x00\x00\x00\x00\x00\x02\x00\x00\x00\x00\x00\x00\x00\x02\x00\x00\x00\x00\x00\x00\x00\x02\x00\x00\x00\x00\x00\x00\x00\x02\x00\x00\x00\x00\x00\x00\x00'
West,b'\xc4 \x00\x00\x00\x00\x00\x00',b'\x05\x00\x00\x00\x00\x00\x00\x00\x02\x00\x00\x00\x00\x00\x00\x00\x02\x00\x00\x00\x00\x00\x00\x00\x02\x00\x00\x00\x00\x00\x00\x00\x02\x00\x00\x00\x00\x00\x00\x00'
West,b'I\x04\x00\x00\x00\x00\x00\x00',b'\x05\x00\x00\x00\x00\x00\x00\x00\x02\x00\x00\x00\x00\x00\x00\x00\x02\x00\x00\x00\x00\x00\x00\x00\x02\x00\x00\x00\x00\x00\x00\x00\x02\x00\x00\x00\x00\x00\x00\x00'
East,b'\xdc\x0e\x00\x00\x00\x00\x00\x00',b'\x05\x00\x00\x00\x00\x00\x00\x00\x02\x00\x00\x00\x00\x00\x00\x00\x02\x00\x00\x00\x00\x00\x00\x00\x02\x00\x00\x00\x00\x00\x00\x00\x01\x00\x00\x00\x00\x00\x00\x00'
South,"b'%""\x00\x00\x00\x00\x00\x00'",b'\x05\x00\x00\x00\x00\x00\x00\x00\x02\x00\x00\x00\x00\x00\x00\x00\x02\x00\x00\x00\x00\x00\x00\x00\x02\x00\x00\x00\x00\x00\x00\x00'
East,b'\x91\x05\x00\x00\x00\x00\x00\x00',b'\x05\x00\x00\x00\x00\x00\x00\x00\x02\x00\x00\x00\x00\x00\x00\x00\x02\x00\x00\x00\x00\x00\x00\x00\x01\x00\x00\x00\x00\x00\x00\x00'
West,b'\xae\x01\x00\x00\x00\x00\x00\x00',b'\x05\x00\x00\x00\x00\x00\x00\x00\x02\x00\x00\x00\x00\x00\x00\x00\x02\x00\x00\x00\x00\x00\x00\x00\x01\x00\x00\x00\x00\x00\x00\x00'
East,b'\x9c\x1e\x00\x00\x00\x00\x00\x00',b'\x05\x00\x00\x00\x00\x00\x00\x00\x02\x00\x00\x00\x00\x00\x00\x00\x02\x00\x00\x00\x00\x00\x00\x00'
East,b'\xe8$\x00\x00\x00\x00\x00\x00',b'\x05\x00\x00\x00\x00\x00\x00\x00\x02\x00\x00\x00\x00\x00\x00\x00\x02\x00\x00\x00\x00\x00\x00\x00'
East,b'`\x06\x00\x00\x00\x00\x00\x00',b'\x05\x00\x00\x00\x00\x00\x00\x00\x02\x00\x00\x00\x00\x00\x00\x00\x02\x00\x00\x00\x00\x00\x00\x00'
East,b'\xf9\t\x00\x00\x00\x00\x00\x00',b'\x05\x00\x00\x00\x00\x00\x00\x00\x02\x00\x00\x00\x00\x00\x00\x00\x02\x00\x00\x00\x00\x00\x00\x00'
East,b'Y\x04\x00\x00\x00\x00\x00\x00',b'\x05\x00\x00\x00\x00\x00\x00\x00\x02\x00\x00\x00\x00\x00\x00\x00\x02\x00\x00\x00\x00\x00\x00\x00'
South,b'\xce(\x00\x00\x00\x00\x00\x00',b'\x05\x00\x00\x00\x00\x00\x00\x00\x02\x00\x00\x00\x00\x00\x00\x00\x02\x00\x00\x00\x00\x00\x00\x00'
Central,b'I\x01\x00\x00\x00\x00\x00\x00',b'\x05\x00\x00\x00\x00\x00\x00\x00\x02\x00\x00\x00\x00\x00\x00\x00\x02\x00\x00\x00\x00\x00\x00\x00'
West,b'\xa5!\x00\x00\x00\x00\x00\x00',b'\x05\x00\x00\x00\x00\x00\x00\x00\x02\x00\x00\x00\x00\x00\x00\x00\x02\x00\x00\x00\x00\x00\x00\x00'
South,b'\xda\x19\x00\x00\x00\x00\x00\x00',b'\x05\x00\x00\x00\x00\x00\x00\x00\x02\x00\x00\x00\x00\x00\x00\x00\x02\x00\x00\x00\x00\x00\x00\x00'
West,b'\xf0\x07\x00\x00\x00\x00\x00\x00',b'\x05\x00\x00\x00\x00\x00\x00\x00\x02\x00\x00\x00\x00\x00\x00\x00\x02\x00\x00\x00\x00\x00\x00\x00'
South,b'\xda%\x00\x00\x00\x00\x00\x00',b'\x05\x00\x00\x00\x00\x00\x00\x00\x02\x00\x00\x00\x00\x00\x00\x00\x02\x00\x00\x00\x00\x00\x00\x00'
Central,b'\xf4\x07\x00\x00\x00\x00\x00\x00',b'\x05\x00\x00\x00\x00\x00\x00\x00\x02\x00\x00\x00\x00\x00\x00\x00\x02\x00\x00\x00\x00\x00\x00\x00'
South,"b'\xc4""\x00\x00\x00\x00\x00\x00'",b'\x05\x00\x00\x00\x00\x00\x00\x00\x02\x00\x00\x00\x00\x00\x00\x00\x02\x00\x00\x00\x00\x00\x00\x00'
East,b'\xba\x0f\x00\x00\x00\x00\x00\x00',b'\x05\x00\x00\x00\x00\x00\x00\x00\x02\x00\x00\x00\x00\x00\x00\x00\x02\x00\x00\x00\x00\x00\x00\x00'
South,"b'""\x1a\x00\x00\x00\x00\x00\x00'",b'\x05\x00\x00\x00\x00\x00\x00\x00\x02\x00\x00\x00\x00\x00\x00\x00\x02\x00\x00\x00\x00\x00\x00\x00'
East,b'\x17\x02\x00\x00\x00\x00\x00\x00',b'\x05\x00\x00\x00\x00\x00\x00\x00\x02\x00\x00\x00\x00\x00\x00\x00\x02\x00\x00\x00\x00\x00\x00\x00'
East,b'\xcb\x00\x00\x00\x00\x00\x00\x00',b'\x05\x00\x00\x00\x00\x00\x00\x00\x02\x00\x00\x00\x00\x00\x00\x00\x02\x00\x00\x00\x00\x00\x00\x00'
South,b'h\x12\x00\x00\x00\x00\x00\x00',b'\x05\x00\x00\x00\x00\x00\x00\x00\x02\x00\x00\x00\x00\x00\x00\x00\x01\x00\x00\x00\x00\x00\x00\x00\x05\x00\x00\x00\x00\x00\x00\x00'
West,b'\xd3!\x00\x00\x00\x00\x00\x00',b'\x05\x00\x00\x00\x00\x00\x00\x00\x02\x00\x00\x00\x00\x00\x00\x00\x01\x00\x00\x00\x00\x00\x00\x00\x02\x00\x00\x00\x00\x00\x00\x00\x03\x00\x00\x00\x00\x00\x00\x00'
West,b'd\x03\x00\x00\x00\x00\x00\x00',b'\x05\x00\x00\x00\x00\x00\x00\x00\x02\x00\x00\x00\x00\x00\x00\x00\x01\x00\x00\x00\x00\x00\x00\x00\x02\x00\x00\x00\x00\x00\x00\x00'
East,b'\xca\x0b\x00\x00\x00\x00\x00\x00',b'\x05\x00\x00\x00\x00\x00\x00\x00\x02\x00\x00\x00\x00\x00\x00\x00\x01\x00\x00\x00\x00\x00\x00\x00'
East,b'&\x04\x00\x00\x00\x00\x00\x00',b'\x05\x00\x00\x00\x00\x00\x00\x00\x02\x00\x00\x00\x00\x00\x00\x00\x01\x00\x00\x00\x00\x00\x00\x00'
West,b'\x85\x15\x00\x00\x00\x00\x00\x00',b'\x05\x00\x00\x00\x00\x00\x00\x00\x02\x00\x00\x00\x00\x00\x00\x00\x01\x00\x00\x00\x00\x00\x00\x00'
Central,b'\x0e\x08\x00\x00\x00\x00\x00\x00',b'\x05\x00\x00\x00\x00\x00\x00\x00\x02\x00\x00\x00\x00\x00\x00\x00\x01\x00\x00\x00\x00\x00\x00\x00'
West,b'0\x15\x00\x00\x00\x00\x00\x00',b'\x05\x00\x00\x00\x00\x00\x00\x00\x02\x00\x00\x00\x00\x00\x00\x00\x01\x00\x00\x00\x00\x00\x00\x00'
West,b'\xa2 \x00\x00\x00\x00\x00\x00',b'\x05\x00\x00\x00\x00\x00\x00\x00\x02\x00\x00\x00\x00\x00\x00\x00\x01\x00\x00\x00\x00\x00\x00\x00'
East,b'O\x19\x00\x00\x00\x00\x00\x00',b'\x05\x00\x00\x00\x00\x00\x00\x00\x02\x00\x00\x00\x00\x00\x00\x00\x01\x00\x00\x00\x00\x00\x00\x00'
West,b'\xae%\x00\x00\x00\x00\x00\x00',b'\x05\x00\x00\x00\x00\x00\x00\x00\x02\x00\x00\x00\x00\x00\x00\x00'
Central,b'\x05\x14\x00\x00\x00\x00\x00\x00',b'\x05\x00\x00\x00\x00\x00\x00\x00\x02\x00\x00\x00\x00\x00\x00\x00'
Central,b'\x90(\x00\x00\x00\x00\x00\x00',b'\x05\x00\x00\x00\x00\x00\x00\x00\x02\x00\x00\x00\x00\x00\x00\x00'
West,b'\xe9\x12\x00\x00\x00\x00\x00\x00',b'\x05\x00\x00\x00\x00\x00\x00\x00\x02\x00\x00\x00\x00\x00\x00\x00'
West,b'?\x1b\x00\x00\x00\x00\x00\x00',b'\x05\x00\x00\x00\x00\x00\x00\x00\x02\x00\x00\x00\x00\x00\x00\x00'
West,b'P)\x00\x00\x00\x00\x00\x00',b'\x05\x00\x00\x00\x00\x00\x00\x00\x02\x00\x00\x00\x00\x00\x00\x00'
Central,b'\xdf!\x00\x00\x00\x00\x00\x00',b'\x05\x00\x00\x00\x00\x00\x00\x00\x02\x00\x00\x00\x00\x00\x00\x00'
South,"b""@'\x00\x00\x00\x00\x00\x00""",b'\x05\x00\x00\x00\x00\x00\x00\x00\x02\x00\x00\x00\x00\x00\x00\x00'
East,b'u \x00\x00\x00\x00\x00\x00',b'\x05\x00\x00\x00\x00\x00\x00\x00\x02\x00\x00\x00\x00\x00\x00\x00'
South,b'@\x16\x00\x00\x00\x00\x00\x00',b'\x05\x00\x00\x00\x00\x00\x00\x00\x02\x00\x00\x00\x00\x00\x00\x00'
Central,"b',\n\x00\x00\x00\x00\x00\x00'",b'\x05\x00\x00\x00\x00\x00\x00\x00\x02\x00\x00\x00\x00\x00\x00\x00'
South,b'?\x1a\x00\x00\x00\x00\x00\x00',b'\x05\x00\x00\x00\x00\x00\x00\x00\x02\x00\x00\x00\x00\x00\x00\x00'
East,b'\xa7\x15\x00\x00\x00\x00\x00\x00',b'\x05\x00\x00\x00\x00\x00\x00\x00\x02\x00\x00\x00\x00\x00\x00\x00'
West,"b'""\'\x00\x00\x00\x00\x00\x00'",b'\x05\x00\x00\x00\x00\x00\x00\x00\x02\x00\x00\x00\x00\x00\x00\x00'
East,b'[!\x00\x00\x00\x00\x00\x00',b'\x05\x00\x00\x00\x00\x00\x00\x00\x02\x00\x00\x00\x00\x00\x00\x00'
West,b'y\x02\x00\x00\x00\x00\x00\x00',b'\x05\x00\x00\x00\x00\x00\x00\x00\x02\x00\x00\x00\x00\x00\x00\x00'
West,b'w\x0f\x00\x00\x00\x00\x00\x00',b'\x05\x00\x00\x00\x00\x00\x00\x00\x02\x00\x00\x00\x00\x00\x00\x00'
East,b'\xa8\x1a\x00\x00\x00\x00\x00\x00',b'\x05\x00\x00\x00\x00\x00\x00\x00\x02\x00\x00\x00\x00\x00\x00\x00'
East,b'\xa8\x03\x00\x00\x00\x00\x00\x00',b'\x05\x00\x00\x00\x00\x00\x00\x00\x02\x00\x00\x00\x00\x00\x00\x00'
West,"b'6""\x00\x00\x00\x00\x00\x00'",b'\x05\x00\x00\x00\x00\x00\x00\x00\x02\x00\x00\x00\x00\x00\x00\x00'
West,b'\xbd\x05\x00\x00\x00\x00\x00\x00',b'\x05\x00\x00\x00\x00\x00\x00\x00\x02\x00\x00\x00\x00\x00\x00\x00'
West,b'\x11\x04\x00\x00\x00\x00\x00\x00',b'\x05\x00\x00\x00\x00\x00\x00\x00\x02\x00\x00\x00\x00\x00\x00\x00'
West,b'\xe6\x15\x00\x00\x00\x00\x00\x00',b'\x05\x00\x00\x00\x00\x00\x00\x00\x02\x00\x00\x00\x00\x00\x00\x00'
South,b'n\x15\x00\x00\x00\x00\x00\x00',b'\x05\x00\x00\x00\x00\x00\x00\x00\x02\x00\x00\x00\x00\x00\x00\x00'
West,"b""S'\x00\x00\x00\x00\x00\x00""",b'\x05\x00\x00\x00\x00\x00\x00\x00\x02\x00\x00\x00\x00\x00\x00\x00'
West,"b""r'\x00\x00\x00\x00\x00\x00""",b'\x05\x00\x00\x00\x00\x00\x00\x00\x02\x00\x00\x00\x00\x00\x00\x00'
East,b'f\x11\x00\x00\x00\x00\x00\x00',b'\x05\x00\x00\x00\x00\x00\x00\x00\x02\x00\x00\x00\x00\x00\x00\x00'
Central,b'(#\x00\x00\x00\x00\x00\x00',b'\x05\x00\x00\x00\x00\x00\x00\x00\x02\x00\x00\x00\x00\x00\x00\x00'
East,b'f\x0c\x00\x00\x00\x00\x00\x00',b'\x05\x00\x00\x00\x00\x00\x00\x00\x02\x00\x00\x00\x00\x00\x00\x00'
Central,b'\x15 \x00\x00\x00\x00\x00\x00',b'\x05\x00\x00\x00\x00\x00\x00\x00\x02\x00\x00\x00\x00\x00\x00\x00'
West,b'\x01\x15\x00\x00\x00\x00\x00\x00',b'\x05\x00\x00\x00\x00\x00\x00\x00\x02\x00\x00\x00\x00\x00\x00\x00'
East,b'\x8e!\x00\x00\x00\x00\x00\x00',b'\x05\x00\x00\x00\x00\x00\x00\x00\x02\x00\x00\x00\x00\x00\x00\x00'
South,b'\xd2\x0c\x00\x00\x00\x00\x00\x00',b'\x05\x00\x00\x00\x00\x00\x00\x00\x02\x00\x00\x00\x00\x00\x00\x00'
West,b'\xe4\x18\x00\x00\x00\x00\x00\x00',b'\x05\x00\x00\x00\x00\x00\x00\x00\x02\x00\x00\x00\x00\x00\x00\x00'
East,b'\x93\x1c\x00\x00\x00\x00\x00\x00',b'\x05\x00\x00\x00\x00\x00\x00\x00\x02\x00\x00\x00\x00\x00\x00\x00'
Central,b'\x04\x1d\x00\x00\x00\x00\x00\x00',b'\x05\x00\x00\x00\x00\x00\x00\x00\x02\x00\x00\x00\x00\x00\x00\x00'
East,b'\xb0\x01\x00\x00\x00\x00\x00\x00',b'\x05\x00\x00\x00\x00\x00\x00\x00\x02\x00\x00\x00\x00\x00\x00\x00'
South,b'\xf6\x1e\x00\x00\x00\x00\x00\x00',b'\x05\x00\x00\x00\x00\x00\x00\x00\x02\x00\x00\x00\x00\x00\x00\x00'
East,b'$(\x00\x00\x00\x00\x00\x00',b'\x05\x00\x00\x00\x00\x00\x00\x00\x02\x00\x00\x00\x00\x00\x00\x00'
Central,b'\x98\n\x00\x00\x00\x00\x00\x00',b'\x05\x00\x00\x00\x00\x00\x00\x00\x02\x00\x00\x00\x00\x00\x00\x00'
East,b'\x14$\x00\x00\x00\x00\x00\x00',b'\x05\x00\x00\x00\x00\x00\x00\x00\x02\x00\x00\x00\x00\x00\x00\x00'
East,b'\xfe\x1a\x00\x00\x00\x00\x00\x00',b'\x05\x00\x00\x00\x00\x00\x00\x00\x02\x00\x00\x00\x00\x00\x00\x00'
West,"b""'\x05\x00\x00\x00\x00\x00\x00""",b'\x05\x00\x00\x00\x00\x00\x00\x00\x02\x00\x00\x00\x00\x00\x00\x00'
East,b'm&\x00\x00\x00\x00\x00\x00',b'\x05\x00\x00\x00\x00\x00\x00\x00\x02\x00\x00\x00\x00\x00\x00\x00'
West,b'\xbc\x10\x00\x00\x00\x00\x00\x00',b'\x05\x00\x00\x00\x00\x00\x00\x00\x02\x00\x00\x00\x00\x00\x00\x00'
East,b'y\x05\x00\x00\x00\x00\x00\x00',b'\x05\x00\x00\x00\x00\x00\x00\x00\x02\x00\x00\x00\x00\x00\x00\x00'
South,b'\x0b\x00\x00\x00\x00\x00\x00\x00',b'\x05\x00\x00\x00\x00\x00\x00\x00\x02\x00\x00\x00\x00\x00\x00\x00'
South,b'\xa8&\x00\x00\x00\x00\x00\x00',b'\x05\x00\x00\x00\x00\x00\x00\x00\x02\x00\x00\x00\x00\x00\x00\x00'
West,"b""\xae'\x00\x00\x00\x00\x00\x00""",b'\x05\x00\x00\x00\x00\x00\x00\x00\x02\x00\x00\x00\x00\x00\x00\x00'
Central,b'z\x11\x00\x00\x00\x00\x00\x00',b'\x05\x00\x00\x00\x00\x00\x00\x00\x02\x00\x00\x00\x00\x00\x00\x00'
Central,"b""q'\x00\x00\x00\x00\x00\x00""",b'\x05\x00\x00\x00\x00\x00\x00\x00\x02\x00\x00\x00\x00\x00\x00\x00'
East,b'\x9b\x00\x00\x00\x00\x00\x00\x00',b'\x05\x00\x00\x00\x00\x00\x00\x00\x02\x00\x00\x00\x00\x00\x00\x00'
Central,b'\xb0\x01\x00\x00\x00\x00\x00\x00',b'\x05\x00\x00\x00\x00\x00\x00\x00\x02\x00\x00\x00\x00\x00\x00\x00'
East,b'\xb8\x0f\x00\x00\x00\x00\x00\x00',b'\x05\x00\x00\x00\x00\x00\x00\x00\x02\x00\x00\x00\x00\x00\x00\x00'
Central,b'Z\x0b\x00\x00\x00\x00\x00\x00',b'\x05\x00\x00\x00\x00\x00\x00\x00\x02\x00\x00\x00\x00\x00\x00\x00'
West,b'-\x04\x00\x00\x00\x00\x00\x00',b'\x05\x00\x00\x00\x00\x00\x00\x00\x02\x00\x00\x00\x00\x00\x00\x00'
Central,"b'\xa3""\x00\x00\x00\x00\x00\x00'",b'\x05\x00\x00\x00\x00\x00\x00\x00\x02\x00\x00\x00\x00\x00\x00\x00'
Central,b'\xa3&\x00\x00\x00\x00\x00\x00',b'\x05\x00\x00\x00\x00\x00\x00\x00\x02\x00\x00\x00\x00\x00\x00\x00'
West,b'\xfc%\x00\x00\x00\x00\x00\x00',b'\x05\x00\x00\x00\x00\x00\x00\x00\x02\x00\x00\x00\x00\x00\x00\x00'
East,b'\xac\x18\x00\x00\x00\x00\x00\x00',b'\x05\x00\x00\x00\x00\x00\x00\x00\x02\x00\x00\x00\x00\x00\x00\x00'
West,b'\xf2\x14\x00\x00\x00\x00\x00\x00',b'\x05\x00\x00\x00\x00\x00\x00\x00\x02\x00\x00\x00\x00\x00\x00\x00'
East,b'\xb6\x04\x00\x00\x00\x00\x00\x00',b'\x05\x00\x00\x00\x00\x00\x00\x00\x02\x00\x00\x00\x00\x00\x00\x00'
South,b'\x1a\t\x00\x00\x00\x00\x00\x00',b'\x05\x00\x00\x00\x00\x00\x00\x00\x02\x00\x00\x00\x00\x00\x00\x00'
South,b'M#\x00\x00\x00\x00\x00\x00',b'\x05\x00\x00\x00\x00\x00\x00\x00\x02\x00\x00\x00\x00\x00\x00\x00'
Central,b'\x0b\x06\x00\x00\x00\x00\x00\x00',b'\x05\x00\x00\x00\x00\x00\x00\x00\x02\x00\x00\x00\x00\x00\x00\x00'
Central,b'\xf8\x18\x00\x00\x00\x00\x00\x00',b'\x05\x00\x00\x00\x00\x00\x00\x00\x02\x00\x00\x00\x00\x00\x00\x00'
South,b'\xa7\x15\x00\x00\x00\x00\x00\x00',b'\x05\x00\x00\x00\x00\x00\x00\x00\x02\x00\x00\x00\x00\x00\x00\x00'
East,b'\x06(\x00\x00\x00\x00\x00\x00',b'\x05\x00\x00\x00\x00\x00\x00\x00\x02\x00\x00\x00\x00\x00\x00\x00'
West,b'\x88\x18\x00\x00\x00\x00\x00\x00',b'\x05\x00\x00\x00\x00\x00\x00\x00\x02\x00\x00\x00\x00\x00\x00\x00'
Central,"b""S'\x00\x00\x00\x00\x00\x00""",b'\x05\x00\x00\x00\x00\x00\x00\x00\x02\x00\x00\x00\x00\x00\x00\x00'
Central,b'W\x19\x00\x00\x00\x00\x00\x00',b'\x05\x00\x00\x00\x00\x00\x00\x00\x02\x00\x00\x00\x00\x00\x00\x00'
West,b'+\x1f\x00\x00\x00\x00\x00\x00',b'\x05\x00\x00\x00\x00\x00\x00\x00\x02\x00\x00\x00\x00\x00\x00\x00'
South,b'^\x19\x00\x00\x00\x00\x00\x00',b'\x05\x00\x00\x00\x00\x00\x00\x00\x02\x00\x00\x00\x00\x00\x00\x00'
South,b'\x95 \x00\x00\x00\x00\x00\x00',b'\x05\x00\x00\x00\x00\x00\x00\x00\x02\x00\x00\x00\x00\x00\x00\x00'
Central,b'\xbe\x08\x00\x00\x00\x00\x00\x00',b'\x05\x00\x00\x00\x00\x00\x00\x00\x02\x00\x00\x00\x00\x00\x00\x00'
East,b'\xd2\x0c\x00\x00\x00\x00\x00\x00',b'\x05\x00\x00\x00\x00\x00\x00\x00\x02\x00\x00\x00\x00\x00\x00\x00'
West,b'8!\x00\x00\x00\x00\x00\x00',b'\x05\x00\x00\x00\x00\x00\x00\x00\x02\x00\x00\x00\x00\x00\x00\x00'
West,b'\x82\x18\x00\x00\x00\x00\x00\x00',b'\x05\x00\x00\x00\x00\x00\x00\x00\x02\x00\x00\x00\x00\x00\x00\x00'
West,b'\x85\x1f\x00\x00\x00\x00\x00\x00',b'\x05\x00\x00\x00\x00\x00\x00\x00\x02\x00\x00\x00\x00\x00\x00\x00'
West,b'd&\x00\x00\x00\x00\x00\x00',b'\x05\x00\x00\x00\x00\x00\x00\x00\x02\x00\x00\x00\x00\x00\x00\x00'
Central,b'\xf2\x1f\x00\x00\x00\x00\x00\x00',b'\x05\x00\x00\x00\x00\x00\x00\x00\x02\x00\x00\x00\x00\x00\x00\x00'
Central,b'b\x12\x00\x00\x00\x00\x00\x00',b'\x05\x00\x00\x00\x00\x00\x00\x00\x02\x00\x00\x00\x00\x00\x00\x00'
East,b'\xac&\x00\x00\x00\x00\x00\x00',b'\x05\x00\x00\x00\x00\x00\x00\x00\x02\x00\x00\x00\x00\x00\x00\x00'
East,b'\x00\x1c\x00\x00\x00\x00\x00\x00',b'\x05\x00\x00\x00\x00\x00\x00\x00\x02\x00\x00\x00\x00\x00\x00\x00'
Central,b'\xb8\x0f\x00\x00\x00\x00\x00\x00',b'\x05\x00\x00\x00\x00\x00\x00\x00\x02\x00\x00\x00\x00\x00\x00\x00'
West,b'b\x1f\x00\x00\x00\x00\x00\x00',b'\x05\x00\x00\x00\x00\x00\x00\x00\x02\x00\x00\x00\x00\x00\x00\x00'
Central,b'\xf3\r\x00\x00\x00\x00\x00\x00',b'\x05\x00\x00\x00\x00\x00\x00\x00\x02\x00\x00\x00\x00\x00\x00\x00'
West,"b""\x04'\x00\x00\x00\x00\x00\x00""",b'\x05\x00\x00\x00\x00\x00\x00\x00\x02\x00\x00\x00\x00\x00\x00\x00'
Central,b'\t$\x00\x00\x00\x00\x00\x00',b'\x05\x00\x00\x00\x00\x00\x00\x00\x02\x00\x00\x00\x00\x00\x00\x00'
West,b'\xf7$\x00\x00\x00\x00\x00\x00',b'\x05\x00\x00\x00\x00\x00\x00\x00\x02\x00\x00\x00\x00\x00\x00\x00'
East,b'\x0c\x1b\x00\x00\x00\x00\x00\x00',b'\x05\x00\x00\x00\x00\x00\x00\x00\x02\x00\x00\x00\x00\x00\x00\x00'
West,b'b\t\x00\x00\x00\x00\x00\x00',b'\x05\x00\x00\x00\x00\x00\x00\x00\x02\x00\x00\x00\x00\x00\x00\x00'
West,b'!%\x00\x00\x00\x00\x00\x00',b'\x05\x00\x00\x00\x00\x00\x00\x00\x02\x00\x00\x00\x00\x00\x00\x00'
Central,b'\r\x13\x00\x00\x00\x00\x00\x00',b'\x05\x00\x00\x00\x00\x00\x00\x00\x01\x00\x00\x00\x00\x00\x00\x00\x03\x00\x00\x00\x00\x00\x00\x00'
East,b'O\x07\x00\x00\x00\x00\x00\x00',b'\x05\x00\x00\x00\x00\x00\x00\x00\x01\x00\x00\x00\x00\x00\x00\x00\x02\x00\x00\x00\x00\x00\x00\x00\x03\x00\x00\x00\x00\x00\x00\x00'
West,b'o)\x00\x00\x00\x00\x00\x00',b'\x05\x00\x00\x00\x00\x00\x00\x00\x01\x00\x00\x00\x00\x00\x00\x00\x02\x00\x00\x00\x00\x00\x00\x00\x02\x00\x00\x00\x00\x00\x00\x00'
West,b'\t\x00\x00\x00\x00\x00\x00\x00',b'\x05\x00\x00\x00\x00\x00\x00\x00\x01\x00\x00\x00\x00\x00\x00\x00\x02\x00\x00\x00\x00\x00\x00\x00'
East,b'\x01\x17\x00\x00\x00\x00\x00\x00',b'\x05\x00\x00\x00\x00\x00\x00\x00\x01\x00\x00\x00\x00\x00\x00\x00\x02\x00\x00\x00\x00\x00\x00\x00'
East,b'\xa7\x06\x00\x00\x00\x00\x00\x00',b'\x05\x00\x00\x00\x00\x00\x00\x00\x01\x00\x00\x00\x00\x00\x00\x00\x01\x00\x00\x00\x00\x00\x00\x00'
West,"b'\x83""\x00\x00\x00\x00\x00\x00'",b'\x05\x00\x00\x00\x00\x00\x00\x00\x01\x00\x00\x00\x00\x00\x00\x00'
Central,"b'=""\x00\x00\x00\x00\x00\x00'",b'\x05\x00\x00\x00\x00\x00\x00\x00\x01\x00\x00\x00\x00\x00\x00\x00'
West,b'\x9e)\x00\x00\x00\x00\x00\x00',b'\x05\x00\x00\x00\x00\x00\x00\x00\x01\x00\x00\x00\x00\x00\x00\x00'
West,b'N\t\x00\x00\x00\x00\x00\x00',b'\x05\x00\x00\x00\x00\x00\x00\x00\x01\x00\x00\x00\x00\x00\x00\x00'
West,b'N\x0e\x00\x00\x00\x00\x00\x00',b'\x05\x00\x00\x00\x00\x00\x00\x00\x01\x00\x00\x00\x00\x00\x00\x00'
West,"b'\x1e""\x00\x00\x00\x00\x00\x00'",b'\x05\x00\x00\x00\x00\x00\x00\x00\x01\x00\x00\x00\x00\x00\x00\x00'
Central,b'_ \x00\x00\x00\x00\x00\x00',b'\x05\x00\x00\x00\x00\x00\x00\x00\x01\x00\x00\x00\x00\x00\x00\x00'
West,b'@\x18\x00\x00\x00\x00\x00\x00',b'\x05\x00\x00\x00\x00\x00\x00\x00\x01\x00\x00\x00\x00\x00\x00\x00'
West,b'\x1d\x05\x00\x00\x00\x00\x00\x00',b'\x05\x00\x00\x00\x00\x00\x00\x00\x01\x00\x00\x00\x00\x00\x00\x00'
Central,b'\x92$\x00\x00\x00\x00\x00\x00',b'\x05\x00\x00\x00\x00\x00\x00\x00\x01\x00\x00\x00\x00\x00\x00\x00'
Central,b'\xac&\x00\x00\x00\x00\x00\x00',b'\x05\x00\x00\x00\x00\x00\x00\x00\x01\x00\x00\x00\x00\x00\x00\x00'
East,b'\xde\x1f\x00\x00\x00\x00\x00\x00',b'\x05\x00\x00\x00\x00\x00\x00\x00\x01\x00\x00\x00\x00\x00\x00\x00'
West,"b""N'\x00\x00\x00\x00\x00\x00""",b'\x05\x00\x00\x00\x00\x00\x00\x00\x01\x00\x00\x00\x00\x00\x00\x00'
East,b'\xce\x0b\x00\x00\x00\x00\x00\x00',b'\x05\x00\x00\x00\x00\x00\x00\x00\x01\x00\x00\x00\x00\x00\x00\x00'
Central,b'\x02 \x00\x00\x00\x00\x00\x00',b'\x05\x00\x00\x00\x00\x00\x00\x00\x01\x00\x00\x00\x00\x00\x00\x00'
East,b'f(\x00\x00\x00\x00\x00\x00',b'\x05\x00\x00\x00\x00\x00\x00\x00\x01\x00\x00\x00\x00\x00\x00\x00'
South,b'\t\x00\x00\x00\x00\x00\x00\x00',b'\x05\x00\x00\x00\x00\x00\x00\x00\x01\x00\x00\x00\x00\x00\x00\x00'
South,"b""\xe7'\x00\x00\x00\x00\x00\x00""",b'\x05\x00\x00\x00\x00\x00\x00\x00\x01\x00\x00\x00\x00\x00\x00\x00'
South,b'\xf1\x1c\x00\x00\x00\x00\x00\x00',b'\x05\x00\x00\x00\x00\x00\x00\x00\x01\x00\x00\x00\x00\x00\x00\x00'
East,"b""\xae'\x00\x00\x00\x00\x00\x00""",b'\x05\x00\x00\x00\x00\x00\x00\x00\x01\x00\x00\x00\x00\x00\x00\x00'
South,b'\xb9\x17\x00\x00\x00\x00\x00\x00',b'\x05\x00\x00\x00\x00\x00\x00\x00\x01\x00\x00\x00\x00\x00\x00\x00'
West,b'\x02\x1a\x00\x00\x00\x00\x00\x00',b'\x05\x00\x00\x00\x00\x00\x00\x00\x01\x00\x00\x00\x00\x00\x00\x00'
East,b'\xb5\x0e\x00\x00\x00\x00\x00\x00',b'\x05\x00\x00\x00\x00\x00\x00\x00\x01\x00\x00\x00\x00\x00\x00\x00'
Central,b'\x9e\x02\x00\x00\x00\x00\x00\x00',b'\x05\x00\x00\x00\x00\x00\x00\x00\x01\x00\x00\x00\x00\x00\x00\x00'
South,b'\xdb\x0b\x00\x00\x00\x00\x00\x00',b'\x05\x00\x00\x00\x00\x00\x00\x00\x01\x00\x00\x00\x00\x00\x00\x00'
East,b'\xc1 \x00\x00\x00\x00\x00\x00',b'\x05\x00\x00\x00\x00\x00\x00\x00\x01\x00\x00\x00\x00\x00\x00\x00'
West,b'\\#\x00\x00\x00\x00\x00\x00',b'\x05\x00\x00\x00\x00\x00\x00\x00\x01\x00\x00\x00\x00\x00\x00\x00'
South,b'i \x00\x00\x00\x00\x00\x00',b'\x05\x00\x00\x00\x00\x00\x00\x00\x01\x00\x00\x00\x00\x00\x00\x00'
South,b'\xba\x01\x00\x00\x00\x00\x00\x00',b'\x05\x00\x00\x00\x00\x00\x00\x00\x01\x00\x00\x00\x00\x00\x00\x00'
South,b'\x87\x10\x00\x00\x00\x00\x00\x00',b'\x05\x00\x00\x00\x00\x00\x00\x00\x01\x00\x00\x00\x00\x00\x00\x00'
Central,b'u \x00\x00\x00\x00\x00\x00',b'\x05\x00\x00\x00\x00\x00\x00\x00\x01\x00\x00\x00\x00\x00\x00\x00'
South,b'\xf2\x1f\x00\x00\x00\x00\x00\x00',b'\x05\x00\x00\x00\x00\x00\x00\x00\x01\x00\x00\x00\x00\x00\x00\x00'
Central,"b'""\x1b\x00\x00\x00\x00\x00\x00'",b'\x05\x00\x00\x00\x00\x00\x00\x00'
East,b'\xb3\x00\x00\x00\x00\x00\x00\x00',b'\x05\x00\x00\x00\x00\x00\x00\x00'
East,b'\x84\x00\x00\x00\x00\x00\x00\x00',b'\x05\x00\x00\x00\x00\x00\x00\x00'
Central,b'\x01\x1f\x00\x00\x00\x00\x00\x00',b'\x05\x00\x00\x00\x00\x00\x00\x00'
East,b'\xab\x1c\x00\x00\x00\x00\x00\x00',b'\x05\x00\x00\x00\x00\x00\x00\x00'
West,b'\xf7\x15\x00\x00\x00\x00\x00\x00',b'\x05\x00\x00\x00\x00\x00\x00\x00'
South,b'\xa4\n\x00\x00\x00\x00\x00\x00',b'\x05\x00\x00\x00\x00\x00\x00\x00'
Central,"b'""$\x00\x00\x00\x00\x00\x00'",b'\x05\x00\x00\x00\x00\x00\x00\x00'
East,b'}\x02\x00\x00\x00\x00\x00\x00',b'\x05\x00\x00\x00\x00\x00\x00\x00'
Central,b'\x12\x1d\x00\x00\x00\x00\x00\x00',b'\x05\x00\x00\x00\x00\x00\x00\x00'
East,b'x\x00\x00\x00\x00\x00\x00\x00',b'\x05\x00\x00\x00\x00\x00\x00\x00'
West,b'=(\x00\x00\x00\x00\x00\x00',b'\x05\x00\x00\x00\x00\x00\x00\x00'
East,b'\x91\x10\x00\x00\x00\x00\x00\x00',b'\x05\x00\x00\x00\x00\x00\x00\x00'
South,b'\xa3 \x00\x00\x00\x00\x00\x00',b'\x05\x00\x00\x00\x00\x00\x00\x00'
South,b'\x99#\x00\x00\x00\x00\x00\x00',b'\x05\x00\x00\x00\x00\x00\x00\x00'
West,b'/\x1a\x00\x00\x00\x00\x00\x00',b'\x05\x00\x00\x00\x00\x00\x00\x00'
East,b'\xab(\x00\x00\x00\x00\x00\x00',b'\x05\x00\x00\x00\x00\x00\x00\x00'
South,b'\x98)\x00\x00\x00\x00\x00\x00',b'\x05\x00\x00\x00\x00\x00\x00\x00'
West,b'\xf3\x14\x00\x00\x00\x00\x00\x00',b'\x05\x00\x00\x00\x00\x00\x00\x00'
South,b'\x96\t\x00\x00\x00\x00\x00\x00',b'\x05\x00\x00\x00\x00\x00\x00\x00'
West,b'\xf3\x18\x00\x00\x00\x00\x00\x00',b'\x05\x00\x00\x00\x00\x00\x00\x00'
South,b'\xa3\x1e\x00\x00\x00\x00\x00\x00',b'\x05\x00\x00\x00\x00\x00\x00\x00'
South,b'\x85$\x00\x00\x00\x00\x00\x00',b'\x05\x00\x00\x00\x00\x00\x00\x00'
East,b'} \x00\x00\x00\x00\x00\x00',b'\x05\x00\x00\x00\x00\x00\x00\x00'
South,b'\x96\x19\x00\x00\x00\x00\x00\x00',b'\x05\x00\x00\x00\x00\x00\x00\x00'
East,b'\x98\x0c\x00\x00\x00\x00\x00\x00',b'\x05\x00\x00\x00\x00\x00\x00\x00'
West,b'B$\x00\x00\x00\x00\x00\x00',b'\x05\x00\x00\x00\x00\x00\x00\x00'
West,b'A$\x00\x00\x00\x00\x00\x00',b'\x05\x00\x00\x00\x00\x00\x00\x00'
South,b'}\x19\x00\x00\x00\x00\x00\x00',b'\x05\x00\x00\x00\x00\x00\x00\x00'
West,b'-\x1c\x00\x00\x00\x00\x00\x00',b'\x05\x00\x00\x00\x00\x00\x00\x00'
Central,b'\x00)\x00\x00\x00\x00\x00\x00',b'\x05\x00\x00\x00\x00\x00\x00\x00'
Central,b'\x0b\x00\x00\x00\x00\x00\x00\x00',b'\x05\x00\x00\x00\x00\x00\x00\x00'
Central,b'! \x00\x00\x00\x00\x00\x00',b'\x05\x00\x00\x00\x00\x00\x00\x00'
Central,b'&&\x00\x00\x00\x00\x00\x00',b'\x05\x00\x00\x00\x00\x00\x00\x00'
Central,"b""\x12'\x00\x00\x00\x00\x00\x00""",b'\x05\x00\x00\x00\x00\x00\x00\x00'
East,b'\xbb\x02\x00\x00\x00\x00\x00\x00',b'\x05\x00\x00\x00\x00\x00\x00\x00'
Central,b'\x01(\x00\x00\x00\x00\x00\x00',b'\x05\x00\x00\x00\x00\x00\x00\x00'
East,b'{\x00\x00\x00\x00\x00\x00\x00',b'\x05\x00\x00\x00\x00\x00\x00\x00'
Central,b'\x02)\x00\x00\x00\x00\x00\x00',b'\x05\x00\x00\x00\x00\x00\x00\x00'
South,b'\x8d&\x00\x00\x00\x00\x00\x00',b'\x05\x00\x00\x00\x00\x00\x00\x00'
East,b'\x85\x0e\x00\x00\x00\x00\x00\x00',b'\x05\x00\x00\x00\x00\x00\x00\x00'
East,b'\x86\x0c\x00\x00\x00\x00\x00\x00',b'\x05\x00\x00\x00\x00\x00\x00\x00'
East,b'\xa3\x19\x00\x00\x00\x00\x00\x00',b'\x05\x00\x00\x00\x00\x00\x00\x00'
East,b'\x8f\x01\x00\x00\x00\x00\x00\x00',b'\x05\x00\x00\x00\x00\x00\x00\x00'
Central,b'#\x03\x00\x00\x00\x00\x00\x00',b'\x05\x00\x00\x00\x00\x00\x00\x00'
East,b'\xa3\x14\x00\x00\x00\x00\x00\x00',b'\x05\x00\x00\x00\x00\x00\x00\x00'
West,"b""\xee'\x00\x00\x00\x00\x00\x00""",b'\x05\x00\x00\x00\x00\x00\x00\x00'
South,b'\x83\x07\x00\x00\x00\x00\x00\x00',b'\x05\x00\x00\x00\x00\x00\x00\x00'
Central,b'\x0c\x04\x00\x00\x00\x00\x00\x00',b'\x05\x00\x00\x00\x00\x00\x00\x00'
South,"b'\x8f""\x00\x00\x00\x00\x00\x00'",b'\x05\x00\x00\x00\x00\x00\x00\x00'
Central,b'\x0c\x02\x00\x00\x00\x00\x00\x00',b'\x05\x00\x00\x00\x00\x00\x00\x00'
East,b'\xa3\x04\x00\x00\x00\x00\x00\x00',b'\x05\x00\x00\x00\x00\x00\x00\x00'
East,b'\xb6\x00\x00\x00\x00\x00\x00\x00',b'\x05\x00\x00\x00\x00\x00\x00\x00'
West,b'D\x1d\x00\x00\x00\x00\x00\x00',b'\x05\x00\x00\x00\x00\x00\x00\x00'
East,b'\xa2\x08\x00\x00\x00\x00\x00\x00',b'\x05\x00\x00\x00\x00\x00\x00\x00'
West,b'\xfe\x1a\x00\x00\x00\x00\x00\x00',b'\x05\x00\x00\x00\x00\x00\x00\x00'
Central,b'\x15\t\x00\x00\x00\x00\x00\x00',b'\x05\x00\x00\x00\x00\x00\x00\x00'
East,"b""\xa4'\x00\x00\x00\x00\x00\x00""",b'\x05\x00\x00\x00\x00\x00\x00\x00'
East,b'\xba\x01\x00\x00\x00\x00\x00\x00',b'\x05\x00\x00\x00\x00\x00\x00\x00'
East,b'\x9c\t\x00\x00\x00\x00\x00\x00',b'\x05\x00\x00\x00\x00\x00\x00\x00'
Central,"b""*'\x00\x00\x00\x00\x00\x00""",b'\x05\x00\x00\x00\x00\x00\x00\x00'
South,b'\x82\x0c\x00\x00\x00\x00\x00\x00',b'\x05\x00\x00\x00\x00\x00\x00\x00'
East,b'\x81\x1b\x00\x00\x00\x00\x00\x00',b'\x05\x00\x00\x00\x00\x00\x00\x00'
West,b'1\x1f\x00\x00\x00\x00\x00\x00',b'\x05\x00\x00\x00\x00\x00\x00\x00'
South,b'}#\x00\x00\x00\x00\x00\x00',b'\x05\x00\x00\x00\x00\x00\x00\x00'
Central,"b""'\x0c\x00\x00\x00\x00\x00\x00""",b'\x05\x00\x00\x00\x00\x00\x00\x00'
West,b'6\x14\x00\x00\x00\x00\x00\x00',b'\x05\x00\x00\x00\x00\x00\x00\x00'
West,"b',%\x00\x00\x00\x00\x00\x00'",b'\x05\x00\x00\x00\x00\x00\x00\x00'
South,b'z\r\x00\x00\x00\x00\x00\x00',b'\x05\x00\x00\x00\x00\x00\x00\x00'
Central,b'\x02\x1a\x00\x00\x00\x00\x00\x00',b'\x05\x00\x00\x00\x00\x00\x00\x00'
South,b'\xa7\x0e\x00\x00\x00\x00\x00\x00',b'\x05\x00\x00\x00\x00\x00\x00\x00'
Central,b'\x10%\x00\x00\x00\x00\x00\x00',b'\x05\x00\x00\x00\x00\x00\x00\x00'
South,b'}&\x00\x00\x00\x00\x00\x00',b'\x05\x00\x00\x00\x00\x00\x00\x00'
East,b'\x7f\x14\x00\x00\x00\x00\x00\x00',b'\x05\x00\x00\x00\x00\x00\x00\x00'
East,"b'\x9b""\x00\x00\x00\x00\x00\x00'",b'\x05\x00\x00\x00\x00\x00\x00\x00'
Central,"b""\x03'\x00\x00\x00\x00\x00\x00""",b'\x05\x00\x00\x00\x00\x00\x00\x00'
East,b'\xab\x0c\x00\x00\x00\x00\x00\x00',b'\x05\x00\x00\x00\x00\x00\x00\x00'
Central,b'\xdb(\x00\x00\x00\x00\x00\x00',b'\x05\x00\x00\x00\x00\x00\x00\x00'
East,b'\xbb\x07\x00\x00\x00\x00\x00\x00',b'\x05\x00\x00\x00\x00\x00\x00\x00'
South,b'.#\x00\x00\x00\x00\x00\x00',b'\x05\x00\x00\x00\x00\x00\x00\x00'
South,b'-\x1c\x00\x00\x00\x00\x00\x00',b'\x05\x00\x00\x00\x00\x00\x00\x00'
South,b'-!\x00\x00\x00\x00\x00\x00',b'\x05\x00\x00\x00\x00\x00\x00\x00'
South,b'\xde \x00\x00\x00\x00\x00\x00',b'\x05\x00\x00\x00\x00\x00\x00\x00'
West,"b""\xb9'\x00\x00\x00\x00\x00\x00""",b'\x05\x00\x00\x00\x00\x00\x00\x00'
East,b'\xe7(\x00\x00\x00\x00\x00\x00',b'\x05\x00\x00\x00\x00\x00\x00\x00'
Central,b'\xa3\x14\x00\x00\x00\x00\x00\x00',b'\x05\x00\x00\x00\x00\x00\x00\x00'
West,b'\x0c\x04\x00\x00\x00\x00\x00\x00',b'\x05\x00\x00\x00\x00\x00\x00\x00'
South,b'5\x03\x00\x00\x00\x00\x00\x00',b'\x05\x00\x00\x00\x00\x00\x00\x00'
Central,b'\xa0!\x00\x00\x00\x00\x00\x00',b'\x05\x00\x00\x00\x00\x00\x00\x00'
South,b'1\x00\x00\x00\x00\x00\x00\x00',b'\x05\x00\x00\x00\x00\x00\x00\x00'
West,b'\xbb\x08\x00\x00\x00\x00\x00\x00',b'\x05\x00\x00\x00\x00\x00\x00\x00'
South,b'1\x1d\x00\x00\x00\x00\x00\x00',b'\x05\x00\x00\x00\x00\x00\x00\x00'
East,b'\xe6\x12\x00\x00\x00\x00\x00\x00',b'\x05\x00\x00\x00\x00\x00\x00\x00'
West,b'\xbb\x15\x00\x00\x00\x00\x00\x00',b'\x05\x00\x00\x00\x00\x00\x00\x00'
West,b'}\x19\x00\x00\x00\x00\x00\x00',b'\x05\x00\x00\x00\x00\x00\x00\x00'
South,b'\xdf\x11\x00\x00\x00\x00\x00\x00',b'\x05\x00\x00\x00\x00\x00\x00\x00'
Central,b'\xa7\x0e\x00\x00\x00\x00\x00\x00',b'\x05\x00\x00\x00\x00\x00\x00\x00'
Central,b'\xa7\x17\x00\x00\x00\x00\x00\x00',b'\x05\x00\x00\x00\x00\x00\x00\x00'
Central,"b'\xa9""\x00\x00\x00\x00\x00\x00'",b'\x05\x00\x00\x00\x00\x00\x00\x00'
Central,b'\xab\x04\x00\x00\x00\x00\x00\x00',b'\x05\x00\x00\x00\x00\x00\x00\x00'
South,b'\xdf\x14\x00\x00\x00\x00\x00\x00',b'\x05\x00\x00\x00\x00\x00\x00\x00'
South,b'&\x1f\x00\x00\x00\x00\x00\x00',b'\x05\x00\x00\x00\x00\x00\x00\x00'
Central,b'\xb2 \x00\x00\x00\x00\x00\x00',b'\x05\x00\x00\x00\x00\x00\x00\x00'
South,b'$\x16\x00\x00\x00\x00\x00\x00',b'\x05\x00\x00\x00\x00\x00\x00\x00'
South,b'\xe3\r\x00\x00\x00\x00\x00\x00',b'\x05\x00\x00\x00\x00\x00\x00\x00'
West,b'\t\r\x00\x00\x00\x00\x00\x00',b'\x05\x00\x00\x00\x00\x00\x00\x00'
Central,b'\xb7\x10\x00\x00\x00\x00\x00\x00',b'\x05\x00\x00\x00\x00\x00\x00\x00'
Central,b'\xff\x1a\x00\x00\x00\x00\x00\x00',b'\x05\x00\x00\x00\x00\x00\x00\x00'
East,b'\xef\x0c\x00\x00\x00\x00\x00\x00',b'\x05\x00\x00\x00\x00\x00\x00\x00'
Central,b'\xb7\x14\x00\x00\x00\x00\x00\x00',b'\x05\x00\x00\x00\x00\x00\x00\x00'
Central,"b""\xb7'\x00\x00\x00\x00\x00\x00""",b'\x05\x00\x00\x00\x00\x00\x00\x00'
West,b'z$\x00\x00\x00\x00\x00\x00',b'\x05\x00\x00\x00\x00\x00\x00\x00'
South,"b""5'\x00\x00\x00\x00\x00\x00""",b'\x05\x00\x00\x00\x00\x00\x00\x00'
West,"b'\x12""\x00\x00\x00\x00\x00\x00'",b'\x05\x00\x00\x00\x00\x00\x00\x00'
South,b'E\x1c\x00\x00\x00\x00\x00\x00',b'\x05\x00\x00\x00\x00\x00\x00\x00'
South,b'B\x16\x00\x00\x00\x00\x00\x00',b'\x05\x00\x00\x00\x00\x00\x00\x00'
South,b'B$\x00\x00\x00\x00\x00\x00',b'\x05\x00\x00\x00\x00\x00\x00\x00'
South,"b'\xd4""\x00\x00\x00\x00\x00\x00'",b'\x05\x00\x00\x00\x00\x00\x00\x00'
Central,b'\x85#\x00\x00\x00\x00\x00\x00',b'\x05\x00\x00\x00\x00\x00\x00\x00'
South,b'E\x04\x00\x00\x00\x00\x00\x00',b'\x05\x00\x00\x00\x00\x00\x00\x00'
East,b'&\x16\x00\x00\x00\x00\x00\x00',b'\x05\x00\x00\x00\x00\x00\x00\x00'
Central,b'\x83!\x00\x00\x00\x00\x00\x00',b'\x05\x00\x00\x00\x00\x00\x00\x00'
Central,b'\x99\x05\x00\x00\x00\x00\x00\x00',b'\x05\x00\x00\x00\x00\x00\x00\x00'
West,b's\x03\x00\x00\x00\x00\x00\x00',b'\x05\x00\x00\x00\x00\x00\x00\x00'
Central,b'\x83\x07\x00\x00\x00\x00\x00\x00',b'\x05\x00\x00\x00\x00\x00\x00\x00'
Central,b'\x82\x17\x00\x00\x00\x00\x00\x00',b'\x05\x00\x00\x00\x00\x00\x00\x00'
East,b'u\x02\x00\x00\x00\x00\x00\x00',b'\x05\x00\x00\x00\x00\x00\x00\x00'
South,b'F \x00\x00\x00\x00\x00\x00',b'\x05\x00\x00\x00\x00\x00\x00\x00'
South,b'G\x08\x00\x00\x00\x00\x00\x00',b'\x05\x00\x00\x00\x00\x00\x00\x00'
Central,b'\x88\x1b\x00\x00\x00\x00\x00\x00',b'\x05\x00\x00\x00\x00\x00\x00\x00'
West,"b'\xc8""\x00\x00\x00\x00\x00\x00'",b'\x05\x00\x00\x00\x00\x00\x00\x00'
West,"b't""\x00\x00\x00\x00\x00\x00'",b'\x05\x00\x00\x00\x00\x00\x00\x00'
East,b' \x1e\x00\x00\x00\x00\x00\x00',b'\x05\x00\x00\x00\x00\x00\x00\x00'
South,b'\xd6\x17\x00\x00\x00\x00\x00\x00',b'\x05\x00\x00\x00\x00\x00\x00\x00'
Central,b'\x8c\x0e\x00\x00\x00\x00\x00\x00',b'\x05\x00\x00\x00\x00\x00\x00\x00'
Central,b'\x8d&\x00\x00\x00\x00\x00\x00',b'\x05\x00\x00\x00\x00\x00\x00\x00'
West,b'u!\x00\x00\x00\x00\x00\x00',b'\x05\x00\x00\x00\x00\x00\x00\x00'
South,b'?\x0f\x00\x00\x00\x00\x00\x00',b'\x05\x00\x00\x00\x00\x00\x00\x00'
West,b'v&\x00\x00\x00\x00\x00\x00',b'\x05\x00\x00\x00\x00\x00\x00\x00'
East,b'\xe3\x18\x00\x00\x00\x00\x00\x00',b'\x05\x00\x00\x00\x00\x00\x00\x00'
Central,b'\x93\x13\x00\x00\x00\x00\x00\x00',b'\x05\x00\x00\x00\x00\x00\x00\x00'
South,b':\x1a\x00\x00\x00\x00\x00\x00',b'\x05\x00\x00\x00\x00\x00\x00\x00'
West,b'\xc0\x05\x00\x00\x00\x00\x00\x00',b'\x05\x00\x00\x00\x00\x00\x00\x00'
East,b'\x15\x15\x00\x00\x00\x00\x00\x00',b'\x05\x00\x00\x00\x00\x00\x00\x00'
East,b'\x15\t\x00\x00\x00\x00\x00\x00',b'\x05\x00\x00\x00\x00\x00\x00\x00'
West,"b""\xbc'\x00\x00\x00\x00\x00\x00""",b'\x05\x00\x00\x00\x00\x00\x00\x00'
Central,b'\xfe\x1c\x00\x00\x00\x00\x00\x00',b'\x05\x00\x00\x00\x00\x00\x00\x00'
Central,b'\xb8&\x00\x00\x00\x00\x00\x00',b'\x05\x00\x00\x00\x00\x00\x00\x00'
West,b'\x07#\x00\x00\x00\x00\x00\x00',b'\x05\x00\x00\x00\x00\x00\x00\x00'
South,b'\n\r\x00\x00\x00\x00\x00\x00',b'\x05\x00\x00\x00\x00\x00\x00\x00'
Central,b'\xe1&\x00\x00\x00\x00\x00\x00',b'\x05\x00\x00\x00\x00\x00\x00\x00'
Central,b'\xe2\x03\x00\x00\x00\x00\x00\x00',b'\x05\x00\x00\x00\x00\x00\x00\x00'
South,b'\xfe\x11\x00\x00\x00\x00\x00\x00',b'\x05\x00\x00\x00\x00\x00\x00\x00'
West,b'\x9b)\x00\x00\x00\x00\x00\x00',b'\x05\x00\x00\x00\x00\x00\x00\x00'
Central,b'\xd3#\x00\x00\x00\x00\x00\x00',b'\x05\x00\x00\x00\x00\x00\x00\x00'
Central,b'\xd3\x00\x00\x00\x00\x00\x00\x00',b'\x05\x00\x00\x00\x00\x00\x00\x00'
Central,b'\xd1\x02\x00\x00\x00\x00\x00\x00',b'\x05\x00\x00\x00\x00\x00\x00\x00'
South,b' \x00\x00\x00\x00\x00\x00\x00',b'\x05\x00\x00\x00\x00\x00\x00\x00'
Central,b'\xe6\x04\x00\x00\x00\x00\x00\x00',b'\x05\x00\x00\x00\x00\x00\x00\x00'
Central,b'\xd0!\x00\x00\x00\x00\x00\x00',b'\x05\x00\x00\x00\x00\x00\x00\x00'
Central,b'\xcf \x00\x00\x00\x00\x00\x00',b'\x05\x00\x00\x00\x00\x00\x00\x00'
West,b'\x8d\x00\x00\x00\x00\x00\x00\x00',b'\x05\x00\x00\x00\x00\x00\x00\x00'
Central,b'\xcf\x1a\x00\x00\x00\x00\x00\x00',b'\x05\x00\x00\x00\x00\x00\x00\x00'
East,b'\xf8\x18\x00\x00\x00\x00\x00\x00',b'\x05\x00\x00\x00\x00\x00\x00\x00'
South,b'\x07\x03\x00\x00\x00\x00\x00\x00',b'\x05\x00\x00\x00\x00\x00\x00\x00'
South,b'\x04\x17\x00\x00\x00\x00\x00\x00',b'\x05\x00\x00\x00\x00\x00\x00\x00'
South,"b""\xfd'\x00\x00\x00\x00\x00\x00""",b'\x05\x00\x00\x00\x00\x00\x00\x00'
Central,b'\xe0\x07\x00\x00\x00\x00\x00\x00',b'\x05\x00\x00\x00\x00\x00\x00\x00'
East,"b""\xfe'\x00\x00\x00\x00\x00\x00""",b'\x05\x00\x00\x00\x00\x00\x00\x00'
East,b'\xff\x02\x00\x00\x00\x00\x00\x00',b'\x05\x00\x00\x00\x00\x00\x00\x00'
South,b'\xfd\x10\x00\x00\x00\x00\x00\x00',b'\x05\x00\x00\x00\x00\x00\x00\x00'
East,b'\xff\x1f\x00\x00\x00\x00\x00\x00',b'\x05\x00\x00\x00\x00\x00\x00\x00'
Central,b'\xd8\x1c\x00\x00\x00\x00\x00\x00',b'\x05\x00\x00\x00\x00\x00\x00\x00'
West,b'\x94\x1f\x00\x00\x00\x00\x00\x00',b'\x05\x00\x00\x00\x00\x00\x00\x00'
South,b'\xfc\x11\x00\x00\x00\x00\x00\x00',b'\x05\x00\x00\x00\x00\x00\x00\x00'
South,b'\x03\x18\x00\x00\x00\x00\x00\x00',b'\x05\x00\x00\x00\x00\x00\x00\x00'
Central,b'\xdd\x1d\x00\x00\x00\x00\x00\x00',b'\x05\x00\x00\x00\x00\x00\x00\x00'
West,b'\x96)\x00\x00\x00\x00\x00\x00',b'\x05\x00\x00\x00\x00\x00\x00\x00'
South,b'\x02$\x00\x00\x00\x00\x00\x00',b'\x05\x00\x00\x00\x00\x00\x00\x00'
Central,b'\xdd\n\x00\x00\x00\x00\x00\x00',b'\x05\x00\x00\x00\x00\x00\x00\x00'
South,b'\x01!\x00\x00\x00\x00\x00\x00',b'\x05\x00\x00\x00\x00\x00\x00\x00'
Central,b'\xce\x13\x00\x00\x00\x00\x00\x00',b'\x05\x00\x00\x00\x00\x00\x00\x00'
South,b'\r\x13\x00\x00\x00\x00\x00\x00',b'\x05\x00\x00\x00\x00\x00\x00\x00'
South,b'\xf3\x0f\x00\x00\x00\x00\x00\x00',b'\x05\x00\x00\x00\x00\x00\x00\x00'
Central,b'\xf4\x06\x00\x00\x00\x00\x00\x00',b'\x05\x00\x00\x00\x00\x00\x00\x00'
East,b'\xf1\t\x00\x00\x00\x00\x00\x00',b'\x05\x00\x00\x00\x00\x00\x00\x00'
South,b'\x1f\x1f\x00\x00\x00\x00\x00\x00',b'\x05\x00\x00\x00\x00\x00\x00\x00'
West,b'\x06\x1c\x00\x00\x00\x00\x00\x00',b'\x05\x00\x00\x00\x00\x00\x00\x00'
Central,b'\xfa!\x00\x00\x00\x00\x00\x00',b'\x05\x00\x00\x00\x00\x00\x00\x00'
Central,b'\xf9\x0e\x00\x00\x00\x00\x00\x00',b'\x05\x00\x00\x00\x00\x00\x00\x00'
East,b'\xf2\x06\x00\x00\x00\x00\x00\x00',b'\x05\x00\x00\x00\x00\x00\x00\x00'
Central,b'\xf7\x0f\x00\x00\x00\x00\x00\x00',b'\x05\x00\x00\x00\x00\x00\x00\x00'
Central,b'\xbc$\x00\x00\x00\x00\x00\x00',b'\x05\x00\x00\x00\x00\x00\x00\x00'
Central,b'\xf6\x08\x00\x00\x00\x00\x00\x00',b'\x05\x00\x00\x00\x00\x00\x00\x00'
West,b'\x84\x15\x00\x00\x00\x00\x00\x00',b'\x05\x00\x00\x00\x00\x00\x00\x00'
West,b'\xa9)\x00\x00\x00\x00\x00\x00',b'\x05\x00\x00\x00\x00\x00\x00\x00'
Central,b'\xf5\x0f\x00\x00\x00\x00\x00\x00',b'\x05\x00\x00\x00\x00\x00\x00\x00'
West,b'\xa9\x1e\x00\x00\x00\x00\x00\x00',b'\x05\x00\x00\x00\x00\x00\x00\x00'
South,b'\xed&\x00\x00\x00\x00\x00\x00',b'\x05\x00\x00\x00\x00\x00\x00\x00'
South,b'\xee\x1a\x00\x00\x00\x00\x00\x00',b'\x05\x00\x00\x00\x00\x00\x00\x00'
West,b'\xa1\x05\x00\x00\x00\x00\x00\x00',b'\x05\x00\x00\x00\x00\x00\x00\x00'
Central,"b'\xc2""\x00\x00\x00\x00\x00\x00'",b'\x05\x00\x00\x00\x00\x00\x00\x00'
Central,b'\xf2\x11\x00\x00\x00\x00\x00\x00',b'\x05\x00\x00\x00\x00\x00\x00\x00'
West,b'\xa7\x06\x00\x00\x00\x00\x00\x00',b'\x05\x00\x00\x00\x00\x00\x00\x00'
Central,b'\xf1\r\x00\x00\x00\x00\x00\x00',b'\x05\x00\x00\x00\x00\x00\x00\x00'
West,b'\x88\t\x00\x00\x00\x00\x00\x00',b'\x05\x00\x00\x00\x00\x00\x00\x00'
West,b'\x88&\x00\x00\x00\x00\x00\x00',b'\x05\x00\x00\x00\x00\x00\x00\x00'
South,b'\xf1\x1e\x00\x00\x00\x00\x00\x00',b'\x05\x00\x00\x00\x00\x00\x00\x00'
Central,b'\xc5\x1a\x00\x00\x00\x00\x00\x00',b'\x05\x00\x00\x00\x00\x00\x00\x00'
Central,b'\xc6\x00\x00\x00\x00\x00\x00\x00',b'\x05\x00\x00\x00\x00\x00\x00\x00'
South,b'\x10\x16\x00\x00\x00\x00\x00\x00',b'\x05\x00\x00\x00\x00\x00\x00\x00'
Central,b'\xee\x05\x00\x00\x00\x00\x00\x00',b'\x05\x00\x00\x00\x00\x00\x00\x00'
East,b'\xf7\x06\x00\x00\x00\x00\x00\x00',b'\x05\x00\x00\x00\x00\x00\x00\x00'
South,b'\x0f\x10\x00\x00\x00\x00\x00\x00',b'\x05\x00\x00\x00\x00\x00\x00\x00'
East,b'\xf7\x07\x00\x00\x00\x00\x00\x00',b'\x05\x00\x00\x00\x00\x00\x00\x00'
West,b'q&\x00\x00\x00\x00\x00\x00',b'\x05\x00\x00\x00\x00\x00\x00\x00'
West,"b""q'\x00\x00\x00\x00\x00\x00""",b'\x05\x00\x00\x00\x00\x00\x00\x00'
Central,b'\x80\x02\x00\x00\x00\x00\x00\x00',b'\x05\x00\x00\x00\x00\x00\x00\x00'
West,b'Z\x12\x00\x00\x00\x00\x00\x00',b'\x05\x00\x00\x00\x00\x00\x00\x00'
West,b'!\x05\x00\x00\x00\x00\x00\x00',b'\x05\x00\x00\x00\x00\x00\x00\x00'
Central,b'R\x1e\x00\x00\x00\x00\x00\x00',b'\x05\x00\x00\x00\x00\x00\x00\x00'
Central,b'R\x19\x00\x00\x00\x00\x00\x00',b'\x05\x00\x00\x00\x00\x00\x00\x00'
Central,b'R\x18\x00\x00\x00\x00\x00\x00',b'\x05\x00\x00\x00\x00\x00\x00\x00'
Central,b'P\x1e\x00\x00\x00\x00\x00\x00',b'\x05\x00\x00\x00\x00\x00\x00\x00'
West,b'Z&\x00\x00\x00\x00\x00\x00',b'\x05\x00\x00\x00\x00\x00\x00\x00'
West,b'\xdd\x19\x00\x00\x00\x00\x00\x00',b'\x05\x00\x00\x00\x00\x00\x00\x00'
East,b'^(\x00\x00\x00\x00\x00\x00',b'\x05\x00\x00\x00\x00\x00\x00\x00'
West,b'\xde\x08\x00\x00\x00\x00\x00\x00',b'\x05\x00\x00\x00\x00\x00\x00\x00'
South,b'g\x1f\x00\x00\x00\x00\x00\x00',b'\x05\x00\x00\x00\x00\x00\x00\x00'
East,b'Y\x17\x00\x00\x00\x00\x00\x00',b'\x05\x00\x00\x00\x00\x00\x00\x00'
East,b'Y\x1e\x00\x00\x00\x00\x00\x00',b'\x05\x00\x00\x00\x00\x00\x00\x00'
South,b'\xbb\x02\x00\x00\x00\x00\x00\x00',b'\x05\x00\x00\x00\x00\x00\x00\x00'
East,b'\xc3\x13\x00\x00\x00\x00\x00\x00',b'\x05\x00\x00\x00\x00\x00\x00\x00'
West,b'\\$\x00\x00\x00\x00\x00\x00',b'\x05\x00\x00\x00\x00\x00\x00\x00'
Central,b'U(\x00\x00\x00\x00\x00\x00',b'\x05\x00\x00\x00\x00\x00\x00\x00'
South,"b""\xbf'\x00\x00\x00\x00\x00\x00""",b'\x05\x00\x00\x00\x00\x00\x00\x00'
South,b'] \x00\x00\x00\x00\x00\x00',b'\x05\x00\x00\x00\x00\x00\x00\x00'
Central,b'W\x02\x00\x00\x00\x00\x00\x00',b'\x05\x00\x00\x00\x00\x00\x00\x00'
East,b'P\x1d\x00\x00\x00\x00\x00\x00',b'\x05\x00\x00\x00\x00\x00\x00\x00'
East,b'O&\x00\x00\x00\x00\x00\x00',b'\x05\x00\x00\x00\x00\x00\x00\x00'
West,b'^&\x00\x00\x00\x00\x00\x00',b'\x05\x00\x00\x00\x00\x00\x00\x00'
West,b'\x1f\x1f\x00\x00\x00\x00\x00\x00',b'\x05\x00\x00\x00\x00\x00\x00\x00'
East,b'\xcb\x18\x00\x00\x00\x00\x00\x00',b'\x05\x00\x00\x00\x00\x00\x00\x00'
East,b'K)\x00\x00\x00\x00\x00\x00',b'\x05\x00\x00\x00\x00\x00\x00\x00'
East,b'\xcd\x11\x00\x00\x00\x00\x00\x00',b'\x05\x00\x00\x00\x00\x00\x00\x00'
Central,b'Z\r\x00\x00\x00\x00\x00\x00',b'\x05\x00\x00\x00\x00\x00\x00\x00'
South,b'Z\x02\x00\x00\x00\x00\x00\x00',b'\x05\x00\x00\x00\x00\x00\x00\x00'
South,b'G&\x00\x00\x00\x00\x00\x00',b'\x05\x00\x00\x00\x00\x00\x00\x00'
West,b'\x1d\x10\x00\x00\x00\x00\x00\x00',b'\x05\x00\x00\x00\x00\x00\x00\x00'
Central,"b""\\'\x00\x00\x00\x00\x00\x00""",b'\x05\x00\x00\x00\x00\x00\x00\x00'
South,b'\xba\x00\x00\x00\x00\x00\x00\x00',b'\x05\x00\x00\x00\x00\x00\x00\x00'
South,b'k(\x00\x00\x00\x00\x00\x00',b'\x05\x00\x00\x00\x00\x00\x00\x00'
West,b'c\x02\x00\x00\x00\x00\x00\x00',b'\x05\x00\x00\x00\x00\x00\x00\x00'
South,b't\x0b\x00\x00\x00\x00\x00\x00',b'\x05\x00\x00\x00\x00\x00\x00\x00'
Central,b'9\x0c\x00\x00\x00\x00\x00\x00',b'\x05\x00\x00\x00\x00\x00\x00\x00'
East,b'l(\x00\x00\x00\x00\x00\x00',b'\x05\x00\x00\x00\x00\x00\x00\x00'
West,b'\xe8\x18\x00\x00\x00\x00\x00\x00',b'\x05\x00\x00\x00\x00\x00\x00\x00'
West,b'\xe8$\x00\x00\x00\x00\x00\x00',b'\x05\x00\x00\x00\x00\x00\x00\x00'
South,b'\xb5\x0c\x00\x00\x00\x00\x00\x00',b'\x05\x00\x00\x00\x00\x00\x00\x00'
West,b'Q)\x00\x00\x00\x00\x00\x00',b'\x05\x00\x00\x00\x00\x00\x00\x00'
East,b'p\x19\x00\x00\x00\x00\x00\x00',b'\x05\x00\x00\x00\x00\x00\x00\x00'
South,b'l\x11\x00\x00\x00\x00\x00\x00',b'\x05\x00\x00\x00\x00\x00\x00\x00'
Central,b'2#\x00\x00\x00\x00\x00\x00',b'\x05\x00\x00\x00\x00\x00\x00\x00'
South,b'\xae\x07\x00\x00\x00\x00\x00\x00',b'\x05\x00\x00\x00\x00\x00\x00\x00'
East,b's \x00\x00\x00\x00\x00\x00',b'\x05\x00\x00\x00\x00\x00\x00\x00'
West,b'O\x19\x00\x00\x00\x00\x00\x00',b'\x05\x00\x00\x00\x00\x00\x00\x00'
Central,b'/\x1a\x00\x00\x00\x00\x00\x00',b'\x05\x00\x00\x00\x00\x00\x00\x00'
West,b'O\x18\x00\x00\x00\x00\x00\x00',b'\x05\x00\x00\x00\x00\x00\x00\x00'
South,b'\xb5\x19\x00\x00\x00\x00\x00\x00',b'\x05\x00\x00\x00\x00\x00\x00\x00'
East,"b'\xbf""\x00\x00\x00\x00\x00\x00'",b'\x05\x00\x00\x00\x00\x00\x00\x00'
Central,"b""<'\x00\x00\x00\x00\x00\x00""",b'\x05\x00\x00\x00\x00\x00\x00\x00'
West,b'$#\x00\x00\x00\x00\x00\x00',b'\x05\x00\x00\x00\x00\x00\x00\x00'
West,b'T\x0f\x00\x00\x00\x00\x00\x00',b'\x05\x00\x00\x00\x00\x00\x00\x00'
South,b'n\x0e\x00\x00\x00\x00\x00\x00',b'\x05\x00\x00\x00\x00\x00\x00\x00'
West,b'T\x1f\x00\x00\x00\x00\x00\x00',b'\x05\x00\x00\x00\x00\x00\x00\x00'
West,"b'\xe4""\x00\x00\x00\x00\x00\x00'",b'\x05\x00\x00\x00\x00\x00\x00\x00'
West,b'T%\x00\x00\x00\x00\x00\x00',b'\x05\x00\x00\x00\x00\x00\x00\x00'
Central,b'A\x1f\x00\x00\x00\x00\x00\x00',b'\x05\x00\x00\x00\x00\x00\x00\x00'
West,b'\xe3%\x00\x00\x00\x00\x00\x00',b'\x05\x00\x00\x00\x00\x00\x00\x00'
Central,b'B \x00\x00\x00\x00\x00\x00',b'\x05\x00\x00\x00\x00\x00\x00\x00'
West,b'U\r\x00\x00\x00\x00\x00\x00',b'\x05\x00\x00\x00\x00\x00\x00\x00'
East,b'\xc2\r\x00\x00\x00\x00\x00\x00',b'\x05\x00\x00\x00\x00\x00\x00\x00'
West,b'U\x18\x00\x00\x00\x00\x00\x00',b'\x05\x00\x00\x00\x00\x00\x00\x00'
West,b'\xe1!\x00\x00\x00\x00\x00\x00',b'\x05\x00\x00\x00\x00\x00\x00\x00'
West,b'V\n\x00\x00\x00\x00\x00\x00',b'\x05\x00\x00\x00\x00\x00\x00\x00'
South,b'Y\x17\x00\x00\x00\x00\x00\x00',b'\x05\x00\x00\x00\x00\x00\x00\x00'
South,b'\xfb\x06\x00\x00\x00\x00\x00\x00',b'\x05\x00\x00\x00\x00\x00\x00\x00'
East,"b""H'\x00\x00\x00\x00\x00\x00""",b'\x05\x00\x00\x00\x00\x00\x00\x00'
West,b'\xce(\x00\x00\x00\x00\x00\x00',b'\x05\x00\x00\x00\x00\x00\x00\x00'
Central,b'n\x0e\x00\x00\x00\x00\x00\x00',b'\x05\x00\x00\x00\x00\x00\x00\x00'
Central,b'o\x03\x00\x00\x00\x00\x00\x00',b'\x05\x00\x00\x00\x00\x00\x00\x00'
South,b'O\x19\x00\x00\x00\x00\x00\x00',b'\x05\x00\x00\x00\x00\x00\x00\x00'
East,b'\xdb\x0b\x00\x00\x00\x00\x00\x00',b'\x05\x00\x00\x00\x00\x00\x00\x00'
Central,b'q&\x00\x00\x00\x00\x00\x00',b'\x05\x00\x00\x00\x00\x00\x00\x00'
West,b'l\x05\x00\x00\x00\x00\x00\x00',b'\x05\x00\x00\x00\x00\x00\x00\x00'
South,b'I\x01\x00\x00\x00\x00\x00\x00',b'\x05\x00\x00\x00\x00\x00\x00\x00'
South,b'\xd0$\x00\x00\x00\x00\x00\x00',b'\x05\x00\x00\x00\x00\x00\x00\x00'
Central,b']\x1d\x00\x00\x00\x00\x00\x00',b'\x05\x00\x00\x00\x00\x00\x00\x00'
Central,b'q)\x00\x00\x00\x00\x00\x00',b'\x05\x00\x00\x00\x00\x00\x00\x00'
Central,"b""r'\x00\x00\x00\x00\x00\x00""",b'\x05\x00\x00\x00\x00\x00\x00\x00'
West,b'\xce\x17\x00\x00\x00\x00\x00\x00',b'\x05\x00\x00\x00\x00\x00\x00\x00'
Central,b's\x0c\x00\x00\x00\x00\x00\x00',b'\x05\x00\x00\x00\x00\x00\x00\x00'
East,"b""\xd7'\x00\x00\x00\x00\x00\x00""",b'\x05\x00\x00\x00\x00\x00\x00\x00'
East,b'\xda\x1d\x00\x00\x00\x00\x00\x00',b'\x05\x00\x00\x00\x00\x00\x00\x00'
Central,b'}\x0c\x00\x00\x00\x00\x00\x00',b'\x05\x00\x00\x00\x00\x00\x00\x00'
Central,b't\x00\x00\x00\x00\x00\x00\x00',b'\x05\x00\x00\x00\x00\x00\x00\x00'
West,b'm\x12\x00\x00\x00\x00\x00\x00',b'\x05\x00\x00\x00\x00\x00\x00\x00'
South,b'\xcb\r\x00\x00\x00\x00\x00\x00',b'\x05\x00\x00\x00\x00\x00\x00\x00'
West,b'\xd0\x11\x00\x00\x00\x00\x00\x00',b'\x05\x00\x00\x00\x00\x00\x00\x00'
East,b'4\x16\x00\x00\x00\x00\x00\x00',b'\x05\x00\x00\x00\x00\x00\x00\x00'
South,b'M \x00\x00\x00\x00\x00\x00',b'\x05\x00\x00\x00\x00\x00\x00\x00'
Central,b'w&\x00\x00\x00\x00\x00\x00',b'\x05\x00\x00\x00\x00\x00\x00\x00'
East,b'\xd9\x04\x00\x00\x00\x00\x00\x00',b'\x05\x00\x00\x00\x00\x00\x00\x00'
East,b'\xda\t\x00\x00\x00\x00\x00\x00',b'\x05\x00\x00\x00\x00\x00\x00\x00'
South,"b""O'\x00\x00\x00\x00\x00\x00""",b'\x05\x00\x00\x00\x00\x00\x00\x00'
South,b'J\t\x00\x00\x00\x00\x00\x00',b'\x05\x00\x00\x00\x00\x00\x00\x00'
South,b'Q\x1e\x00\x00\x00\x00\x00\x00',b'\x05\x00\x00\x00\x00\x00\x00\x00'
East,b'-&\x00\x00\x00\x00\x00\x00',b'\x05\x00\x00\x00\x00\x00\x00\x00'
Central,b']%\x00\x00\x00\x00\x00\x00',b'\x05\x00\x00\x00\x00\x00\x00\x00'
East,b'\xce#\x00\x00\x00\x00\x00\x00',b'\x05\x00\x00\x00\x00\x00\x00\x00'
East,b'G%\x00\x00\x00\x00\x00\x00',b'\x05\x00\x00\x00\x00\x00\x00\x00'
West,b'q\x0c\x00\x00\x00\x00\x00\x00',b'\x05\x00\x00\x00\x00\x00\x00\x00'
East,"b',\x16\x00\x00\x00\x00\x00\x00'",b'\x05\x00\x00\x00\x00\x00\x00\x00'
South,b'X\x0f\x00\x00\x00\x00\x00\x00',b'\x05\x00\x00\x00\x00\x00\x00\x00'
West,b'e\x16\x00\x00\x00\x00\x00\x00',b'\x05\x00\x00\x00\x00\x00\x00\x00'
West,b'f\x1f\x00\x00\x00\x00\x00\x00',b'\x05\x00\x00\x00\x00\x00\x00\x00'
South,b'\xc4\x04\x00\x00\x00\x00\x00\x00',b'\x05\x00\x00\x00\x00\x00\x00\x00'
West,b'\xcd(\x00\x00\x00\x00\x00\x00',b'\x05\x00\x00\x00\x00\x00\x00\x00'
East,b'\xd0\x1b\x00\x00\x00\x00\x00\x00',b'\x05\x00\x00\x00\x00\x00\x00\x00'
East,b'-)\x00\x00\x00\x00\x00\x00',b'\x05\x00\x00\x00\x00\x00\x00\x00'
South,b'\xc8&\x00\x00\x00\x00\x00\x00',b'\x05\x00\x00\x00\x00\x00\x00\x00'
Central,b'c \x00\x00\x00\x00\x00\x00',b'\x05\x00\x00\x00\x00\x00\x00\x00'
Central,b'c%\x00\x00\x00\x00\x00\x00',b'\x05\x00\x00\x00\x00\x00\x00\x00'
South,b'V\x12\x00\x00\x00\x00\x00\x00',b'\x05\x00\x00\x00\x00\x00\x00\x00'
West,b'\x96\x19\x00\x00\x00\x00\x00\x00',b'\x05\x00\x00\x00\x00\x00\x00\x00'
South,b'T%\x00\x00\x00\x00\x00\x00',b'\x05\x00\x00\x00\x00\x00\x00\x00'
South,"b'\xc5""\x00\x00\x00\x00\x00\x00'",b'\x05\x00\x00\x00\x00\x00\x00\x00'
East,b'\xd3\x0f\x00\x00\x00\x00\x00\x00',b'\x05\x00\x00\x00\x00\x00\x00\x00'
East,b'\xdb\x1d\x00\x00\x00\x00\x00\x00',b'\x05\x00\x00\x00\x00\x00\x00\x00'
East,b'\xd3\x1a\x00\x00\x00\x00\x00\x00',b'\x05\x00\x00\x00\x00\x00\x00\x00'
Central,b'j#\x00\x00\x00\x00\x00\x00',b'\x05\x00\x00\x00\x00\x00\x00\x00'
Central,b'j&\x00\x00\x00\x00\x00\x00',b'\x05\x00\x00\x00\x00\x00\x00\x00'
East,b'<\x04\x00\x00\x00\x00\x00\x00',b'\x04\x00\x00\x00\x00\x00\x00\x00\t\x00\x00\x00\x00\x00\x00\x00\x05\x00\x00\x00\x00\x00\x00\x00'
West,b'X\x03\x00\x00\x00\x00\x00\x00',b'\x04\x00\x00\x00\x00\x00\x00\x00\t\x00\x00\x00\x00\x00\x00\x00\x02\x00\x00\x00\x00\x00\x00\x00\x03\x00\x00\x00\x00\x00\x00\x00\x03\x00\x00\x00\x00\x00\x00\x00'
West,b'\xd9\x00\x00\x00\x00\x00\x00\x00',b'\x04\x00\x00\x00\x00\x00\x00\x00\t\x00\x00\x00\x00\x00\x00\x00\x02\x00\x00\x00\x00\x00\x00\x00\x03\x00\x00\x00\x00\x00\x00\x00\x03\x00\x00\x00\x00\x00\x00\x00'
East,b'O\x14\x00\x00\x00\x00\x00\x00',b'\x04\x00\x00\x00\x00\x00\x00\x00\t\x00\x00\x00\x00\x00\x00\x00\x02\x00\x00\x00\x00\x00\x00\x00'
East,b'2\n\x00\x00\x00\x00\x00\x00',b'\x04\x00\x00\x00\x00\x00\x00\x00\t\x00\x00\x00\x00\x00\x00\x00\x01\x00\x00\x00\x00\x00\x00\x00'
East,b'\x99\x13\x00\x00\x00\x00\x00\x00',b'\x04\x00\x00\x00\x00\x00\x00\x00\t\x00\x00\x00\x00\x00\x00\x00\x01\x00\x00\x00\x00\x00\x00\x00'
Central,b'L\x00\x00\x00\x00\x00\x00\x00',b'\x04\x00\x00\x00\x00\x00\x00\x00\x08\x00\x00\x00\x00\x00\x00\x00\x04\x00\x00\x00\x00\x00\x00\x00'
West,b'\xf2\t\x00\x00\x00\x00\x00\x00',b'\x04\x00\x00\x00\x00\x00\x00\x00\x08\x00\x00\x00\x00\x00\x00\x00\x03\x00\x00\x00\x00\x00\x00\x00'
East,b'7(\x00\x00\x00\x00\x00\x00',b'\x04\x00\x00\x00\x00\x00\x00\x00\x08\x00\x00\x00\x00\x00\x00\x00\x02\x00\x00\x00\x00\x00\x00\x00\x02\x00\x00\x00\x00\x00\x00\x00'
West,b'\xf3\x06\x00\x00\x00\x00\x00\x00',b'\x04\x00\x00\x00\x00\x00\x00\x00\x07\x00\x00\x00\x00\x00\x00\x00\x05\x00\x00\x00\x00\x00\x00\x00\x02\x00\x00\x00\x00\x00\x00\x00'
South,b'E$\x00\x00\x00\x00\x00\x00',b'\x04\x00\x00\x00\x00\x00\x00\x00\x07\x00\x00\x00\x00\x00\x00\x00\x05\x00\x00\x00\x00\x00\x00\x00\x01\x00\x00\x00\x00\x00\x00\x00'
West,b'\xdf \x00\x00\x00\x00\x00\x00',b'\x04\x00\x00\x00\x00\x00\x00\x00\x07\x00\x00\x00\x00\x00\x00\x00\x04\x00\x00\x00\x00\x00\x00\x00\x03\x00\x00\x00\x00\x00\x00\x00\x02\x00\x00\x00\x00\x00\x00\x00'
West,b't\x13\x00\x00\x00\x00\x00\x00',b'\x04\x00\x00\x00\x00\x00\x00\x00\x07\x00\x00\x00\x00\x00\x00\x00\x03\x00\x00\x00\x00\x00\x00\x00\x01\x00\x00\x00\x00\x00\x00\x00'
West,b'\x9a\x15\x00\x00\x00\x00\x00\x00',b'\x04\x00\x00\x00\x00\x00\x00\x00\x07\x00\x00\x00\x00\x00\x00\x00\x03\x00\x00\x00\x00\x00\x00\x00'
East,b'\x99#\x00\x00\x00\x00\x00\x00',b'\x04\x00\x00\x00\x00\x00\x00\x00\x07\x00\x00\x00\x00\x00\x00\x00\x02\x00\x00\x00\x00\x00\x00\x00\x03\x00\x00\x00\x00\x00\x00\x00'
West,b'\x15\x13\x00\x00\x00\x00\x00\x00',b'\x04\x00\x00\x00\x00\x00\x00\x00\x07\x00\x00\x00\x00\x00\x00\x00\x02\x00\x00\x00\x00\x00\x00\x00\x01\x00\x00\x00\x00\x00\x00\x00'
East,"b""\xaf'\x00\x00\x00\x00\x00\x00""",b'\x04\x00\x00\x00\x00\x00\x00\x00\x07\x00\x00\x00\x00\x00\x00\x00\x02\x00\x00\x00\x00\x00\x00\x00'
East,b'\xf3\x0f\x00\x00\x00\x00\x00\x00',b'\x04\x00\x00\x00\x00\x00\x00\x00\x07\x00\x00\x00\x00\x00\x00\x00\x02\x00\x00\x00\x00\x00\x00\x00'
East,"b'""\x00\x00\x00\x00\x00\x00\x00'",b'\x04\x00\x00\x00\x00\x00\x00\x00\x07\x00\x00\x00\x00\x00\x00\x00\x02\x00\x00\x00\x00\x00\x00\x00'
East,b'N\x01\x00\x00\x00\x00\x00\x00',b'\x04\x00\x00\x00\x00\x00\x00\x00\x07\x00\x00\x00\x00\x00\x00\x00\x02\x00\x00\x00\x00\x00\x00\x00'
East,"b'\x11""\x00\x00\x00\x00\x00\x00'",b'\x04\x00\x00\x00\x00\x00\x00\x00\x07\x00\x00\x00\x00\x00\x00\x00\x02\x00\x00\x00\x00\x00\x00\x00'
South,b'\xd1\x02\x00\x00\x00\x00\x00\x00',b'\x04\x00\x00\x00\x00\x00\x00\x00\x07\x00\x00\x00\x00\x00\x00\x00'
South,b'\x91\x10\x00\x00\x00\x00\x00\x00',b'\x04\x00\x00\x00\x00\x00\x00\x00\x07\x00\x00\x00\x00\x00\x00\x00'
West,b'\xa3\x19\x00\x00\x00\x00\x00\x00',b'\x04\x00\x00\x00\x00\x00\x00\x00\x07\x00\x00\x00\x00\x00\x00\x00'
East,b'$\x00\x00\x00\x00\x00\x00\x00',b'\x04\x00\x00\x00\x00\x00\x00\x00\x07\x00\x00\x00\x00\x00\x00\x00'
Central,b'X)\x00\x00\x00\x00\x00\x00',b'\x04\x00\x00\x00\x00\x00\x00\x00\x07\x00\x00\x00\x00\x00\x00\x00'
West,b'\xdc\x1d\x00\x00\x00\x00\x00\x00',b'\x04\x00\x00\x00\x00\x00\x00\x00\x06\x00\x00\x00\x00\x00\x00\x00\x07\x00\x00\x00\x00\x00\x00\x00'
West,b'{\x00\x00\x00\x00\x00\x00\x00',b'\x04\x00\x00\x00\x00\x00\x00\x00\x06\x00\x00\x00\x00\x00\x00\x00\x05\x00\x00\x00\x00\x00\x00\x00\x04\x00\x00\x00\x00\x00\x00\x00\x02\x00\x00\x00\x00\x00\x00\x00\x02\x00\x00\x00\x00\x00\x00\x00\x02\x00\x00\x00\x00\x00\x00\x00'
West,b'h\x1f\x00\x00\x00\x00\x00\x00',b'\x04\x00\x00\x00\x00\x00\x00\x00\x06\x00\x00\x00\x00\x00\x00\x00\x05\x00\x00\x00\x00\x00\x00\x00'
East,b'W\x1a\x00\x00\x00\x00\x00\x00',b'\x04\x00\x00\x00\x00\x00\x00\x00\x06\x00\x00\x00\x00\x00\x00\x00\x04\x00\x00\x00\x00\x00\x00\x00\x02\x00\x00\x00\x00\x00\x00\x00\x01\x00\x00\x00\x00\x00\x00\x00'
West,b'\xf6\x04\x00\x00\x00\x00\x00\x00',b'\x04\x00\x00\x00\x00\x00\x00\x00\x06\x00\x00\x00\x00\x00\x00\x00\x04\x00\x00\x00\x00\x00\x00\x00'
East,"b""\xfd'\x00\x00\x00\x00\x00\x00""",b'\x04\x00\x00\x00\x00\x00\x00\x00\x06\x00\x00\x00\x00\x00\x00\x00\x03\x00\x00\x00\x00\x00\x00\x00\x03\x00\x00\x00\x00\x00\x00\x00\x02\x00\x00\x00\x00\x00\x00\x00'
West,b'\x13\x1e\x00\x00\x00\x00\x00\x00',b'\x04\x00\x00\x00\x00\x00\x00\x00\x06\x00\x00\x00\x00\x00\x00\x00\x03\x00\x00\x00\x00\x00\x00\x00'
South,b'Q\x13\x00\x00\x00\x00\x00\x00',b'\x04\x00\x00\x00\x00\x00\x00\x00\x06\x00\x00\x00\x00\x00\x00\x00\x03\x00\x00\x00\x00\x00\x00\x00'
East,b'>\x16\x00\x00\x00\x00\x00\x00',b'\x04\x00\x00\x00\x00\x00\x00\x00\x06\x00\x00\x00\x00\x00\x00\x00\x02\x00\x00\x00\x00\x00\x00\x00\x03\x00\x00\x00\x00\x00\x00\x00\x04\x00\x00\x00\x00\x00\x00\x00'
West,b'\xd0\x13\x00\x00\x00\x00\x00\x00',b'\x04\x00\x00\x00\x00\x00\x00\x00\x06\x00\x00\x00\x00\x00\x00\x00\x02\x00\x00\x00\x00\x00\x00\x00\x03\x00\x00\x00\x00\x00\x00\x00'
West,b'3\x08\x00\x00\x00\x00\x00\x00',b'\x04\x00\x00\x00\x00\x00\x00\x00\x06\x00\x00\x00\x00\x00\x00\x00\x02\x00\x00\x00\x00\x00\x00\x00\x02\x00\x00\x00\x00\x00\x00\x00'
West,b'\xd0\r\x00\x00\x00\x00\x00\x00',b'\x04\x00\x00\x00\x00\x00\x00\x00\x06\x00\x00\x00\x00\x00\x00\x00\x02\x00\x00\x00\x00\x00\x00\x00\x02\x00\x00\x00\x00\x00\x00\x00'
West,b'\xa8\x11\x00\x00\x00\x00\x00\x00',b'\x04\x00\x00\x00\x00\x00\x00\x00\x06\x00\x00\x00\x00\x00\x00\x00\x01\x00\x00\x00\x00\x00\x00\x00\x01\x00\x00\x00\x00\x00\x00\x00\x01\x00\x00\x00\x00\x00\x00\x00'
Central,b'\xd8\x15\x00\x00\x00\x00\x00\x00',b'\x04\x00\x00\x00\x00\x00\x00\x00\x06\x00\x00\x00\x00\x00\x00\x00\x01\x00\x00\x00\x00\x00\x00\x00'
West,b'\xee\x0e\x00\x00\x00\x00\x00\x00',b'\x04\x00\x00\x00\x00\x00\x00\x00\x06\x00\x00\x00\x00\x00\x00\x00'
East,b'\xb9\x01\x00\x00\x00\x00\x00\x00',b'\x04\x00\x00\x00\x00\x00\x00\x00\x06\x00\x00\x00\x00\x00\x00\x00'
Central,b'\xbd\t\x00\x00\x00\x00\x00\x00',b'\x04\x00\x00\x00\x00\x00\x00\x00\x06\x00\x00\x00\x00\x00\x00\x00'
East,b'p&\x00\x00\x00\x00\x00\x00',b'\x04\x00\x00\x00\x00\x00\x00\x00\x06\x00\x00\x00\x00\x00\x00\x00'
West,b'\x12\x1a\x00\x00\x00\x00\x00\x00',b'\x04\x00\x00\x00\x00\x00\x00\x00\x06\x00\x00\x00\x00\x00\x00\x00'
East,"b""='\x00\x00\x00\x00\x00\x00""",b'\x04\x00\x00\x00\x00\x00\x00\x00\x06\x00\x00\x00\x00\x00\x00\x00'
East,b'\xe3\x04\x00\x00\x00\x00\x00\x00',b'\x04\x00\x00\x00\x00\x00\x00\x00\x06\x00\x00\x00\x00\x00\x00\x00'
South,b'\t!\x00\x00\x00\x00\x00\x00',b'\x04\x00\x00\x00\x00\x00\x00\x00\x06\x00\x00\x00\x00\x00\x00\x00'
Central,b'\x9e\x07\x00\x00\x00\x00\x00\x00',b'\x04\x00\x00\x00\x00\x00\x00\x00\x06\x00\x00\x00\x00\x00\x00\x00'
South,b'\xd6\x19\x00\x00\x00\x00\x00\x00',b'\x04\x00\x00\x00\x00\x00\x00\x00\x06\x00\x00\x00\x00\x00\x00\x00'
South,b'\x19\x1f\x00\x00\x00\x00\x00\x00',b'\x04\x00\x00\x00\x00\x00\x00\x00\x06\x00\x00\x00\x00\x00\x00\x00'
South,b'\xf0%\x00\x00\x00\x00\x00\x00',b'\x04\x00\x00\x00\x00\x00\x00\x00\x06\x00\x00\x00\x00\x00\x00\x00'
South,b'%\x19\x00\x00\x00\x00\x00\x00',b'\x04\x00\x00\x00\x00\x00\x00\x00\x06\x00\x00\x00\x00\x00\x00\x00'
West,b']$\x00\x00\x00\x00\x00\x00',b'\x04\x00\x00\x00\x00\x00\x00\x00\x06\x00\x00\x00\x00\x00\x00\x00'
East,b'1\x00\x00\x00\x00\x00\x00\x00',b'\x04\x00\x00\x00\x00\x00\x00\x00\x05\x00\x00\x00\x00\x00\x00\x00\t\x00\x00\x00\x00\x00\x00\x00'
East,b'z$\x00\x00\x00\x00\x00\x00',b'\x04\x00\x00\x00\x00\x00\x00\x00\x05\x00\x00\x00\x00\x00\x00\x00\x07\x00\x00\x00\x00\x00\x00\x00\x02\x00\x00\x00\x00\x00\x00\x00'
West,b'\xad&\x00\x00\x00\x00\x00\x00',b'\x04\x00\x00\x00\x00\x00\x00\x00\x05\x00\x00\x00\x00\x00\x00\x00\x07\x00\x00\x00\x00\x00\x00\x00'
East,b'\x1a\x11\x00\x00\x00\x00\x00\x00',b'\x04\x00\x00\x00\x00\x00\x00\x00\x05\x00\x00\x00\x00\x00\x00\x00\x05\x00\x00\x00\x00\x00\x00\x00\x04\x00\x00\x00\x00\x00\x00\x00\x02\x00\x00\x00\x00\x00\x00\x00'
East,b'\x1f\x08\x00\x00\x00\x00\x00\x00',b'\x04\x00\x00\x00\x00\x00\x00\x00\x05\x00\x00\x00\x00\x00\x00\x00\x05\x00\x00\x00\x00\x00\x00\x00\x04\x00\x00\x00\x00\x00\x00\x00'
West,b'R\x18\x00\x00\x00\x00\x00\x00',b'\x04\x00\x00\x00\x00\x00\x00\x00\x05\x00\x00\x00\x00\x00\x00\x00\x05\x00\x00\x00\x00\x00\x00\x00'
West,b'\xc2\x12\x00\x00\x00\x00\x00\x00',b'\x04\x00\x00\x00\x00\x00\x00\x00\x05\x00\x00\x00\x00\x00\x00\x00\x05\x00\x00\x00\x00\x00\x00\x00'
West,b' \x10\x00\x00\x00\x00\x00\x00',b'\x04\x00\x00\x00\x00\x00\x00\x00\x05\x00\x00\x00\x00\x00\x00\x00\x04\x00\x00\x00\x00\x00\x00\x00'
East,b'@\x16\x00\x00\x00\x00\x00\x00',b'\x04\x00\x00\x00\x00\x00\x00\x00\x05\x00\x00\x00\x00\x00\x00\x00\x03\x00\x00\x00\x00\x00\x00\x00\x03\x00\x00\x00\x00\x00\x00\x00\x01\x00\x00\x00\x00\x00\x00\x00'
East,b'\xf7$\x00\x00\x00\x00\x00\x00',b'\x04\x00\x00\x00\x00\x00\x00\x00\x05\x00\x00\x00\x00\x00\x00\x00\x03\x00\x00\x00\x00\x00\x00\x00\x02\x00\x00\x00\x00\x00\x00\x00'
East,b'0\x15\x00\x00\x00\x00\x00\x00',b'\x04\x00\x00\x00\x00\x00\x00\x00\x05\x00\x00\x00\x00\x00\x00\x00\x03\x00\x00\x00\x00\x00\x00\x00\x02\x00\x00\x00\x00\x00\x00\x00'
East,b'\xce\x17\x00\x00\x00\x00\x00\x00',b'\x04\x00\x00\x00\x00\x00\x00\x00\x05\x00\x00\x00\x00\x00\x00\x00\x03\x00\x00\x00\x00\x00\x00\x00'
East,b'\xc6\x0c\x00\x00\x00\x00\x00\x00',b'\x04\x00\x00\x00\x00\x00\x00\x00\x05\x00\x00\x00\x00\x00\x00\x00\x03\x00\x00\x00\x00\x00\x00\x00'
East,b'\x83\n\x00\x00\x00\x00\x00\x00',b'\x04\x00\x00\x00\x00\x00\x00\x00\x05\x00\x00\x00\x00\x00\x00\x00\x03\x00\x00\x00\x00\x00\x00\x00'
East,b'\xe4$\x00\x00\x00\x00\x00\x00',b'\x04\x00\x00\x00\x00\x00\x00\x00\x05\x00\x00\x00\x00\x00\x00\x00\x03\x00\x00\x00\x00\x00\x00\x00'
South,b'\xc1\x16\x00\x00\x00\x00\x00\x00',b'\x04\x00\x00\x00\x00\x00\x00\x00\x05\x00\x00\x00\x00\x00\x00\x00\x03\x00\x00\x00\x00\x00\x00\x00'
South,b'\x17)\x00\x00\x00\x00\x00\x00',b'\x04\x00\x00\x00\x00\x00\x00\x00\x05\x00\x00\x00\x00\x00\x00\x00\x02\x00\x00\x00\x00\x00\x00\x00\x03\x00\x00\x00\x00\x00\x00\x00\x02\x00\x00\x00\x00\x00\x00\x00\x03\x00\x00\x00\x00\x00\x00\x00'
East,b'>\x0f\x00\x00\x00\x00\x00\x00',b'\x04\x00\x00\x00\x00\x00\x00\x00\x05\x00\x00\x00\x00\x00\x00\x00\x02\x00\x00\x00\x00\x00\x00\x00\x02\x00\x00\x00\x00\x00\x00\x00'
East,b'r\x19\x00\x00\x00\x00\x00\x00',b'\x04\x00\x00\x00\x00\x00\x00\x00\x05\x00\x00\x00\x00\x00\x00\x00\x02\x00\x00\x00\x00\x00\x00\x00\x02\x00\x00\x00\x00\x00\x00\x00'
West,b'\xb2\x06\x00\x00\x00\x00\x00\x00',b'\x04\x00\x00\x00\x00\x00\x00\x00\x05\x00\x00\x00\x00\x00\x00\x00\x02\x00\x00\x00\x00\x00\x00\x00'
Central,b'\xdf\x1d\x00\x00\x00\x00\x00\x00',b'\x04\x00\x00\x00\x00\x00\x00\x00\x05\x00\x00\x00\x00\x00\x00\x00\x02\x00\x00\x00\x00\x00\x00\x00'
West,b'A\x1f\x00\x00\x00\x00\x00\x00',b'\x04\x00\x00\x00\x00\x00\x00\x00\x05\x00\x00\x00\x00\x00\x00\x00\x01\x00\x00\x00\x00\x00\x00\x00'
West,b'\xa7(\x00\x00\x00\x00\x00\x00',b'\x04\x00\x00\x00\x00\x00\x00\x00\x05\x00\x00\x00\x00\x00\x00\x00'
West,b'\xb5$\x00\x00\x00\x00\x00\x00',b'\x04\x00\x00\x00\x00\x00\x00\x00\x05\x00\x00\x00\x00\x00\x00\x00'
Central,b'}\x02\x00\x00\x00\x00\x00\x00',b'\x04\x00\x00\x00\x00\x00\x00\x00\x05\x00\x00\x00\x00\x00\x00\x00'
Central,b'\xac\x18\x00\x00\x00\x00\x00\x00',b'\x04\x00\x00\x00\x00\x00\x00\x00\x05\x00\x00\x00\x00\x00\x00\x00'
West,b'\x7f\x1d\x00\x00\x00\x00\x00\x00',b'\x04\x00\x00\x00\x00\x00\x00\x00\x05\x00\x00\x00\x00\x00\x00\x00'
South,"b""\x13'\x00\x00\x00\x00\x00\x00""",b'\x04\x00\x00\x00\x00\x00\x00\x00\x05\x00\x00\x00\x00\x00\x00\x00'
West,b'<\x12\x00\x00\x00\x00\x00\x00',b'\x04\x00\x00\x00\x00\x00\x00\x00\x05\x00\x00\x00\x00\x00\x00\x00'
South,b'%\x04\x00\x00\x00\x00\x00\x00',b'\x04\x00\x00\x00\x00\x00\x00\x00\x05\x00\x00\x00\x00\x00\x00\x00'
East,b'\x95\x0c\x00\x00\x00\x00\x00\x00',b'\x04\x00\x00\x00\x00\x00\x00\x00\x05\x00\x00\x00\x00\x00\x00\x00'
East,b'\xae\x1c\x00\x00\x00\x00\x00\x00',b'\x04\x00\x00\x00\x00\x00\x00\x00\x05\x00\x00\x00\x00\x00\x00\x00'
South,b'W(\x00\x00\x00\x00\x00\x00',b'\x04\x00\x00\x00\x00\x00\x00\x00\x05\x00\x00\x00\x00\x00\x00\x00'
Central,b'\xba\x01\x00\x00\x00\x00\x00\x00',b'\x04\x00\x00\x00\x00\x00\x00\x00\x05\x00\x00\x00\x00\x00\x00\x00'
South,"b""R'\x00\x00\x00\x00\x00\x00""",b'\x04\x00\x00\x00\x00\x00\x00\x00\x05\x00\x00\x00\x00\x00\x00\x00'
South,b'\xb6\n\x00\x00\x00\x00\x00\x00',b'\x04\x00\x00\x00\x00\x00\x00\x00\x05\x00\x00\x00\x00\x00\x00\x00'
East,b'A\x07\x00\x00\x00\x00\x00\x00',b'\x04\x00\x00\x00\x00\x00\x00\x00\x05\x00\x00\x00\x00\x00\x00\x00'
South,b'\x8c\x02\x00\x00\x00\x00\x00\x00',b'\x04\x00\x00\x00\x00\x00\x00\x00\x05\x00\x00\x00\x00\x00\x00\x00'
East,"b'\x81""\x00\x00\x00\x00\x00\x00'",b'\x04\x00\x00\x00\x00\x00\x00\x00\x05\x00\x00\x00\x00\x00\x00\x00'
West,b'\xd7&\x00\x00\x00\x00\x00\x00',b'\x04\x00\x00\x00\x00\x00\x00\x00\x04\x00\x00\x00\x00\x00\x00\x00\x06\x00\x00\x00\x00\x00\x00\x00\x02\x00\x00\x00\x00\x00\x00\x00\x01\x00\x00\x00\x00\x00\x00\x00'
West,b'f(\x00\x00\x00\x00\x00\x00',b'\x04\x00\x00\x00\x00\x00\x00\x00\x04\x00\x00\x00\x00\x00\x00\x00\x06\x00\x00\x00\x00\x00\x00\x00'
West,b'\x81&\x00\x00\x00\x00\x00\x00',b'\x04\x00\x00\x00\x00\x00\x00\x00\x04\x00\x00\x00\x00\x00\x00\x00\x04\x00\x00\x00\x00\x00\x00\x00\x05\x00\x00\x00\x00\x00\x00\x00\x03\x00\x00\x00\x00\x00\x00\x00'
West,b'\x12\x1e\x00\x00\x00\x00\x00\x00',b'\x04\x00\x00\x00\x00\x00\x00\x00\x04\x00\x00\x00\x00\x00\x00\x00\x04\x00\x00\x00\x00\x00\x00\x00\x05\x00\x00\x00\x00\x00\x00\x00\x03\x00\x00\x00\x00\x00\x00\x00'
East,b'\x04\x18\x00\x00\x00\x00\x00\x00',b'\x04\x00\x00\x00\x00\x00\x00\x00\x04\x00\x00\x00\x00\x00\x00\x00\x03\x00\x00\x00\x00\x00\x00\x00\x02\x00\x00\x00\x00\x00\x00\x00'
East,b'7\x17\x00\x00\x00\x00\x00\x00',b'\x04\x00\x00\x00\x00\x00\x00\x00\x04\x00\x00\x00\x00\x00\x00\x00\x03\x00\x00\x00\x00\x00\x00\x00\x02\x00\x00\x00\x00\x00\x00\x00'
Central,"b'$""\x00\x00\x00\x00\x00\x00'",b'\x04\x00\x00\x00\x00\x00\x00\x00\x04\x00\x00\x00\x00\x00\x00\x00\x03\x00\x00\x00\x00\x00\x00\x00\x01\x00\x00\x00\x00\x00\x00\x00'
East,b'\xe3\r\x00\x00\x00\x00\x00\x00',b'\x04\x00\x00\x00\x00\x00\x00\x00\x04\x00\x00\x00\x00\x00\x00\x00\x03\x00\x00\x00\x00\x00\x00\x00\x01\x00\x00\x00\x00\x00\x00\x00'
West,"b""\xcf'\x00\x00\x00\x00\x00\x00""",b'\x04\x00\x00\x00\x00\x00\x00\x00\x04\x00\x00\x00\x00\x00\x00\x00\x03\x00\x00\x00\x00\x00\x00\x00'
East,b'2&\x00\x00\x00\x00\x00\x00',b'\x04\x00\x00\x00\x00\x00\x00\x00\x04\x00\x00\x00\x00\x00\x00\x00\x03\x00\x00\x00\x00\x00\x00\x00'
East,b'\xa9\x1e\x00\x00\x00\x00\x00\x00',b'\x04\x00\x00\x00\x00\x00\x00\x00\x04\x00\x00\x00\x00\x00\x00\x00\x02\x00\x00\x00\x00\x00\x00\x00\x05\x00\x00\x00\x00\x00\x00\x00'
West,b'_\x0c\x00\x00\x00\x00\x00\x00',b'\x04\x00\x00\x00\x00\x00\x00\x00\x04\x00\x00\x00\x00\x00\x00\x00\x02\x00\x00\x00\x00\x00\x00\x00\x03\x00\x00\x00\x00\x00\x00\x00'
West,b'\xf1\x07\x00\x00\x00\x00\x00\x00',b'\x04\x00\x00\x00\x00\x00\x00\x00\x04\x00\x00\x00\x00\x00\x00\x00\x02\x00\x00\x00\x00\x00\x00\x00\x02\x00\x00\x00\x00\x00\x00\x00'
West,b'\xa1\x15\x00\x00\x00\x00\x00\x00',b'\x04\x00\x00\x00\x00\x00\x00\x00\x04\x00\x00\x00\x00\x00\x00\x00\x02\x00\x00\x00\x00\x00\x00\x00\x02\x00\x00\x00\x00\x00\x00\x00'
West,b'D\n\x00\x00\x00\x00\x00\x00',b'\x04\x00\x00\x00\x00\x00\x00\x00\x04\x00\x00\x00\x00\x00\x00\x00\x02\x00\x00\x00\x00\x00\x00\x00\x02\x00\x00\x00\x00\x00\x00\x00'
Central,b'z\n\x00\x00\x00\x00\x00\x00',b'\x04\x00\x00\x00\x00\x00\x00\x00\x04\x00\x00\x00\x00\x00\x00\x00\x02\x00\x00\x00\x00\x00\x00\x00\x01\x00\x00\x00\x00\x00\x00\x00'
West,b'\xdb\x01\x00\x00\x00\x00\x00\x00',b'\x04\x00\x00\x00\x00\x00\x00\x00\x04\x00\x00\x00\x00\x00\x00\x00\x02\x00\x00\x00\x00\x00\x00\x00'
East,b'\xcc\x11\x00\x00\x00\x00\x00\x00',b'\x04\x00\x00\x00\x00\x00\x00\x00\x04\x00\x00\x00\x00\x00\x00\x00\x02\x00\x00\x00\x00\x00\x00\x00'
East,b'f\x1d\x00\x00\x00\x00\x00\x00',b'\x04\x00\x00\x00\x00\x00\x00\x00\x04\x00\x00\x00\x00\x00\x00\x00\x02\x00\x00\x00\x00\x00\x00\x00'
West,b'\xf8\x13\x00\x00\x00\x00\x00\x00',b'\x04\x00\x00\x00\x00\x00\x00\x00\x04\x00\x00\x00\x00\x00\x00\x00\x02\x00\x00\x00\x00\x00\x00\x00'
West,b'>\x02\x00\x00\x00\x00\x00\x00',b'\x04\x00\x00\x00\x00\x00\x00\x00\x04\x00\x00\x00\x00\x00\x00\x00\x02\x00\x00\x00\x00\x00\x00\x00'
West,b'v\x1b\x00\x00\x00\x00\x00\x00',b'\x04\x00\x00\x00\x00\x00\x00\x00\x04\x00\x00\x00\x00\x00\x00\x00\x02\x00\x00\x00\x00\x00\x00\x00'
West,b'\xcf)\x00\x00\x00\x00\x00\x00',b'\x04\x00\x00\x00\x00\x00\x00\x00\x04\x00\x00\x00\x00\x00\x00\x00\x02\x00\x00\x00\x00\x00\x00\x00'
East,b'#\x03\x00\x00\x00\x00\x00\x00',b'\x04\x00\x00\x00\x00\x00\x00\x00\x04\x00\x00\x00\x00\x00\x00\x00\x02\x00\x00\x00\x00\x00\x00\x00'
West,b'E\t\x00\x00\x00\x00\x00\x00',b'\x04\x00\x00\x00\x00\x00\x00\x00\x04\x00\x00\x00\x00\x00\x00\x00\x02\x00\x00\x00\x00\x00\x00\x00'
East,b'\xfc&\x00\x00\x00\x00\x00\x00',b'\x04\x00\x00\x00\x00\x00\x00\x00\x04\x00\x00\x00\x00\x00\x00\x00\x02\x00\x00\x00\x00\x00\x00\x00'
East,b'\xfe\x08\x00\x00\x00\x00\x00\x00',b'\x04\x00\x00\x00\x00\x00\x00\x00\x04\x00\x00\x00\x00\x00\x00\x00\x01\x00\x00\x00\x00\x00\x00\x00\x01\x00\x00\x00\x00\x00\x00\x00'
East,b'\xe5\x1d\x00\x00\x00\x00\x00\x00',b'\x04\x00\x00\x00\x00\x00\x00\x00\x04\x00\x00\x00\x00\x00\x00\x00'
East,b'\x8e%\x00\x00\x00\x00\x00\x00',b'\x04\x00\x00\x00\x00\x00\x00\x00\x04\x00\x00\x00\x00\x00\x00\x00'
West,b'\x0b\x15\x00\x00\x00\x00\x00\x00',b'\x04\x00\x00\x00\x00\x00\x00\x00\x04\x00\x00\x00\x00\x00\x00\x00'
South,b'k\x0f\x00\x00\x00\x00\x00\x00',b'\x04\x00\x00\x00\x00\x00\x00\x00\x04\x00\x00\x00\x00\x00\x00\x00'
Central,b'l\x1b\x00\x00\x00\x00\x00\x00',b'\x04\x00\x00\x00\x00\x00\x00\x00\x04\x00\x00\x00\x00\x00\x00\x00'
South,b'\xb8&\x00\x00\x00\x00\x00\x00',b'\x04\x00\x00\x00\x00\x00\x00\x00\x04\x00\x00\x00\x00\x00\x00\x00'
East,b'\xf2\x19\x00\x00\x00\x00\x00\x00',b'\x04\x00\x00\x00\x00\x00\x00\x00\x04\x00\x00\x00\x00\x00\x00\x00'
West,b'\xe3\x04\x00\x00\x00\x00\x00\x00',b'\x04\x00\x00\x00\x00\x00\x00\x00\x04\x00\x00\x00\x00\x00\x00\x00'
West,b'g\x04\x00\x00\x00\x00\x00\x00',b'\x04\x00\x00\x00\x00\x00\x00\x00\x04\x00\x00\x00\x00\x00\x00\x00'
West,b'T\x0b\x00\x00\x00\x00\x00\x00',b'\x04\x00\x00\x00\x00\x00\x00\x00\x04\x00\x00\x00\x00\x00\x00\x00'
South,b'\xb0%\x00\x00\x00\x00\x00\x00',b'\x04\x00\x00\x00\x00\x00\x00\x00\x04\x00\x00\x00\x00\x00\x00\x00'
East,b'\xd6\x01\x00\x00\x00\x00\x00\x00',b'\x04\x00\x00\x00\x00\x00\x00\x00\x04\x00\x00\x00\x00\x00\x00\x00'
West,b'p&\x00\x00\x00\x00\x00\x00',b'\x04\x00\x00\x00\x00\x00\x00\x00\x04\x00\x00\x00\x00\x00\x00\x00'
Central,b'\xdf \x00\x00\x00\x00\x00\x00',b'\x04\x00\x00\x00\x00\x00\x00\x00\x04\x00\x00\x00\x00\x00\x00\x00'
South,b'\xf6\x01\x00\x00\x00\x00\x00\x00',b'\x04\x00\x00\x00\x00\x00\x00\x00\x04\x00\x00\x00\x00\x00\x00\x00'
West,b'\xd3\x0e\x00\x00\x00\x00\x00\x00',b'\x04\x00\x00\x00\x00\x00\x00\x00\x04\x00\x00\x00\x00\x00\x00\x00'
West,b'\x8a\x08\x00\x00\x00\x00\x00\x00',b'\x04\x00\x00\x00\x00\x00\x00\x00\x04\x00\x00\x00\x00\x00\x00\x00'
South,"b'O""\x00\x00\x00\x00\x00\x00'",b'\x04\x00\x00\x00\x00\x00\x00\x00\x04\x00\x00\x00\x00\x00\x00\x00'
Central,b'U\x1e\x00\x00\x00\x00\x00\x00',b'\x04\x00\x00\x00\x00\x00\x00\x00\x04\x00\x00\x00\x00\x00\x00\x00'
West,b'Y\x11\x00\x00\x00\x00\x00\x00',b'\x04\x00\x00\x00\x00\x00\x00\x00\x04\x00\x00\x00\x00\x00\x00\x00'
South,"b""'\x11\x00\x00\x00\x00\x00\x00""",b'\x04\x00\x00\x00\x00\x00\x00\x00\x04\x00\x00\x00\x00\x00\x00\x00'
Central,b'\x93\x12\x00\x00\x00\x00\x00\x00',b'\x04\x00\x00\x00\x00\x00\x00\x00\x04\x00\x00\x00\x00\x00\x00\x00'
East,b'S&\x00\x00\x00\x00\x00\x00',b'\x04\x00\x00\x00\x00\x00\x00\x00\x04\x00\x00\x00\x00\x00\x00\x00'
Central,b'\xdd&\x00\x00\x00\x00\x00\x00',b'\x04\x00\x00\x00\x00\x00\x00\x00\x04\x00\x00\x00\x00\x00\x00\x00'
East,b'\xc5\x04\x00\x00\x00\x00\x00\x00',b'\x04\x00\x00\x00\x00\x00\x00\x00\x04\x00\x00\x00\x00\x00\x00\x00'
Central,b'\x8c\x02\x00\x00\x00\x00\x00\x00',b'\x04\x00\x00\x00\x00\x00\x00\x00\x04\x00\x00\x00\x00\x00\x00\x00'
East,b'\x07(\x00\x00\x00\x00\x00\x00',b'\x04\x00\x00\x00\x00\x00\x00\x00\x04\x00\x00\x00\x00\x00\x00\x00'
West,b'\xf1\t\x00\x00\x00\x00\x00\x00',b'\x04\x00\x00\x00\x00\x00\x00\x00\x03\x00\x00\x00\x00\x00\x00\x00\x06\x00\x00\x00\x00\x00\x00\x00'
South,b'\xe0\x07\x00\x00\x00\x00\x00\x00',b'\x04\x00\x00\x00\x00\x00\x00\x00\x03\x00\x00\x00\x00\x00\x00\x00\x06\x00\x00\x00\x00\x00\x00\x00'
West,b'~\x07\x00\x00\x00\x00\x00\x00',b'\x04\x00\x00\x00\x00\x00\x00\x00\x03\x00\x00\x00\x00\x00\x00\x00\x05\x00\x00\x00\x00\x00\x00\x00\n\x00\x00\x00\x00\x00\x00\x00\x04\x00\x00\x00\x00\x00\x00\x00'
West,b'\x82\x0f\x00\x00\x00\x00\x00\x00',b'\x04\x00\x00\x00\x00\x00\x00\x00\x03\x00\x00\x00\x00\x00\x00\x00\x04\x00\x00\x00\x00\x00\x00\x00\x04\x00\x00\x00\x00\x00\x00\x00'
East,"b'""%\x00\x00\x00\x00\x00\x00'",b'\x04\x00\x00\x00\x00\x00\x00\x00\x03\x00\x00\x00\x00\x00\x00\x00\x04\x00\x00\x00\x00\x00\x00\x00\x03\x00\x00\x00\x00\x00\x00\x00'
South,b'f\x0c\x00\x00\x00\x00\x00\x00',b'\x04\x00\x00\x00\x00\x00\x00\x00\x03\x00\x00\x00\x00\x00\x00\x00\x04\x00\x00\x00\x00\x00\x00\x00\x02\x00\x00\x00\x00\x00\x00\x00\x02\x00\x00\x00\x00\x00\x00\x00'
East,b'H\x1a\x00\x00\x00\x00\x00\x00',b'\x04\x00\x00\x00\x00\x00\x00\x00\x03\x00\x00\x00\x00\x00\x00\x00\x04\x00\x00\x00\x00\x00\x00\x00\x02\x00\x00\x00\x00\x00\x00\x00'
West,b'\x7f \x00\x00\x00\x00\x00\x00',b'\x04\x00\x00\x00\x00\x00\x00\x00\x03\x00\x00\x00\x00\x00\x00\x00\x04\x00\x00\x00\x00\x00\x00\x00\x01\x00\x00\x00\x00\x00\x00\x00'
West,b'\x7f\x18\x00\x00\x00\x00\x00\x00',b'\x04\x00\x00\x00\x00\x00\x00\x00\x03\x00\x00\x00\x00\x00\x00\x00\x04\x00\x00\x00\x00\x00\x00\x00\x01\x00\x00\x00\x00\x00\x00\x00'
West,b'\x19\x1c\x00\x00\x00\x00\x00\x00',b'\x04\x00\x00\x00\x00\x00\x00\x00\x03\x00\x00\x00\x00\x00\x00\x00\x04\x00\x00\x00\x00\x00\x00\x00'
West,b'\x7f\x06\x00\x00\x00\x00\x00\x00',b'\x04\x00\x00\x00\x00\x00\x00\x00\x03\x00\x00\x00\x00\x00\x00\x00\x04\x00\x00\x00\x00\x00\x00\x00'
West,b'\xdf$\x00\x00\x00\x00\x00\x00',b'\x04\x00\x00\x00\x00\x00\x00\x00\x03\x00\x00\x00\x00\x00\x00\x00\x04\x00\x00\x00\x00\x00\x00\x00'
South,"b""p'\x00\x00\x00\x00\x00\x00""",b'\x04\x00\x00\x00\x00\x00\x00\x00\x03\x00\x00\x00\x00\x00\x00\x00\x04\x00\x00\x00\x00\x00\x00\x00'
East,b't\x00\x00\x00\x00\x00\x00\x00',b'\x04\x00\x00\x00\x00\x00\x00\x00\x03\x00\x00\x00\x00\x00\x00\x00\x04\x00\x00\x00\x00\x00\x00\x00'
East,b'P\x1e\x00\x00\x00\x00\x00\x00',b'\x04\x00\x00\x00\x00\x00\x00\x00\x03\x00\x00\x00\x00\x00\x00\x00\x03\x00\x00\x00\x00\x00\x00\x00\x04\x00\x00\x00\x00\x00\x00\x00'
West,b'\xad!\x00\x00\x00\x00\x00\x00',b'\x04\x00\x00\x00\x00\x00\x00\x00\x03\x00\x00\x00\x00\x00\x00\x00\x03\x00\x00\x00\x00\x00\x00\x00\x04\x00\x00\x00\x00\x00\x00\x00'
West,b'\x17\x02\x00\x00\x00\x00\x00\x00',b'\x04\x00\x00\x00\x00\x00\x00\x00\x03\x00\x00\x00\x00\x00\x00\x00\x03\x00\x00\x00\x00\x00\x00\x00'
West,b'\x84\x16\x00\x00\x00\x00\x00\x00',b'\x04\x00\x00\x00\x00\x00\x00\x00\x03\x00\x00\x00\x00\x00\x00\x00\x03\x00\x00\x00\x00\x00\x00\x00'
East,b'\xc9\x10\x00\x00\x00\x00\x00\x00',b'\x04\x00\x00\x00\x00\x00\x00\x00\x03\x00\x00\x00\x00\x00\x00\x00\x03\x00\x00\x00\x00\x00\x00\x00'
Central,b'\xef\x04\x00\x00\x00\x00\x00\x00',b'\x04\x00\x00\x00\x00\x00\x00\x00\x03\x00\x00\x00\x00\x00\x00\x00\x03\x00\x00\x00\x00\x00\x00\x00'
Central,b'\xe0\x19\x00\x00\x00\x00\x00\x00',b'\x04\x00\x00\x00\x00\x00\x00\x00\x03\x00\x00\x00\x00\x00\x00\x00\x03\x00\x00\x00\x00\x00\x00\x00'
South,b'\\#\x00\x00\x00\x00\x00\x00',b'\x04\x00\x00\x00\x00\x00\x00\x00\x03\x00\x00\x00\x00\x00\x00\x00\x03\x00\x00\x00\x00\x00\x00\x00'
West,b'\xae\t\x00\x00\x00\x00\x00\x00',b'\x04\x00\x00\x00\x00\x00\x00\x00\x03\x00\x00\x00\x00\x00\x00\x00\x03\x00\x00\x00\x00\x00\x00\x00'
South,b'\xd3\x1a\x00\x00\x00\x00\x00\x00',b'\x04\x00\x00\x00\x00\x00\x00\x00\x03\x00\x00\x00\x00\x00\x00\x00\x02\x00\x00\x00\x00\x00\x00\x00\x05\x00\x00\x00\x00\x00\x00\x00\x01\x00\x00\x00\x00\x00\x00\x00'
South,"b""\xd7'\x00\x00\x00\x00\x00\x00""",b'\x04\x00\x00\x00\x00\x00\x00\x00\x03\x00\x00\x00\x00\x00\x00\x00\x02\x00\x00\x00\x00\x00\x00\x00\x05\x00\x00\x00\x00\x00\x00\x00\x01\x00\x00\x00\x00\x00\x00\x00'
Central,b'N\x0e\x00\x00\x00\x00\x00\x00',b'\x04\x00\x00\x00\x00\x00\x00\x00\x03\x00\x00\x00\x00\x00\x00\x00\x02\x00\x00\x00\x00\x00\x00\x00\x03\x00\x00\x00\x00\x00\x00\x00'
East,b'\x02)\x00\x00\x00\x00\x00\x00',b'\x04\x00\x00\x00\x00\x00\x00\x00\x03\x00\x00\x00\x00\x00\x00\x00\x02\x00\x00\x00\x00\x00\x00\x00\x02\x00\x00\x00\x00\x00\x00\x00\x01\x00\x00\x00\x00\x00\x00\x00'
South,"b""\xaa'\x00\x00\x00\x00\x00\x00""",b'\x04\x00\x00\x00\x00\x00\x00\x00\x03\x00\x00\x00\x00\x00\x00\x00\x02\x00\x00\x00\x00\x00\x00\x00\x02\x00\x00\x00\x00\x00\x00\x00'
West,b'F\x04\x00\x00\x00\x00\x00\x00',b'\x04\x00\x00\x00\x00\x00\x00\x00\x03\x00\x00\x00\x00\x00\x00\x00\x02\x00\x00\x00\x00\x00\x00\x00\x01\x00\x00\x00\x00\x00\x00\x00'
East,b'\x16\x1d\x00\x00\x00\x00\x00\x00',b'\x04\x00\x00\x00\x00\x00\x00\x00\x03\x00\x00\x00\x00\x00\x00\x00\x02\x00\x00\x00\x00\x00\x00\x00\x01\x00\x00\x00\x00\x00\x00\x00'
West,"b""\xf6'\x00\x00\x00\x00\x00\x00""",b'\x04\x00\x00\x00\x00\x00\x00\x00\x03\x00\x00\x00\x00\x00\x00\x00\x02\x00\x00\x00\x00\x00\x00\x00\x01\x00\x00\x00\x00\x00\x00\x00'
South,b'\xfc\x08\x00\x00\x00\x00\x00\x00',b'\x04\x00\x00\x00\x00\x00\x00\x00\x03\x00\x00\x00\x00\x00\x00\x00\x02\x00\x00\x00\x00\x00\x00\x00'
South,b'U\x01\x00\x00\x00\x00\x00\x00',b'\x04\x00\x00\x00\x00\x00\x00\x00\x03\x00\x00\x00\x00\x00\x00\x00\x02\x00\x00\x00\x00\x00\x00\x00'
South,b'\x8c&\x00\x00\x00\x00\x00\x00',b'\x04\x00\x00\x00\x00\x00\x00\x00\x03\x00\x00\x00\x00\x00\x00\x00\x02\x00\x00\x00\x00\x00\x00\x00'
West,b'I\x01\x00\x00\x00\x00\x00\x00',b'\x04\x00\x00\x00\x00\x00\x00\x00\x03\x00\x00\x00\x00\x00\x00\x00\x02\x00\x00\x00\x00\x00\x00\x00'
West,b'2&\x00\x00\x00\x00\x00\x00',b'\x04\x00\x00\x00\x00\x00\x00\x00\x03\x00\x00\x00\x00\x00\x00\x00\x02\x00\x00\x00\x00\x00\x00\x00'
Central,b'h\x1d\x00\x00\x00\x00\x00\x00',b'\x04\x00\x00\x00\x00\x00\x00\x00\x03\x00\x00\x00\x00\x00\x00\x00\x02\x00\x00\x00\x00\x00\x00\x00'
South,b'D\t\x00\x00\x00\x00\x00\x00',b'\x04\x00\x00\x00\x00\x00\x00\x00\x03\x00\x00\x00\x00\x00\x00\x00\x02\x00\x00\x00\x00\x00\x00\x00'
Central,b'\xb9\x18\x00\x00\x00\x00\x00\x00',b'\x04\x00\x00\x00\x00\x00\x00\x00\x03\x00\x00\x00\x00\x00\x00\x00\x02\x00\x00\x00\x00\x00\x00\x00'
Central,b'\xc5\x0c\x00\x00\x00\x00\x00\x00',b'\x04\x00\x00\x00\x00\x00\x00\x00\x03\x00\x00\x00\x00\x00\x00\x00\x02\x00\x00\x00\x00\x00\x00\x00'
Central,b'\x12\x11\x00\x00\x00\x00\x00\x00',b'\x04\x00\x00\x00\x00\x00\x00\x00\x03\x00\x00\x00\x00\x00\x00\x00\x02\x00\x00\x00\x00\x00\x00\x00'
Central,b'P\x1d\x00\x00\x00\x00\x00\x00',b'\x04\x00\x00\x00\x00\x00\x00\x00\x03\x00\x00\x00\x00\x00\x00\x00\x02\x00\x00\x00\x00\x00\x00\x00'
East,b'%\x04\x00\x00\x00\x00\x00\x00',b'\x04\x00\x00\x00\x00\x00\x00\x00\x03\x00\x00\x00\x00\x00\x00\x00\x02\x00\x00\x00\x00\x00\x00\x00'
South,b'\x9e\x16\x00\x00\x00\x00\x00\x00',b'\x04\x00\x00\x00\x00\x00\x00\x00\x03\x00\x00\x00\x00\x00\x00\x00\x02\x00\x00\x00\x00\x00\x00\x00'
East,b'_\x16\x00\x00\x00\x00\x00\x00',b'\x04\x00\x00\x00\x00\x00\x00\x00\x03\x00\x00\x00\x00\x00\x00\x00\x01\x00\x00\x00\x00\x00\x00\x00'
East,b'\xfa(\x00\x00\x00\x00\x00\x00',b'\x04\x00\x00\x00\x00\x00\x00\x00\x03\x00\x00\x00\x00\x00\x00\x00\x01\x00\x00\x00\x00\x00\x00\x00'
Central,b'\xf8\r\x00\x00\x00\x00\x00\x00',b'\x04\x00\x00\x00\x00\x00\x00\x00\x03\x00\x00\x00\x00\x00\x00\x00\x01\x00\x00\x00\x00\x00\x00\x00'
East,b'2%\x00\x00\x00\x00\x00\x00',b'\x04\x00\x00\x00\x00\x00\x00\x00\x03\x00\x00\x00\x00\x00\x00\x00\x01\x00\x00\x00\x00\x00\x00\x00'
East,b'\xc1&\x00\x00\x00\x00\x00\x00',b'\x04\x00\x00\x00\x00\x00\x00\x00\x03\x00\x00\x00\x00\x00\x00\x00\x01\x00\x00\x00\x00\x00\x00\x00'
East,b'\xda\x08\x00\x00\x00\x00\x00\x00',b'\x04\x00\x00\x00\x00\x00\x00\x00\x03\x00\x00\x00\x00\x00\x00\x00'
West,b'_\x16\x00\x00\x00\x00\x00\x00',b'\x04\x00\x00\x00\x00\x00\x00\x00\x03\x00\x00\x00\x00\x00\x00\x00'
South,b'>\x02\x00\x00\x00\x00\x00\x00',b'\x04\x00\x00\x00\x00\x00\x00\x00\x03\x00\x00\x00\x00\x00\x00\x00'
West,b'\xae\x1c\x00\x00\x00\x00\x00\x00',b'\x04\x00\x00\x00\x00\x00\x00\x00\x03\x00\x00\x00\x00\x00\x00\x00'
West,b'\x07\x0f\x00\x00\x00\x00\x00\x00',b'\x04\x00\x00\x00\x00\x00\x00\x00\x03\x00\x00\x00\x00\x00\x00\x00'
West,b'\xd9\x04\x00\x00\x00\x00\x00\x00',b'\x04\x00\x00\x00\x00\x00\x00\x00\x03\x00\x00\x00\x00\x00\x00\x00'
West,b'\xc1&\x00\x00\x00\x00\x00\x00',b'\x04\x00\x00\x00\x00\x00\x00\x00\x03\x00\x00\x00\x00\x00\x00\x00'
Central,b'P%\x00\x00\x00\x00\x00\x00',b'\x04\x00\x00\x00\x00\x00\x00\x00\x03\x00\x00\x00\x00\x00\x00\x00'
South,"b'""\x00\x00\x00\x00\x00\x00\x00'",b'\x04\x00\x00\x00\x00\x00\x00\x00\x03\x00\x00\x00\x00\x00\x00\x00'
Central,b't\x0b\x00\x00\x00\x00\x00\x00',b'\x04\x00\x00\x00\x00\x00\x00\x00\x03\x00\x00\x00\x00\x00\x00\x00'
Central,b'\x80\x19\x00\x00\x00\x00\x00\x00',b'\x04\x00\x00\x00\x00\x00\x00\x00\x03\x00\x00\x00\x00\x00\x00\x00'
Central,b'\x9f\x1f\x00\x00\x00\x00\x00\x00',b'\x04\x00\x00\x00\x00\x00\x00\x00\x03\x00\x00\x00\x00\x00\x00\x00'
East,b'J)\x00\x00\x00\x00\x00\x00',b'\x04\x00\x00\x00\x00\x00\x00\x00\x03\x00\x00\x00\x00\x00\x00\x00'
West,b'|\x04\x00\x00\x00\x00\x00\x00',b'\x04\x00\x00\x00\x00\x00\x00\x00\x03\x00\x00\x00\x00\x00\x00\x00'
East,b'\xd2\x0e\x00\x00\x00\x00\x00\x00',b'\x04\x00\x00\x00\x00\x00\x00\x00\x03\x00\x00\x00\x00\x00\x00\x00'
West,b'\x80\x00\x00\x00\x00\x00\x00\x00',b'\x04\x00\x00\x00\x00\x00\x00\x00\x03\x00\x00\x00\x00\x00\x00\x00'
South,b'C\x17\x00\x00\x00\x00\x00\x00',b'\x04\x00\x00\x00\x00\x00\x00\x00\x03\x00\x00\x00\x00\x00\x00\x00'
West,b'\x1a)\x00\x00\x00\x00\x00\x00',b'\x04\x00\x00\x00\x00\x00\x00\x00\x03\x00\x00\x00\x00\x00\x00\x00'
East,b'+\x17\x00\x00\x00\x00\x00\x00',b'\x04\x00\x00\x00\x00\x00\x00\x00\x03\x00\x00\x00\x00\x00\x00\x00'
West,b'\xb9\x0c\x00\x00\x00\x00\x00\x00',b'\x04\x00\x00\x00\x00\x00\x00\x00\x03\x00\x00\x00\x00\x00\x00\x00'
Central,b'\xbd\x19\x00\x00\x00\x00\x00\x00',b'\x04\x00\x00\x00\x00\x00\x00\x00\x03\x00\x00\x00\x00\x00\x00\x00'
Central,b'\xfa(\x00\x00\x00\x00\x00\x00',b'\x04\x00\x00\x00\x00\x00\x00\x00\x03\x00\x00\x00\x00\x00\x00\x00'
East,b'\xe7\x1a\x00\x00\x00\x00\x00\x00',b'\x04\x00\x00\x00\x00\x00\x00\x00\x03\x00\x00\x00\x00\x00\x00\x00'
Central,b'\x99#\x00\x00\x00\x00\x00\x00',b'\x04\x00\x00\x00\x00\x00\x00\x00\x03\x00\x00\x00\x00\x00\x00\x00'
West,b'\xd8 \x00\x00\x00\x00\x00\x00',b'\x04\x00\x00\x00\x00\x00\x00\x00\x03\x00\x00\x00\x00\x00\x00\x00'
West,b'g%\x00\x00\x00\x00\x00\x00',b'\x04\x00\x00\x00\x00\x00\x00\x00\x03\x00\x00\x00\x00\x00\x00\x00'
West,b'\xd8\x1c\x00\x00\x00\x00\x00\x00',b'\x04\x00\x00\x00\x00\x00\x00\x00\x03\x00\x00\x00\x00\x00\x00\x00'
Central,b'\xfe\x0c\x00\x00\x00\x00\x00\x00',b'\x04\x00\x00\x00\x00\x00\x00\x00\x03\x00\x00\x00\x00\x00\x00\x00'
West,b'\x15\t\x00\x00\x00\x00\x00\x00',b'\x04\x00\x00\x00\x00\x00\x00\x00\x03\x00\x00\x00\x00\x00\x00\x00'
Central,b'}\x19\x00\x00\x00\x00\x00\x00',b'\x04\x00\x00\x00\x00\x00\x00\x00\x03\x00\x00\x00\x00\x00\x00\x00'
Central,b'\x86\x00\x00\x00\x00\x00\x00\x00',b'\x04\x00\x00\x00\x00\x00\x00\x00\x03\x00\x00\x00\x00\x00\x00\x00'
East,b'3 \x00\x00\x00\x00\x00\x00',b'\x04\x00\x00\x00\x00\x00\x00\x00\x03\x00\x00\x00\x00\x00\x00\x00'
West,b'\x1d!\x00\x00\x00\x00\x00\x00',b'\x04\x00\x00\x00\x00\x00\x00\x00\x03\x00\x00\x00\x00\x00\x00\x00'
East,b'3\x1b\x00\x00\x00\x00\x00\x00',b'\x04\x00\x00\x00\x00\x00\x00\x00\x03\x00\x00\x00\x00\x00\x00\x00'
Central,b'\xa6\x01\x00\x00\x00\x00\x00\x00',b'\x04\x00\x00\x00\x00\x00\x00\x00\x03\x00\x00\x00\x00\x00\x00\x00'
Central,b't#\x00\x00\x00\x00\x00\x00',b'\x04\x00\x00\x00\x00\x00\x00\x00\x03\x00\x00\x00\x00\x00\x00\x00'
West,b'7(\x00\x00\x00\x00\x00\x00',b'\x04\x00\x00\x00\x00\x00\x00\x00\x03\x00\x00\x00\x00\x00\x00\x00'
South,b'\xf3$\x00\x00\x00\x00\x00\x00',b'\x04\x00\x00\x00\x00\x00\x00\x00\x03\x00\x00\x00\x00\x00\x00\x00'
West,b'5\t\x00\x00\x00\x00\x00\x00',b'\x04\x00\x00\x00\x00\x00\x00\x00\x03\x00\x00\x00\x00\x00\x00\x00'
East,b'Y\x0b\x00\x00\x00\x00\x00\x00',b'\x04\x00\x00\x00\x00\x00\x00\x00\x03\x00\x00\x00\x00\x00\x00\x00'
East,b'\xfd#\x00\x00\x00\x00\x00\x00',b'\x04\x00\x00\x00\x00\x00\x00\x00\x03\x00\x00\x00\x00\x00\x00\x00'
Central,b'\x07$\x00\x00\x00\x00\x00\x00',b'\x04\x00\x00\x00\x00\x00\x00\x00\x03\x00\x00\x00\x00\x00\x00\x00'
Central,b'J$\x00\x00\x00\x00\x00\x00',b'\x04\x00\x00\x00\x00\x00\x00\x00\x03\x00\x00\x00\x00\x00\x00\x00'
East,b'm%\x00\x00\x00\x00\x00\x00',b'\x04\x00\x00\x00\x00\x00\x00\x00\x03\x00\x00\x00\x00\x00\x00\x00'
Central,"b'""\'\x00\x00\x00\x00\x00\x00'",b'\x04\x00\x00\x00\x00\x00\x00\x00\x03\x00\x00\x00\x00\x00\x00\x00'
West,b'\xea \x00\x00\x00\x00\x00\x00',b'\x04\x00\x00\x00\x00\x00\x00\x00\x03\x00\x00\x00\x00\x00\x00\x00'
Central,b'G#\x00\x00\x00\x00\x00\x00',b'\x04\x00\x00\x00\x00\x00\x00\x00\x03\x00\x00\x00\x00\x00\x00\x00'
East,b'\x96\x18\x00\x00\x00\x00\x00\x00',b'\x04\x00\x00\x00\x00\x00\x00\x00\x03\x00\x00\x00\x00\x00\x00\x00'
West,b'\xe6\x10\x00\x00\x00\x00\x00\x00',b'\x04\x00\x00\x00\x00\x00\x00\x00\x03\x00\x00\x00\x00\x00\x00\x00'
West,b'V\x01\x00\x00\x00\x00\x00\x00',b'\x04\x00\x00\x00\x00\x00\x00\x00\x03\x00\x00\x00\x00\x00\x00\x00'
Central,b'\x10\x19\x00\x00\x00\x00\x00\x00',b'\x04\x00\x00\x00\x00\x00\x00\x00\x03\x00\x00\x00\x00\x00\x00\x00'
West,b'\x01\x06\x00\x00\x00\x00\x00\x00',b'\x04\x00\x00\x00\x00\x00\x00\x00\x03\x00\x00\x00\x00\x00\x00\x00'
South,b'\x85\x0e\x00\x00\x00\x00\x00\x00',b'\x04\x00\x00\x00\x00\x00\x00\x00\x03\x00\x00\x00\x00\x00\x00\x00'
West,b'\xa3\x14\x00\x00\x00\x00\x00\x00',b'\x04\x00\x00\x00\x00\x00\x00\x00\x03\x00\x00\x00\x00\x00\x00\x00'
West,b'-&\x00\x00\x00\x00\x00\x00',b'\x04\x00\x00\x00\x00\x00\x00\x00\x03\x00\x00\x00\x00\x00\x00\x00'
West,b'\xf1\x1e\x00\x00\x00\x00\x00\x00',b'\x04\x00\x00\x00\x00\x00\x00\x00\x03\x00\x00\x00\x00\x00\x00\x00'
West,b'\xe5\x1d\x00\x00\x00\x00\x00\x00',b'\x04\x00\x00\x00\x00\x00\x00\x00\x03\x00\x00\x00\x00\x00\x00\x00'
West,b'2%\x00\x00\x00\x00\x00\x00',b'\x04\x00\x00\x00\x00\x00\x00\x00\x03\x00\x00\x00\x00\x00\x00\x00'
West,b'\x9c\x1a\x00\x00\x00\x00\x00\x00',b'\x04\x00\x00\x00\x00\x00\x00\x00\x03\x00\x00\x00\x00\x00\x00\x00'
West,b'4\x16\x00\x00\x00\x00\x00\x00',b'\x04\x00\x00\x00\x00\x00\x00\x00\x03\x00\x00\x00\x00\x00\x00\x00'
Central,b'P\x1b\x00\x00\x00\x00\x00\x00',b'\x04\x00\x00\x00\x00\x00\x00\x00\x03\x00\x00\x00\x00\x00\x00\x00'
Central,b'P\n\x00\x00\x00\x00\x00\x00',b'\x04\x00\x00\x00\x00\x00\x00\x00\x03\x00\x00\x00\x00\x00\x00\x00'
West,b'\x9f)\x00\x00\x00\x00\x00\x00',b'\x04\x00\x00\x00\x00\x00\x00\x00\x03\x00\x00\x00\x00\x00\x00\x00'
East,b'\xa7\x0e\x00\x00\x00\x00\x00\x00',b'\x04\x00\x00\x00\x00\x00\x00\x00\x03\x00\x00\x00\x00\x00\x00\x00'
East,b'\xa4\x07\x00\x00\x00\x00\x00\x00',b'\x04\x00\x00\x00\x00\x00\x00\x00\x03\x00\x00\x00\x00\x00\x00\x00'
South,b'q\x1e\x00\x00\x00\x00\x00\x00',b'\x04\x00\x00\x00\x00\x00\x00\x00\x03\x00\x00\x00\x00\x00\x00\x00'
Central,"b'\xd8""\x00\x00\x00\x00\x00\x00'",b'\x04\x00\x00\x00\x00\x00\x00\x00\x03\x00\x00\x00\x00\x00\x00\x00'
West,b'!\x10\x00\x00\x00\x00\x00\x00',b'\x04\x00\x00\x00\x00\x00\x00\x00\x02\x00\x00\x00\x00\x00\x00\x00\x06\x00\x00\x00\x00\x00\x00\x00'
West,b'\x88\x1e\x00\x00\x00\x00\x00\x00',b'\x04\x00\x00\x00\x00\x00\x00\x00\x02\x00\x00\x00\x00\x00\x00\x00\x06\x00\x00\x00\x00\x00\x00\x00'
West,b'\xf9\x03\x00\x00\x00\x00\x00\x00',b'\x04\x00\x00\x00\x00\x00\x00\x00\x02\x00\x00\x00\x00\x00\x00\x00\x05\x00\x00\x00\x00\x00\x00\x00\x03\x00\x00\x00\x00\x00\x00\x00\x03\x00\x00\x00\x00\x00\x00\x00'
East,b'#)\x00\x00\x00\x00\x00\x00',b'\x04\x00\x00\x00\x00\x00\x00\x00\x02\x00\x00\x00\x00\x00\x00\x00\x05\x00\x00\x00\x00\x00\x00\x00'
East,b'\xe9\x01\x00\x00\x00\x00\x00\x00',b'\x04\x00\x00\x00\x00\x00\x00\x00\x02\x00\x00\x00\x00\x00\x00\x00\x05\x00\x00\x00\x00\x00\x00\x00'
West,b'\xed\x1c\x00\x00\x00\x00\x00\x00',b'\x04\x00\x00\x00\x00\x00\x00\x00\x02\x00\x00\x00\x00\x00\x00\x00\x04\x00\x00\x00\x00\x00\x00\x00\x03\x00\x00\x00\x00\x00\x00\x00\x02\x00\x00\x00\x00\x00\x00\x00'
West,b'(\x07\x00\x00\x00\x00\x00\x00',b'\x04\x00\x00\x00\x00\x00\x00\x00\x02\x00\x00\x00\x00\x00\x00\x00\x04\x00\x00\x00\x00\x00\x00\x00'
West,b'\x84&\x00\x00\x00\x00\x00\x00',b'\x04\x00\x00\x00\x00\x00\x00\x00\x02\x00\x00\x00\x00\x00\x00\x00\x04\x00\x00\x00\x00\x00\x00\x00'
East,b'%\x1d\x00\x00\x00\x00\x00\x00',b'\x04\x00\x00\x00\x00\x00\x00\x00\x02\x00\x00\x00\x00\x00\x00\x00\x04\x00\x00\x00\x00\x00\x00\x00'
West,b'\x03%\x00\x00\x00\x00\x00\x00',b'\x04\x00\x00\x00\x00\x00\x00\x00\x02\x00\x00\x00\x00\x00\x00\x00\x04\x00\x00\x00\x00\x00\x00\x00'
South,b'm%\x00\x00\x00\x00\x00\x00',b'\x04\x00\x00\x00\x00\x00\x00\x00\x02\x00\x00\x00\x00\x00\x00\x00\x04\x00\x00\x00\x00\x00\x00\x00'
West,b'\xf5\x19\x00\x00\x00\x00\x00\x00',b'\x04\x00\x00\x00\x00\x00\x00\x00\x02\x00\x00\x00\x00\x00\x00\x00\x03\x00\x00\x00\x00\x00\x00\x00\t\x00\x00\x00\x00\x00\x00\x00'
East,b'\xd5\x08\x00\x00\x00\x00\x00\x00',b'\x04\x00\x00\x00\x00\x00\x00\x00\x02\x00\x00\x00\x00\x00\x00\x00\x03\x00\x00\x00\x00\x00\x00\x00\x05\x00\x00\x00\x00\x00\x00\x00\x02\x00\x00\x00\x00\x00\x00\x00\x04\x00\x00\x00\x00\x00\x00\x00\x01\x00\x00\x00\x00\x00\x00\x00'
South,"b""a'\x00\x00\x00\x00\x00\x00""",b'\x04\x00\x00\x00\x00\x00\x00\x00\x02\x00\x00\x00\x00\x00\x00\x00\x03\x00\x00\x00\x00\x00\x00\x00\x01\x00\x00\x00\x00\x00\x00\x00'
Central,b'\x14\t\x00\x00\x00\x00\x00\x00',b'\x04\x00\x00\x00\x00\x00\x00\x00\x02\x00\x00\x00\x00\x00\x00\x00\x03\x00\x00\x00\x00\x00\x00\x00'
East,b'\xf1\x00\x00\x00\x00\x00\x00\x00',b'\x04\x00\x00\x00\x00\x00\x00\x00\x02\x00\x00\x00\x00\x00\x00\x00\x03\x00\x00\x00\x00\x00\x00\x00'
East,b'\xf3\n\x00\x00\x00\x00\x00\x00',b'\x04\x00\x00\x00\x00\x00\x00\x00\x02\x00\x00\x00\x00\x00\x00\x00\x02\x00\x00\x00\x00\x00\x00\x00\x03\x00\x00\x00\x00\x00\x00\x00'
West,b'^\x1f\x00\x00\x00\x00\x00\x00',b'\x04\x00\x00\x00\x00\x00\x00\x00\x02\x00\x00\x00\x00\x00\x00\x00\x02\x00\x00\x00\x00\x00\x00\x00\x02\x00\x00\x00\x00\x00\x00\x00\x03\x00\x00\x00\x00\x00\x00\x00\x01\x00\x00\x00\x00\x00\x00\x00'
West,b'\xd1$\x00\x00\x00\x00\x00\x00',b'\x04\x00\x00\x00\x00\x00\x00\x00\x02\x00\x00\x00\x00\x00\x00\x00\x02\x00\x00\x00\x00\x00\x00\x00\x02\x00\x00\x00\x00\x00\x00\x00\x03\x00\x00\x00\x00\x00\x00\x00\x01\x00\x00\x00\x00\x00\x00\x00'
East,b' \x04\x00\x00\x00\x00\x00\x00',b'\x04\x00\x00\x00\x00\x00\x00\x00\x02\x00\x00\x00\x00\x00\x00\x00\x02\x00\x00\x00\x00\x00\x00\x00\x02\x00\x00\x00\x00\x00\x00\x00'
West,b'\xf3$\x00\x00\x00\x00\x00\x00',b'\x04\x00\x00\x00\x00\x00\x00\x00\x02\x00\x00\x00\x00\x00\x00\x00\x02\x00\x00\x00\x00\x00\x00\x00\x01\x00\x00\x00\x00\x00\x00\x00\x03\x00\x00\x00\x00\x00\x00\x00'
West,b'\x91%\x00\x00\x00\x00\x00\x00',b'\x04\x00\x00\x00\x00\x00\x00\x00\x02\x00\x00\x00\x00\x00\x00\x00\x02\x00\x00\x00\x00\x00\x00\x00'
Central,b'\x85\x1f\x00\x00\x00\x00\x00\x00',b'\x04\x00\x00\x00\x00\x00\x00\x00\x02\x00\x00\x00\x00\x00\x00\x00\x02\x00\x00\x00\x00\x00\x00\x00'
East,"b""\x02'\x00\x00\x00\x00\x00\x00""",b'\x04\x00\x00\x00\x00\x00\x00\x00\x02\x00\x00\x00\x00\x00\x00\x00\x02\x00\x00\x00\x00\x00\x00\x00'
East,b'\x0c\x1d\x00\x00\x00\x00\x00\x00',b'\x04\x00\x00\x00\x00\x00\x00\x00\x02\x00\x00\x00\x00\x00\x00\x00\x02\x00\x00\x00\x00\x00\x00\x00'
West,"b'\x11""\x00\x00\x00\x00\x00\x00'",b'\x04\x00\x00\x00\x00\x00\x00\x00\x02\x00\x00\x00\x00\x00\x00\x00\x02\x00\x00\x00\x00\x00\x00\x00'
East,b'\xf9\x03\x00\x00\x00\x00\x00\x00',b'\x04\x00\x00\x00\x00\x00\x00\x00\x02\x00\x00\x00\x00\x00\x00\x00\x02\x00\x00\x00\x00\x00\x00\x00'
East,b'8\x17\x00\x00\x00\x00\x00\x00',b'\x04\x00\x00\x00\x00\x00\x00\x00\x02\x00\x00\x00\x00\x00\x00\x00\x02\x00\x00\x00\x00\x00\x00\x00'
West,b'\xf3\x0f\x00\x00\x00\x00\x00\x00',b'\x04\x00\x00\x00\x00\x00\x00\x00\x02\x00\x00\x00\x00\x00\x00\x00\x02\x00\x00\x00\x00\x00\x00\x00'
Central,b'\xb9\x17\x00\x00\x00\x00\x00\x00',b'\x04\x00\x00\x00\x00\x00\x00\x00\x02\x00\x00\x00\x00\x00\x00\x00\x02\x00\x00\x00\x00\x00\x00\x00'
Central,b'\xc2\x16\x00\x00\x00\x00\x00\x00',b'\x04\x00\x00\x00\x00\x00\x00\x00\x02\x00\x00\x00\x00\x00\x00\x00\x02\x00\x00\x00\x00\x00\x00\x00'
East,b'\xca\x07\x00\x00\x00\x00\x00\x00',b'\x04\x00\x00\x00\x00\x00\x00\x00\x02\x00\x00\x00\x00\x00\x00\x00\x02\x00\x00\x00\x00\x00\x00\x00'
West,b'\x92\x14\x00\x00\x00\x00\x00\x00',b'\x04\x00\x00\x00\x00\x00\x00\x00\x02\x00\x00\x00\x00\x00\x00\x00\x02\x00\x00\x00\x00\x00\x00\x00'
East,b'\x00\x03\x00\x00\x00\x00\x00\x00',b'\x04\x00\x00\x00\x00\x00\x00\x00\x02\x00\x00\x00\x00\x00\x00\x00\x02\x00\x00\x00\x00\x00\x00\x00'
West,b'C&\x00\x00\x00\x00\x00\x00',b'\x04\x00\x00\x00\x00\x00\x00\x00\x02\x00\x00\x00\x00\x00\x00\x00\x01\x00\x00\x00\x00\x00\x00\x00'
East,b'*&\x00\x00\x00\x00\x00\x00',b'\x04\x00\x00\x00\x00\x00\x00\x00\x02\x00\x00\x00\x00\x00\x00\x00\x01\x00\x00\x00\x00\x00\x00\x00'
East,"b""q'\x00\x00\x00\x00\x00\x00""",b'\x04\x00\x00\x00\x00\x00\x00\x00\x02\x00\x00\x00\x00\x00\x00\x00\x01\x00\x00\x00\x00\x00\x00\x00'
South,b'\xd3\x0f\x00\x00\x00\x00\x00\x00',b'\x04\x00\x00\x00\x00\x00\x00\x00\x02\x00\x00\x00\x00\x00\x00\x00\x01\x00\x00\x00\x00\x00\x00\x00'
East,b'C \x00\x00\x00\x00\x00\x00',b'\x04\x00\x00\x00\x00\x00\x00\x00\x02\x00\x00\x00\x00\x00\x00\x00\x01\x00\x00\x00\x00\x00\x00\x00'
West,b'~\x16\x00\x00\x00\x00\x00\x00',b'\x04\x00\x00\x00\x00\x00\x00\x00\x02\x00\x00\x00\x00\x00\x00\x00\x01\x00\x00\x00\x00\x00\x00\x00'
East,b'\xed\x03\x00\x00\x00\x00\x00\x00',b'\x04\x00\x00\x00\x00\x00\x00\x00\x02\x00\x00\x00\x00\x00\x00\x00\x01\x00\x00\x00\x00\x00\x00\x00'
West,b'\xc9\x15\x00\x00\x00\x00\x00\x00',b'\x04\x00\x00\x00\x00\x00\x00\x00\x02\x00\x00\x00\x00\x00\x00\x00\x01\x00\x00\x00\x00\x00\x00\x00'
West,b'\x9e\x0e\x00\x00\x00\x00\x00\x00',b'\x04\x00\x00\x00\x00\x00\x00\x00\x02\x00\x00\x00\x00\x00\x00\x00'
South,b'\x0c\x02\x00\x00\x00\x00\x00\x00',b'\x04\x00\x00\x00\x00\x00\x00\x00\x02\x00\x00\x00\x00\x00\x00\x00'
South,b'\xf4\x06\x00\x00\x00\x00\x00\x00',b'\x04\x00\x00\x00\x00\x00\x00\x00\x02\x00\x00\x00\x00\x00\x00\x00'
Central,b'%(\x00\x00\x00\x00\x00\x00',b'\x04\x00\x00\x00\x00\x00\x00\x00\x02\x00\x00\x00\x00\x00\x00\x00'
West,"b'\x9c""\x00\x00\x00\x00\x00\x00'",b'\x04\x00\x00\x00\x00\x00\x00\x00\x02\x00\x00\x00\x00\x00\x00\x00'
South,b'}\x13\x00\x00\x00\x00\x00\x00',b'\x04\x00\x00\x00\x00\x00\x00\x00\x02\x00\x00\x00\x00\x00\x00\x00'
Central,b'%\x04\x00\x00\x00\x00\x00\x00',b'\x04\x00\x00\x00\x00\x00\x00\x00\x02\x00\x00\x00\x00\x00\x00\x00'
South,b'\xa4\x1e\x00\x00\x00\x00\x00\x00',b'\x04\x00\x00\x00\x00\x00\x00\x00\x02\x00\x00\x00\x00\x00\x00\x00'
West,b'\xc9%\x00\x00\x00\x00\x00\x00',b'\x04\x00\x00\x00\x00\x00\x00\x00\x02\x00\x00\x00\x00\x00\x00\x00'
South,b'\n$\x00\x00\x00\x00\x00\x00',b'\x04\x00\x00\x00\x00\x00\x00\x00\x02\x00\x00\x00\x00\x00\x00\x00'
West,b' \x1e\x00\x00\x00\x00\x00\x00',b'\x04\x00\x00\x00\x00\x00\x00\x00\x02\x00\x00\x00\x00\x00\x00\x00'
West,b'@\x13\x00\x00\x00\x00\x00\x00',b'\x04\x00\x00\x00\x00\x00\x00\x00\x02\x00\x00\x00\x00\x00\x00\x00'
South,b'\x08\x16\x00\x00\x00\x00\x00\x00',b'\x04\x00\x00\x00\x00\x00\x00\x00\x02\x00\x00\x00\x00\x00\x00\x00'
Central,b'\x1e\x1d\x00\x00\x00\x00\x00\x00',b'\x04\x00\x00\x00\x00\x00\x00\x00\x02\x00\x00\x00\x00\x00\x00\x00'
South,b'&(\x00\x00\x00\x00\x00\x00',b'\x04\x00\x00\x00\x00\x00\x00\x00\x02\x00\x00\x00\x00\x00\x00\x00'
Central,b'\xdd\x03\x00\x00\x00\x00\x00\x00',b'\x04\x00\x00\x00\x00\x00\x00\x00\x02\x00\x00\x00\x00\x00\x00\x00'
East,b'\xa5\x1d\x00\x00\x00\x00\x00\x00',b'\x04\x00\x00\x00\x00\x00\x00\x00\x02\x00\x00\x00\x00\x00\x00\x00'
East,b'\xa9\x11\x00\x00\x00\x00\x00\x00',b'\x04\x00\x00\x00\x00\x00\x00\x00\x02\x00\x00\x00\x00\x00\x00\x00'
East,b'\x08)\x00\x00\x00\x00\x00\x00',b'\x04\x00\x00\x00\x00\x00\x00\x00\x02\x00\x00\x00\x00\x00\x00\x00'
Central,b'\xac!\x00\x00\x00\x00\x00\x00',b'\x04\x00\x00\x00\x00\x00\x00\x00\x02\x00\x00\x00\x00\x00\x00\x00'
Central,b'\x03\x18\x00\x00\x00\x00\x00\x00',b'\x04\x00\x00\x00\x00\x00\x00\x00\x02\x00\x00\x00\x00\x00\x00\x00'
East,b'\xab%\x00\x00\x00\x00\x00\x00',b'\x04\x00\x00\x00\x00\x00\x00\x00\x02\x00\x00\x00\x00\x00\x00\x00'
West,b'\x97\x1c\x00\x00\x00\x00\x00\x00',b'\x04\x00\x00\x00\x00\x00\x00\x00\x02\x00\x00\x00\x00\x00\x00\x00'
East,b'\xec\x19\x00\x00\x00\x00\x00\x00',b'\x04\x00\x00\x00\x00\x00\x00\x00\x02\x00\x00\x00\x00\x00\x00\x00'
Central,b'\xa5!\x00\x00\x00\x00\x00\x00',b'\x04\x00\x00\x00\x00\x00\x00\x00\x02\x00\x00\x00\x00\x00\x00\x00'
West,b'\xb8\x16\x00\x00\x00\x00\x00\x00',b'\x04\x00\x00\x00\x00\x00\x00\x00\x02\x00\x00\x00\x00\x00\x00\x00'
East,b'\x9b\x1d\x00\x00\x00\x00\x00\x00',b'\x04\x00\x00\x00\x00\x00\x00\x00\x02\x00\x00\x00\x00\x00\x00\x00'
East,b'\xa7\x17\x00\x00\x00\x00\x00\x00',b'\x04\x00\x00\x00\x00\x00\x00\x00\x02\x00\x00\x00\x00\x00\x00\x00'
West,b'\xfc&\x00\x00\x00\x00\x00\x00',b'\x04\x00\x00\x00\x00\x00\x00\x00\x02\x00\x00\x00\x00\x00\x00\x00'
West,b'\xba\x0f\x00\x00\x00\x00\x00\x00',b'\x04\x00\x00\x00\x00\x00\x00\x00\x02\x00\x00\x00\x00\x00\x00\x00'
South,b'\xf7$\x00\x00\x00\x00\x00\x00',b'\x04\x00\x00\x00\x00\x00\x00\x00\x02\x00\x00\x00\x00\x00\x00\x00'
West,b'\xbc\x1e\x00\x00\x00\x00\x00\x00',b'\x04\x00\x00\x00\x00\x00\x00\x00\x02\x00\x00\x00\x00\x00\x00\x00'
South,b'\xd1$\x00\x00\x00\x00\x00\x00',b'\x04\x00\x00\x00\x00\x00\x00\x00\x02\x00\x00\x00\x00\x00\x00\x00'
West,b'\xbd#\x00\x00\x00\x00\x00\x00',b'\x04\x00\x00\x00\x00\x00\x00\x00\x02\x00\x00\x00\x00\x00\x00\x00'
East,b'\x8e&\x00\x00\x00\x00\x00\x00',b'\x04\x00\x00\x00\x00\x00\x00\x00\x02\x00\x00\x00\x00\x00\x00\x00'
Central,b'\x15\x0e\x00\x00\x00\x00\x00\x00',b'\x04\x00\x00\x00\x00\x00\x00\x00\x02\x00\x00\x00\x00\x00\x00\x00'
East,"b'\x8b""\x00\x00\x00\x00\x00\x00'",b'\x04\x00\x00\x00\x00\x00\x00\x00\x02\x00\x00\x00\x00\x00\x00\x00'
South,b'\x82$\x00\x00\x00\x00\x00\x00',b'\x04\x00\x00\x00\x00\x00\x00\x00\x02\x00\x00\x00\x00\x00\x00\x00'
East,b'\x86\x1d\x00\x00\x00\x00\x00\x00',b'\x04\x00\x00\x00\x00\x00\x00\x00\x02\x00\x00\x00\x00\x00\x00\x00'
West,b'\xcc\x14\x00\x00\x00\x00\x00\x00',b'\x04\x00\x00\x00\x00\x00\x00\x00\x02\x00\x00\x00\x00\x00\x00\x00'
Central,b'\xb0%\x00\x00\x00\x00\x00\x00',b'\x04\x00\x00\x00\x00\x00\x00\x00\x02\x00\x00\x00\x00\x00\x00\x00'
Central,b'\xf5\x14\x00\x00\x00\x00\x00\x00',b'\x04\x00\x00\x00\x00\x00\x00\x00\x02\x00\x00\x00\x00\x00\x00\x00'
East,b'`\x03\x00\x00\x00\x00\x00\x00',b'\x04\x00\x00\x00\x00\x00\x00\x00\x02\x00\x00\x00\x00\x00\x00\x00'
East,b'I!\x00\x00\x00\x00\x00\x00',b'\x04\x00\x00\x00\x00\x00\x00\x00\x02\x00\x00\x00\x00\x00\x00\x00'
East,b'\xbd\x16\x00\x00\x00\x00\x00\x00',b'\x04\x00\x00\x00\x00\x00\x00\x00\x02\x00\x00\x00\x00\x00\x00\x00'
West,b'\x17\x08\x00\x00\x00\x00\x00\x00',b'\x04\x00\x00\x00\x00\x00\x00\x00\x02\x00\x00\x00\x00\x00\x00\x00'
Central,b'\\#\x00\x00\x00\x00\x00\x00',b'\x04\x00\x00\x00\x00\x00\x00\x00\x02\x00\x00\x00\x00\x00\x00\x00'
Central,"b',\x1c\x00\x00\x00\x00\x00\x00'",b'\x04\x00\x00\x00\x00\x00\x00\x00\x02\x00\x00\x00\x00\x00\x00\x00'
Central,b'7\x03\x00\x00\x00\x00\x00\x00',b'\x04\x00\x00\x00\x00\x00\x00\x00\x02\x00\x00\x00\x00\x00\x00\x00'
South,b'P\x06\x00\x00\x00\x00\x00\x00',b'\x04\x00\x00\x00\x00\x00\x00\x00\x02\x00\x00\x00\x00\x00\x00\x00'
Central,b'f\x1f\x00\x00\x00\x00\x00\x00',b'\x04\x00\x00\x00\x00\x00\x00\x00\x02\x00\x00\x00\x00\x00\x00\x00'
East,b'k(\x00\x00\x00\x00\x00\x00',b'\x04\x00\x00\x00\x00\x00\x00\x00\x02\x00\x00\x00\x00\x00\x00\x00'
Central,b'K\x13\x00\x00\x00\x00\x00\x00',b'\x04\x00\x00\x00\x00\x00\x00\x00\x02\x00\x00\x00\x00\x00\x00\x00'
East,b'\xc2 \x00\x00\x00\x00\x00\x00',b'\x04\x00\x00\x00\x00\x00\x00\x00\x02\x00\x00\x00\x00\x00\x00\x00'
Central,b'9&\x00\x00\x00\x00\x00\x00',b'\x04\x00\x00\x00\x00\x00\x00\x00\x02\x00\x00\x00\x00\x00\x00\x00'
South,b'\x1d\x10\x00\x00\x00\x00\x00\x00',b'\x04\x00\x00\x00\x00\x00\x00\x00\x02\x00\x00\x00\x00\x00\x00\x00'
Central,b'\xbf\r\x00\x00\x00\x00\x00\x00',b'\x04\x00\x00\x00\x00\x00\x00\x00\x02\x00\x00\x00\x00\x00\x00\x00'
East,b'\xf3#\x00\x00\x00\x00\x00\x00',b'\x04\x00\x00\x00\x00\x00\x00\x00\x02\x00\x00\x00\x00\x00\x00\x00'
East,b'?\x1a\x00\x00\x00\x00\x00\x00',b'\x04\x00\x00\x00\x00\x00\x00\x00\x02\x00\x00\x00\x00\x00\x00\x00'
Central,b'_\t\x00\x00\x00\x00\x00\x00',b'\x04\x00\x00\x00\x00\x00\x00\x00\x02\x00\x00\x00\x00\x00\x00\x00'
East,b'h\x12\x00\x00\x00\x00\x00\x00',b'\x04\x00\x00\x00\x00\x00\x00\x00\x02\x00\x00\x00\x00\x00\x00\x00'
West,b'g\x11\x00\x00\x00\x00\x00\x00',b'\x04\x00\x00\x00\x00\x00\x00\x00\x02\x00\x00\x00\x00\x00\x00\x00'
East,b'Z$\x00\x00\x00\x00\x00\x00',b'\x04\x00\x00\x00\x00\x00\x00\x00\x02\x00\x00\x00\x00\x00\x00\x00'
West,b'_)\x00\x00\x00\x00\x00\x00',b'\x04\x00\x00\x00\x00\x00\x00\x00\x02\x00\x00\x00\x00\x00\x00\x00'
East,b'`!\x00\x00\x00\x00\x00\x00',b'\x04\x00\x00\x00\x00\x00\x00\x00\x02\x00\x00\x00\x00\x00\x00\x00'
West,"b""\xb2'\x00\x00\x00\x00\x00\x00""",b'\x04\x00\x00\x00\x00\x00\x00\x00\x02\x00\x00\x00\x00\x00\x00\x00'
West,b'L\x17\x00\x00\x00\x00\x00\x00',b'\x04\x00\x00\x00\x00\x00\x00\x00\x02\x00\x00\x00\x00\x00\x00\x00'
Central,b'0 \x00\x00\x00\x00\x00\x00',b'\x04\x00\x00\x00\x00\x00\x00\x00\x02\x00\x00\x00\x00\x00\x00\x00'
East,b'6$\x00\x00\x00\x00\x00\x00',b'\x04\x00\x00\x00\x00\x00\x00\x00\x02\x00\x00\x00\x00\x00\x00\x00'
West,b'\xa8\x1a\x00\x00\x00\x00\x00\x00',b'\x04\x00\x00\x00\x00\x00\x00\x00\x02\x00\x00\x00\x00\x00\x00\x00'
South,b'\x17\x02\x00\x00\x00\x00\x00\x00',b'\x04\x00\x00\x00\x00\x00\x00\x00\x02\x00\x00\x00\x00\x00\x00\x00'
Central,b'g)\x00\x00\x00\x00\x00\x00',b'\x04\x00\x00\x00\x00\x00\x00\x00\x02\x00\x00\x00\x00\x00\x00\x00'
West,b'\x89\x1f\x00\x00\x00\x00\x00\x00',b'\x04\x00\x00\x00\x00\x00\x00\x00\x02\x00\x00\x00\x00\x00\x00\x00'
West,b'\x89$\x00\x00\x00\x00\x00\x00',b'\x04\x00\x00\x00\x00\x00\x00\x00\x02\x00\x00\x00\x00\x00\x00\x00'
West,"b'\xcf""\x00\x00\x00\x00\x00\x00'",b'\x04\x00\x00\x00\x00\x00\x00\x00\x02\x00\x00\x00\x00\x00\x00\x00'
West,"b""\xea'\x00\x00\x00\x00\x00\x00""",b'\x04\x00\x00\x00\x00\x00\x00\x00\x02\x00\x00\x00\x00\x00\x00\x00'
Central,b'E\r\x00\x00\x00\x00\x00\x00',b'\x04\x00\x00\x00\x00\x00\x00\x00\x02\x00\x00\x00\x00\x00\x00\x00'
Central,b'L\t\x00\x00\x00\x00\x00\x00',b'\x04\x00\x00\x00\x00\x00\x00\x00\x02\x00\x00\x00\x00\x00\x00\x00'
East,b':\x00\x00\x00\x00\x00\x00\x00',b'\x04\x00\x00\x00\x00\x00\x00\x00\x02\x00\x00\x00\x00\x00\x00\x00'
South,b'^\x1f\x00\x00\x00\x00\x00\x00',b'\x04\x00\x00\x00\x00\x00\x00\x00\x02\x00\x00\x00\x00\x00\x00\x00'
West,b'\n\r\x00\x00\x00\x00\x00\x00',b'\x04\x00\x00\x00\x00\x00\x00\x00\x01\x00\x00\x00\x00\x00\x00\x00\x03\x00\x00\x00\x00\x00\x00\x00\x02\x00\x00\x00\x00\x00\x00\x00\x03\x00\x00\x00\x00\x00\x00\x00'
West,b'\xde \x00\x00\x00\x00\x00\x00',b'\x04\x00\x00\x00\x00\x00\x00\x00\x01\x00\x00\x00\x00\x00\x00\x00\x03\x00\x00\x00\x00\x00\x00\x00\x02\x00\x00\x00\x00\x00\x00\x00\x03\x00\x00\x00\x00\x00\x00\x00'
South,b'3\x1b\x00\x00\x00\x00\x00\x00',b'\x04\x00\x00\x00\x00\x00\x00\x00\x01\x00\x00\x00\x00\x00\x00\x00\x03\x00\x00\x00\x00\x00\x00\x00'
East,b'\xae\x07\x00\x00\x00\x00\x00\x00',b'\x04\x00\x00\x00\x00\x00\x00\x00\x01\x00\x00\x00\x00\x00\x00\x00\x02\x00\x00\x00\x00\x00\x00\x00'
West,b'\xdf\x1b\x00\x00\x00\x00\x00\x00',b'\x04\x00\x00\x00\x00\x00\x00\x00\x01\x00\x00\x00\x00\x00\x00\x00\x02\x00\x00\x00\x00\x00\x00\x00'
West,"b'O""\x00\x00\x00\x00\x00\x00'",b'\x04\x00\x00\x00\x00\x00\x00\x00\x01\x00\x00\x00\x00\x00\x00\x00\x02\x00\x00\x00\x00\x00\x00\x00'
West,b'\x0c\x10\x00\x00\x00\x00\x00\x00',b'\x04\x00\x00\x00\x00\x00\x00\x00\x01\x00\x00\x00\x00\x00\x00\x00\x01\x00\x00\x00\x00\x00\x00\x00'
Central,"b'\x9b""\x00\x00\x00\x00\x00\x00'",b'\x04\x00\x00\x00\x00\x00\x00\x00\x01\x00\x00\x00\x00\x00\x00\x00'
East,b'\x1b\x02\x00\x00\x00\x00\x00\x00',b'\x04\x00\x00\x00\x00\x00\x00\x00\x01\x00\x00\x00\x00\x00\x00\x00'
Central,b'\xff\x1d\x00\x00\x00\x00\x00\x00',b'\x04\x00\x00\x00\x00\x00\x00\x00\x01\x00\x00\x00\x00\x00\x00\x00'
South,"b""4'\x00\x00\x00\x00\x00\x00""",b'\x04\x00\x00\x00\x00\x00\x00\x00\x01\x00\x00\x00\x00\x00\x00\x00'
West,"b'm""\x00\x00\x00\x00\x00\x00'",b'\x04\x00\x00\x00\x00\x00\x00\x00\x01\x00\x00\x00\x00\x00\x00\x00'
East,b'\x1a\t\x00\x00\x00\x00\x00\x00',b'\x04\x00\x00\x00\x00\x00\x00\x00\x01\x00\x00\x00\x00\x00\x00\x00'
South,b'\xdd\x13\x00\x00\x00\x00\x00\x00',b'\x04\x00\x00\x00\x00\x00\x00\x00\x01\x00\x00\x00\x00\x00\x00\x00'
East,b'\x98\x14\x00\x00\x00\x00\x00\x00',b'\x04\x00\x00\x00\x00\x00\x00\x00\x01\x00\x00\x00\x00\x00\x00\x00'
West,b'\xd8\x0f\x00\x00\x00\x00\x00\x00',b'\x04\x00\x00\x00\x00\x00\x00\x00\x01\x00\x00\x00\x00\x00\x00\x00'
East,b'\x98&\x00\x00\x00\x00\x00\x00',b'\x04\x00\x00\x00\x00\x00\x00\x00\x01\x00\x00\x00\x00\x00\x00\x00'
East,b'\x01\x1d\x00\x00\x00\x00\x00\x00',b'\x04\x00\x00\x00\x00\x00\x00\x00\x01\x00\x00\x00\x00\x00\x00\x00'
South,"b""-'\x00\x00\x00\x00\x00\x00""",b'\x04\x00\x00\x00\x00\x00\x00\x00\x01\x00\x00\x00\x00\x00\x00\x00'
South,b'Z\x0b\x00\x00\x00\x00\x00\x00',b'\x04\x00\x00\x00\x00\x00\x00\x00\x01\x00\x00\x00\x00\x00\x00\x00'
East,b'\x0c\x00\x00\x00\x00\x00\x00\x00',b'\x04\x00\x00\x00\x00\x00\x00\x00\x01\x00\x00\x00\x00\x00\x00\x00'
South,b'\xbb\x08\x00\x00\x00\x00\x00\x00',b'\x04\x00\x00\x00\x00\x00\x00\x00\x01\x00\x00\x00\x00\x00\x00\x00'
East,b'O\x0b\x00\x00\x00\x00\x00\x00',b'\x04\x00\x00\x00\x00\x00\x00\x00\x01\x00\x00\x00\x00\x00\x00\x00'
East,b'R\x1c\x00\x00\x00\x00\x00\x00',b'\x04\x00\x00\x00\x00\x00\x00\x00\x01\x00\x00\x00\x00\x00\x00\x00'
Central,b'\xe0$\x00\x00\x00\x00\x00\x00',b'\x04\x00\x00\x00\x00\x00\x00\x00\x01\x00\x00\x00\x00\x00\x00\x00'
West,b'\xee\x04\x00\x00\x00\x00\x00\x00',b'\x04\x00\x00\x00\x00\x00\x00\x00\x01\x00\x00\x00\x00\x00\x00\x00'
West,b'c%\x00\x00\x00\x00\x00\x00',b'\x04\x00\x00\x00\x00\x00\x00\x00\x01\x00\x00\x00\x00\x00\x00\x00'
West,b'\x04\x1d\x00\x00\x00\x00\x00\x00',b'\x04\x00\x00\x00\x00\x00\x00\x00\x01\x00\x00\x00\x00\x00\x00\x00'
West,b'n\x0e\x00\x00\x00\x00\x00\x00',b'\x04\x00\x00\x00\x00\x00\x00\x00\x01\x00\x00\x00\x00\x00\x00\x00'
West,b'K\x13\x00\x00\x00\x00\x00\x00',b'\x04\x00\x00\x00\x00\x00\x00\x00\x01\x00\x00\x00\x00\x00\x00\x00'
East,b'\xb9\x1f\x00\x00\x00\x00\x00\x00',b'\x04\x00\x00\x00\x00\x00\x00\x00\x01\x00\x00\x00\x00\x00\x00\x00'
East,b'7\x03\x00\x00\x00\x00\x00\x00',b'\x04\x00\x00\x00\x00\x00\x00\x00\x01\x00\x00\x00\x00\x00\x00\x00'
West,b'+\x0c\x00\x00\x00\x00\x00\x00',b'\x04\x00\x00\x00\x00\x00\x00\x00\x01\x00\x00\x00\x00\x00\x00\x00'
East,b'q&\x00\x00\x00\x00\x00\x00',b'\x04\x00\x00\x00\x00\x00\x00\x00\x01\x00\x00\x00\x00\x00\x00\x00'
West,b'\xa0\x11\x00\x00\x00\x00\x00\x00',b'\x04\x00\x00\x00\x00\x00\x00\x00\x01\x00\x00\x00\x00\x00\x00\x00'
Central,b'r\x03\x00\x00\x00\x00\x00\x00',b'\x04\x00\x00\x00\x00\x00\x00\x00\x01\x00\x00\x00\x00\x00\x00\x00'
Central,b'\x95\x1f\x00\x00\x00\x00\x00\x00',b'\x04\x00\x00\x00\x00\x00\x00\x00\x01\x00\x00\x00\x00\x00\x00\x00'
East,b'\xc0)\x00\x00\x00\x00\x00\x00',b'\x04\x00\x00\x00\x00\x00\x00\x00\x01\x00\x00\x00\x00\x00\x00\x00'
Central,b'\xc5\x08\x00\x00\x00\x00\x00\x00',b'\x04\x00\x00\x00\x00\x00\x00\x00\x01\x00\x00\x00\x00\x00\x00\x00'
West,b'\x9f\x13\x00\x00\x00\x00\x00\x00',b'\x04\x00\x00\x00\x00\x00\x00\x00'
South,b'\xf1\x07\x00\x00\x00\x00\x00\x00',b'\x04\x00\x00\x00\x00\x00\x00\x00'
South,b'\x0e!\x00\x00\x00\x00\x00\x00',b'\x04\x00\x00\x00\x00\x00\x00\x00'
South,b'\xe7\x1a\x00\x00\x00\x00\x00\x00',b'\x04\x00\x00\x00\x00\x00\x00\x00'
South,b'%\x00\x00\x00\x00\x00\x00\x00',b'\x04\x00\x00\x00\x00\x00\x00\x00'
South,b'\xeb\x19\x00\x00\x00\x00\x00\x00',b'\x04\x00\x00\x00\x00\x00\x00\x00'
South,b' \x10\x00\x00\x00\x00\x00\x00',b'\x04\x00\x00\x00\x00\x00\x00\x00'
South,b'\x0e\x08\x00\x00\x00\x00\x00\x00',b'\x04\x00\x00\x00\x00\x00\x00\x00'
South,b'\xe9)\x00\x00\x00\x00\x00\x00',b'\x04\x00\x00\x00\x00\x00\x00\x00'
Central,b'\xbc\x10\x00\x00\x00\x00\x00\x00',b'\x04\x00\x00\x00\x00\x00\x00\x00'
Central,b'\xd8 \x00\x00\x00\x00\x00\x00',b'\x04\x00\x00\x00\x00\x00\x00\x00'
Central,b'\xc0\r\x00\x00\x00\x00\x00\x00',b'\x04\x00\x00\x00\x00\x00\x00\x00'
South,b'\x15\x01\x00\x00\x00\x00\x00\x00',b'\x04\x00\x00\x00\x00\x00\x00\x00'
South,b'\xf1\x06\x00\x00\x00\x00\x00\x00',b'\x04\x00\x00\x00\x00\x00\x00\x00'
South,b'\xf7#\x00\x00\x00\x00\x00\x00',b'\x04\x00\x00\x00\x00\x00\x00\x00'
West,b'\xab\x1c\x00\x00\x00\x00\x00\x00',b'\x04\x00\x00\x00\x00\x00\x00\x00'
Central,b'\xbb!\x00\x00\x00\x00\x00\x00',b'\x04\x00\x00\x00\x00\x00\x00\x00'
South,b'\xec\x14\x00\x00\x00\x00\x00\x00',b'\x04\x00\x00\x00\x00\x00\x00\x00'
Central,b'\xd9 \x00\x00\x00\x00\x00\x00',b'\x04\x00\x00\x00\x00\x00\x00\x00'
South,b'\xed\x1c\x00\x00\x00\x00\x00\x00',b'\x04\x00\x00\x00\x00\x00\x00\x00'
South,b'\xf6$\x00\x00\x00\x00\x00\x00',b'\x04\x00\x00\x00\x00\x00\x00\x00'
Central,b'\xbb \x00\x00\x00\x00\x00\x00',b'\x04\x00\x00\x00\x00\x00\x00\x00'
Central,"b""\xc3'\x00\x00\x00\x00\x00\x00""",b'\x04\x00\x00\x00\x00\x00\x00\x00'
Central,b'\xc4\x11\x00\x00\x00\x00\x00\x00',b'\x04\x00\x00\x00\x00\x00\x00\x00'
South,"b'""\x03\x00\x00\x00\x00\x00\x00'",b'\x04\x00\x00\x00\x00\x00\x00\x00'
Central,b'\xc5\x1c\x00\x00\x00\x00\x00\x00',b'\x04\x00\x00\x00\x00\x00\x00\x00'
Central,b'\xc6\x05\x00\x00\x00\x00\x00\x00',b'\x04\x00\x00\x00\x00\x00\x00\x00'
South,b'\x11\x02\x00\x00\x00\x00\x00\x00',b'\x04\x00\x00\x00\x00\x00\x00\x00'
Central,b'\xb5(\x00\x00\x00\x00\x00\x00',b'\x04\x00\x00\x00\x00\x00\x00\x00'
Central,b'\xb5$\x00\x00\x00\x00\x00\x00',b'\x04\x00\x00\x00\x00\x00\x00\x00'
Central,"b'\xbf""\x00\x00\x00\x00\x00\x00'",b'\x04\x00\x00\x00\x00\x00\x00\x00'
Central,b'\xb5\x0c\x00\x00\x00\x00\x00\x00',b'\x04\x00\x00\x00\x00\x00\x00\x00'
West,b'\xa4\x0c\x00\x00\x00\x00\x00\x00',b'\x04\x00\x00\x00\x00\x00\x00\x00'
South,b'\xe2\x1f\x00\x00\x00\x00\x00\x00',b'\x04\x00\x00\x00\x00\x00\x00\x00'
South,b'\xeb\x0c\x00\x00\x00\x00\x00\x00',b'\x04\x00\x00\x00\x00\x00\x00\x00'
South,b'\xf6\x0b\x00\x00\x00\x00\x00\x00',b'\x04\x00\x00\x00\x00\x00\x00\x00'
South,b'\x18\x17\x00\x00\x00\x00\x00\x00',b'\x04\x00\x00\x00\x00\x00\x00\x00'
South,b'$\x01\x00\x00\x00\x00\x00\x00',b'\x04\x00\x00\x00\x00\x00\x00\x00'
West,b'\x98(\x00\x00\x00\x00\x00\x00',b'\x04\x00\x00\x00\x00\x00\x00\x00'
South,b'\xf8\x13\x00\x00\x00\x00\x00\x00',b'\x04\x00\x00\x00\x00\x00\x00\x00'
Central,b'\xd7\x1d\x00\x00\x00\x00\x00\x00',b'\x04\x00\x00\x00\x00\x00\x00\x00'
South,"b'\xe4""\x00\x00\x00\x00\x00\x00'",b'\x04\x00\x00\x00\x00\x00\x00\x00'
South,b'\xe5\x08\x00\x00\x00\x00\x00\x00',b'\x04\x00\x00\x00\x00\x00\x00\x00'
West,b'\xa3\x1e\x00\x00\x00\x00\x00\x00',b'\x04\x00\x00\x00\x00\x00\x00\x00'
Central,b'\xd4\t\x00\x00\x00\x00\x00\x00',b'\x04\x00\x00\x00\x00\x00\x00\x00'
South,b'\x13&\x00\x00\x00\x00\x00\x00',b'\x04\x00\x00\x00\x00\x00\x00\x00'
West,b'\x9c!\x00\x00\x00\x00\x00\x00',b'\x04\x00\x00\x00\x00\x00\x00\x00'
South,b'\x14\x08\x00\x00\x00\x00\x00\x00',b'\x04\x00\x00\x00\x00\x00\x00\x00'
West,b'\x99\x1c\x00\x00\x00\x00\x00\x00',b'\x04\x00\x00\x00\x00\x00\x00\x00'
South,b'\xe5!\x00\x00\x00\x00\x00\x00',b'\x04\x00\x00\x00\x00\x00\x00\x00'
South,b'\xe6%\x00\x00\x00\x00\x00\x00',b'\x04\x00\x00\x00\x00\x00\x00\x00'
South,b'\x0f\x11\x00\x00\x00\x00\x00\x00',b'\x04\x00\x00\x00\x00\x00\x00\x00'
South,b'\xf1\x17\x00\x00\x00\x00\x00\x00',b'\x04\x00\x00\x00\x00\x00\x00\x00'
East,b'\xa7&\x00\x00\x00\x00\x00\x00',b'\x04\x00\x00\x00\x00\x00\x00\x00'
South,b'%(\x00\x00\x00\x00\x00\x00',b'\x04\x00\x00\x00\x00\x00\x00\x00'
South,"b""z'\x00\x00\x00\x00\x00\x00""",b'\x04\x00\x00\x00\x00\x00\x00\x00'
South,b'\xb6\t\x00\x00\x00\x00\x00\x00',b'\x04\x00\x00\x00\x00\x00\x00\x00'
Central,b':\x05\x00\x00\x00\x00\x00\x00',b'\x04\x00\x00\x00\x00\x00\x00\x00'
West,b'\xe7#\x00\x00\x00\x00\x00\x00',b'\x04\x00\x00\x00\x00\x00\x00\x00'
Central,b'6\r\x00\x00\x00\x00\x00\x00',b'\x04\x00\x00\x00\x00\x00\x00\x00'
Central,b'6\x06\x00\x00\x00\x00\x00\x00',b'\x04\x00\x00\x00\x00\x00\x00\x00'
Central,b'5\t\x00\x00\x00\x00\x00\x00',b'\x04\x00\x00\x00\x00\x00\x00\x00'
Central,b'5\x00\x00\x00\x00\x00\x00\x00',b'\x04\x00\x00\x00\x00\x00\x00\x00'
Central,b'1\x1f\x00\x00\x00\x00\x00\x00',b'\x04\x00\x00\x00\x00\x00\x00\x00'
South,b'u\x02\x00\x00\x00\x00\x00\x00',b'\x04\x00\x00\x00\x00\x00\x00\x00'
Central,b'1\x05\x00\x00\x00\x00\x00\x00',b'\x04\x00\x00\x00\x00\x00\x00\x00'
South,b'\xae\x16\x00\x00\x00\x00\x00\x00',b'\x04\x00\x00\x00\x00\x00\x00\x00'
Central,b'0\x0b\x00\x00\x00\x00\x00\x00',b'\x04\x00\x00\x00\x00\x00\x00\x00'
Central,b'0\n\x00\x00\x00\x00\x00\x00',b'\x04\x00\x00\x00\x00\x00\x00\x00'
South,b'\xae\x01\x00\x00\x00\x00\x00\x00',b'\x04\x00\x00\x00\x00\x00\x00\x00'
Central,b')%\x00\x00\x00\x00\x00\x00',b'\x04\x00\x00\x00\x00\x00\x00\x00'
West,b'\xe6\r\x00\x00\x00\x00\x00\x00',b'\x04\x00\x00\x00\x00\x00\x00\x00'
West,b'\xe5\x1f\x00\x00\x00\x00\x00\x00',b'\x04\x00\x00\x00\x00\x00\x00\x00'
West,b'\xe5\x11\x00\x00\x00\x00\x00\x00',b'\x04\x00\x00\x00\x00\x00\x00\x00'
Central,b'M#\x00\x00\x00\x00\x00\x00',b'\x04\x00\x00\x00\x00\x00\x00\x00'
South,"b""b'\x00\x00\x00\x00\x00\x00""",b'\x04\x00\x00\x00\x00\x00\x00\x00'
South,b'c\x02\x00\x00\x00\x00\x00\x00',b'\x04\x00\x00\x00\x00\x00\x00\x00'
Central,b'O(\x00\x00\x00\x00\x00\x00',b'\x04\x00\x00\x00\x00\x00\x00\x00'
South,b'e\x08\x00\x00\x00\x00\x00\x00',b'\x04\x00\x00\x00\x00\x00\x00\x00'
South,b'\xbb\x07\x00\x00\x00\x00\x00\x00',b'\x04\x00\x00\x00\x00\x00\x00\x00'
West,b'\xdf\x03\x00\x00\x00\x00\x00\x00',b'\x04\x00\x00\x00\x00\x00\x00\x00'
Central,b'J\t\x00\x00\x00\x00\x00\x00',b'\x04\x00\x00\x00\x00\x00\x00\x00'
South,b'm&\x00\x00\x00\x00\x00\x00',b'\x04\x00\x00\x00\x00\x00\x00\x00'
South,b'\xb9\x1f\x00\x00\x00\x00\x00\x00',b'\x04\x00\x00\x00\x00\x00\x00\x00'
Central,b'I#\x00\x00\x00\x00\x00\x00',b'\x04\x00\x00\x00\x00\x00\x00\x00'
Central,"b'H""\x00\x00\x00\x00\x00\x00'",b'\x04\x00\x00\x00\x00\x00\x00\x00'
Central,b'G\x04\x00\x00\x00\x00\x00\x00',b'\x04\x00\x00\x00\x00\x00\x00\x00'
West,b'\xe1$\x00\x00\x00\x00\x00\x00',b'\x04\x00\x00\x00\x00\x00\x00\x00'
South,b'm\x11\x00\x00\x00\x00\x00\x00',b'\x04\x00\x00\x00\x00\x00\x00\x00'
West,b'\xf0\x00\x00\x00\x00\x00\x00\x00',b'\x04\x00\x00\x00\x00\x00\x00\x00'
South,b'{)\x00\x00\x00\x00\x00\x00',b'\x04\x00\x00\x00\x00\x00\x00\x00'
Central,b'\xad!\x00\x00\x00\x00\x00\x00',b'\x04\x00\x00\x00\x00\x00\x00\x00'
South,b'\xa6 \x00\x00\x00\x00\x00\x00',b'\x04\x00\x00\x00\x00\x00\x00\x00'
South,b'\x97&\x00\x00\x00\x00\x00\x00',b'\x04\x00\x00\x00\x00\x00\x00\x00'
South,b'\x96&\x00\x00\x00\x00\x00\x00',b'\x04\x00\x00\x00\x00\x00\x00\x00'
Central,b'\x0b\x15\x00\x00\x00\x00\x00\x00',b'\x04\x00\x00\x00\x00\x00\x00\x00'
South,b'\x8a\x18\x00\x00\x00\x00\x00\x00',b'\x04\x00\x00\x00\x00\x00\x00\x00'
South,b'\x96\x03\x00\x00\x00\x00\x00\x00',b'\x04\x00\x00\x00\x00\x00\x00\x00'
Central,"b'\t""\x00\x00\x00\x00\x00\x00'",b'\x04\x00\x00\x00\x00\x00\x00\x00'
South,b'\x8c\x1e\x00\x00\x00\x00\x00\x00',b'\x04\x00\x00\x00\x00\x00\x00\x00'
South,b'\x8c)\x00\x00\x00\x00\x00\x00',b'\x04\x00\x00\x00\x00\x00\x00\x00'
West,b'\xfe\x17\x00\x00\x00\x00\x00\x00',b'\x04\x00\x00\x00\x00\x00\x00\x00'
South,"b""\x93'\x00\x00\x00\x00\x00\x00""",b'\x04\x00\x00\x00\x00\x00\x00\x00'
South,b'\x8e%\x00\x00\x00\x00\x00\x00',b'\x04\x00\x00\x00\x00\x00\x00\x00'
South,b'\x8f\x08\x00\x00\x00\x00\x00\x00',b'\x04\x00\x00\x00\x00\x00\x00\x00'
South,b'\x93%\x00\x00\x00\x00\x00\x00',b'\x04\x00\x00\x00\x00\x00\x00\x00'
Central,b'\x01\x16\x00\x00\x00\x00\x00\x00',b'\x04\x00\x00\x00\x00\x00\x00\x00'
Central,b'\x01\x15\x00\x00\x00\x00\x00\x00',b'\x04\x00\x00\x00\x00\x00\x00\x00'
Central,b'\x0c\x1b\x00\x00\x00\x00\x00\x00',b'\x04\x00\x00\x00\x00\x00\x00\x00'
Central,b'\x10\x14\x00\x00\x00\x00\x00\x00',b'\x04\x00\x00\x00\x00\x00\x00\x00'
South,b'\x99\x13\x00\x00\x00\x00\x00\x00',b'\x04\x00\x00\x00\x00\x00\x00\x00'
Central,b'!\x05\x00\x00\x00\x00\x00\x00',b'\x04\x00\x00\x00\x00\x00\x00\x00'
South,b'\x7f\x06\x00\x00\x00\x00\x00\x00',b'\x04\x00\x00\x00\x00\x00\x00\x00'
Central,"b'""\r\x00\x00\x00\x00\x00\x00'",b'\x04\x00\x00\x00\x00\x00\x00\x00'
West,"b""\xf1'\x00\x00\x00\x00\x00\x00""",b'\x04\x00\x00\x00\x00\x00\x00\x00'
Central,b'!\x1b\x00\x00\x00\x00\x00\x00',b'\x04\x00\x00\x00\x00\x00\x00\x00'
South,b'\xa2\t\x00\x00\x00\x00\x00\x00',b'\x04\x00\x00\x00\x00\x00\x00\x00'
South,b'\xa1\x15\x00\x00\x00\x00\x00\x00',b'\x04\x00\x00\x00\x00\x00\x00\x00'
Central,b'\x1f\x13\x00\x00\x00\x00\x00\x00',b'\x04\x00\x00\x00\x00\x00\x00\x00'
South,b'\x99&\x00\x00\x00\x00\x00\x00',b'\x04\x00\x00\x00\x00\x00\x00\x00'
Central,b'\x1f\x01\x00\x00\x00\x00\x00\x00',b'\x04\x00\x00\x00\x00\x00\x00\x00'
South,b'\x82\x17\x00\x00\x00\x00\x00\x00',b'\x04\x00\x00\x00\x00\x00\x00\x00'
South,b'\x9f\x13\x00\x00\x00\x00\x00\x00',b'\x04\x00\x00\x00\x00\x00\x00\x00'
South,b'\x84\x10\x00\x00\x00\x00\x00\x00',b'\x04\x00\x00\x00\x00\x00\x00\x00'
Central,b'\x13\x02\x00\x00\x00\x00\x00\x00',b'\x04\x00\x00\x00\x00\x00\x00\x00'
Central,b'\x11\x19\x00\x00\x00\x00\x00\x00',b'\x04\x00\x00\x00\x00\x00\x00\x00'
Central,"b""Q'\x00\x00\x00\x00\x00\x00""",b'\x04\x00\x00\x00\x00\x00\x00\x00'
South,b'`\x05\x00\x00\x00\x00\x00\x00',b'\x04\x00\x00\x00\x00\x00\x00\x00'
West,b'\xdb!\x00\x00\x00\x00\x00\x00',b'\x04\x00\x00\x00\x00\x00\x00\x00'
Central,"b""R'\x00\x00\x00\x00\x00\x00""",b'\x04\x00\x00\x00\x00\x00\x00\x00'
South,b'\xda\x1d\x00\x00\x00\x00\x00\x00',b'\x04\x00\x00\x00\x00\x00\x00\x00'
Central,b'\x99\x1c\x00\x00\x00\x00\x00\x00',b'\x04\x00\x00\x00\x00\x00\x00\x00'
Central,b'\x99\x0c\x00\x00\x00\x00\x00\x00',b'\x04\x00\x00\x00\x00\x00\x00\x00'
West,b'\xbf\r\x00\x00\x00\x00\x00\x00',b'\x04\x00\x00\x00\x00\x00\x00\x00'
South,b';$\x00\x00\x00\x00\x00\x00',b'\x04\x00\x00\x00\x00\x00\x00\x00'
Central,b'\x94\x1f\x00\x00\x00\x00\x00\x00',b'\x04\x00\x00\x00\x00\x00\x00\x00'
South,b'<\x05\x00\x00\x00\x00\x00\x00',b'\x04\x00\x00\x00\x00\x00\x00\x00'
Central,b'\x93\x11\x00\x00\x00\x00\x00\x00',b'\x04\x00\x00\x00\x00\x00\x00\x00'
Central,b'\x90\x04\x00\x00\x00\x00\x00\x00',b'\x04\x00\x00\x00\x00\x00\x00\x00'
West,b'\xc3 \x00\x00\x00\x00\x00\x00',b'\x04\x00\x00\x00\x00\x00\x00\x00'
Central,b'\x8f\x00\x00\x00\x00\x00\x00\x00',b'\x04\x00\x00\x00\x00\x00\x00\x00'
West,b'\xc4\x11\x00\x00\x00\x00\x00\x00',b'\x04\x00\x00\x00\x00\x00\x00\x00'
Central,b'\x8c\x05\x00\x00\x00\x00\x00\x00',b'\x04\x00\x00\x00\x00\x00\x00\x00'
West,"b""\xc6'\x00\x00\x00\x00\x00\x00""",b'\x04\x00\x00\x00\x00\x00\x00\x00'
Central,b'\x89$\x00\x00\x00\x00\x00\x00',b'\x04\x00\x00\x00\x00\x00\x00\x00'
Central,"b""\x9b'\x00\x00\x00\x00\x00\x00""",b'\x04\x00\x00\x00\x00\x00\x00\x00'
Central,b'\x9c\x00\x00\x00\x00\x00\x00\x00',b'\x04\x00\x00\x00\x00\x00\x00\x00'
Central,b'\x9c\x11\x00\x00\x00\x00\x00\x00',b'\x04\x00\x00\x00\x00\x00\x00\x00'
South,"b'.""\x00\x00\x00\x00\x00\x00'",b'\x04\x00\x00\x00\x00\x00\x00\x00'
West,b'\xb6\x1d\x00\x00\x00\x00\x00\x00',b'\x04\x00\x00\x00\x00\x00\x00\x00'
Central,"b""\xab'\x00\x00\x00\x00\x00\x00""",b'\x04\x00\x00\x00\x00\x00\x00\x00'
Central,b'\xa8\x1f\x00\x00\x00\x00\x00\x00',b'\x04\x00\x00\x00\x00\x00\x00\x00'
Central,b'\xa8\x1a\x00\x00\x00\x00\x00\x00',b'\x04\x00\x00\x00\x00\x00\x00\x00'
West,b'\xb8\x00\x00\x00\x00\x00\x00\x00',b'\x04\x00\x00\x00\x00\x00\x00\x00'
South,b'.\x17\x00\x00\x00\x00\x00\x00',b'\x04\x00\x00\x00\x00\x00\x00\x00'
Central,b'\xa3\x05\x00\x00\x00\x00\x00\x00',b'\x04\x00\x00\x00\x00\x00\x00\x00'
South,b'4\x0e\x00\x00\x00\x00\x00\x00',b'\x04\x00\x00\x00\x00\x00\x00\x00'
South,b'0\n\x00\x00\x00\x00\x00\x00',b'\x04\x00\x00\x00\x00\x00\x00\x00'
West,b'\xba\x1e\x00\x00\x00\x00\x00\x00',b'\x04\x00\x00\x00\x00\x00\x00\x00'
Central,"b'\x9e""\x00\x00\x00\x00\x00\x00'",b'\x04\x00\x00\x00\x00\x00\x00\x00'
Central,b'\x9e\x16\x00\x00\x00\x00\x00\x00',b'\x04\x00\x00\x00\x00\x00\x00\x00'
South,b'1 \x00\x00\x00\x00\x00\x00',b'\x04\x00\x00\x00\x00\x00\x00\x00'
South,b'2\n\x00\x00\x00\x00\x00\x00',b'\x04\x00\x00\x00\x00\x00\x00\x00'
South,b'\xd5\t\x00\x00\x00\x00\x00\x00',b'\x04\x00\x00\x00\x00\x00\x00\x00'
South,b'\xd3&\x00\x00\x00\x00\x00\x00',b'\x04\x00\x00\x00\x00\x00\x00\x00'
South,b'C)\x00\x00\x00\x00\x00\x00',b'\x04\x00\x00\x00\x00\x00\x00\x00'
Central,b'`\t\x00\x00\x00\x00\x00\x00',b'\x04\x00\x00\x00\x00\x00\x00\x00'
South,b'S\x0e\x00\x00\x00\x00\x00\x00',b'\x04\x00\x00\x00\x00\x00\x00\x00'
South,b'\xc5\x1a\x00\x00\x00\x00\x00\x00',b'\x04\x00\x00\x00\x00\x00\x00\x00'
Central,b'g%\x00\x00\x00\x00\x00\x00',b'\x04\x00\x00\x00\x00\x00\x00\x00'
West,b'\xd5\x0e\x00\x00\x00\x00\x00\x00',b'\x04\x00\x00\x00\x00\x00\x00\x00'
South,b'\xc4\x06\x00\x00\x00\x00\x00\x00',b'\x04\x00\x00\x00\x00\x00\x00\x00'
Central,b'c\x0c\x00\x00\x00\x00\x00\x00',b'\x04\x00\x00\x00\x00\x00\x00\x00'
South,b'\xc0&\x00\x00\x00\x00\x00\x00',b'\x04\x00\x00\x00\x00\x00\x00\x00'
South,b'\xc8#\x00\x00\x00\x00\x00\x00',b'\x04\x00\x00\x00\x00\x00\x00\x00'
Central,b'Y\r\x00\x00\x00\x00\x00\x00',b'\x04\x00\x00\x00\x00\x00\x00\x00'
Central,b'V\x01\x00\x00\x00\x00\x00\x00',b'\x04\x00\x00\x00\x00\x00\x00\x00'
South,b'^%\x00\x00\x00\x00\x00\x00',b'\x04\x00\x00\x00\x00\x00\x00\x00'
Central,b'U\x18\x00\x00\x00\x00\x00\x00',b'\x04\x00\x00\x00\x00\x00\x00\x00'
Central,b'T\x0b\x00\x00\x00\x00\x00\x00',b'\x04\x00\x00\x00\x00\x00\x00\x00'
Central,b'S&\x00\x00\x00\x00\x00\x00',b'\x04\x00\x00\x00\x00\x00\x00\x00'
South,b'R\x07\x00\x00\x00\x00\x00\x00',b'\x04\x00\x00\x00\x00\x00\x00\x00'
West,b'\xd3$\x00\x00\x00\x00\x00\x00',b'\x04\x00\x00\x00\x00\x00\x00\x00'
South,b'D\n\x00\x00\x00\x00\x00\x00',b'\x04\x00\x00\x00\x00\x00\x00\x00'
Central,b'|\x15\x00\x00\x00\x00\x00\x00',b'\x04\x00\x00\x00\x00\x00\x00\x00'
South,b'E\n\x00\x00\x00\x00\x00\x00',b'\x04\x00\x00\x00\x00\x00\x00\x00'
South,b'G%\x00\x00\x00\x00\x00\x00',b'\x04\x00\x00\x00\x00\x00\x00\x00'
West,b'\xcd)\x00\x00\x00\x00\x00\x00',b'\x04\x00\x00\x00\x00\x00\x00\x00'
South,b'I\x02\x00\x00\x00\x00\x00\x00',b'\x04\x00\x00\x00\x00\x00\x00\x00'
Central,b'})\x00\x00\x00\x00\x00\x00',b'\x04\x00\x00\x00\x00\x00\x00\x00'
Central,b'}\x01\x00\x00\x00\x00\x00\x00',b'\x04\x00\x00\x00\x00\x00\x00\x00'
Central,b'y%\x00\x00\x00\x00\x00\x00',b'\x04\x00\x00\x00\x00\x00\x00\x00'
South,b'\xc8(\x00\x00\x00\x00\x00\x00',b'\x04\x00\x00\x00\x00\x00\x00\x00'
South,b'L\x00\x00\x00\x00\x00\x00\x00',b'\x04\x00\x00\x00\x00\x00\x00\x00'
South,b'N\x1d\x00\x00\x00\x00\x00\x00',b'\x04\x00\x00\x00\x00\x00\x00\x00'
South,b'O\x18\x00\x00\x00\x00\x00\x00',b'\x04\x00\x00\x00\x00\x00\x00\x00'
South,b'P\x1b\x00\x00\x00\x00\x00\x00',b'\x04\x00\x00\x00\x00\x00\x00\x00'
Central,b'm\x15\x00\x00\x00\x00\x00\x00',b'\x04\x00\x00\x00\x00\x00\x00\x00'
South,b'\xc9&\x00\x00\x00\x00\x00\x00',b'\x04\x00\x00\x00\x00\x00\x00\x00'
Central,b'\xda\x00\x00\x00\x00\x00\x00\x00',b'\x04\x00\x00\x00\x00\x00\x00\x00'
Central,b'\xd7\x07\x00\x00\x00\x00\x00\x00',b'\x04\x00\x00\x00\x00\x00\x00\x00'
West,b'l\x1a\x00\x00\x00\x00\x00\x00',b'\x04\x00\x00\x00\x00\x00\x00\x00'
East,b'3\x04\x00\x00\x00\x00\x00\x00',b'\x04\x00\x00\x00\x00\x00\x00\x00'
West,b'u\x00\x00\x00\x00\x00\x00\x00',b'\x04\x00\x00\x00\x00\x00\x00\x00'
East,b'#\x10\x00\x00\x00\x00\x00\x00',b'\x04\x00\x00\x00\x00\x00\x00\x00'
East,b'\xdf\x1d\x00\x00\x00\x00\x00\x00',b'\x04\x00\x00\x00\x00\x00\x00\x00'
West,b'\x11&\x00\x00\x00\x00\x00\x00',b'\x04\x00\x00\x00\x00\x00\x00\x00'
West,b't\x00\x00\x00\x00\x00\x00\x00',b'\x04\x00\x00\x00\x00\x00\x00\x00'
West,b'\x12\t\x00\x00\x00\x00\x00\x00',b'\x04\x00\x00\x00\x00\x00\x00\x00'
East,b'%!\x00\x00\x00\x00\x00\x00',b'\x04\x00\x00\x00\x00\x00\x00\x00'
East,b')%\x00\x00\x00\x00\x00\x00',b'\x04\x00\x00\x00\x00\x00\x00\x00'
East,b'\xdc\x0f\x00\x00\x00\x00\x00\x00',b'\x04\x00\x00\x00\x00\x00\x00\x00'
East,b'.#\x00\x00\x00\x00\x00\x00',b'\x04\x00\x00\x00\x00\x00\x00\x00'
East,b'0$\x00\x00\x00\x00\x00\x00',b'\x04\x00\x00\x00\x00\x00\x00\x00'
East,b'1\x05\x00\x00\x00\x00\x00\x00',b'\x04\x00\x00\x00\x00\x00\x00\x00'
West,b'\x13\x06\x00\x00\x00\x00\x00\x00',b'\x04\x00\x00\x00\x00\x00\x00\x00'
East,b'\xf4\x19\x00\x00\x00\x00\x00\x00',b'\x04\x00\x00\x00\x00\x00\x00\x00'
East,b'3\x16\x00\x00\x00\x00\x00\x00',b'\x04\x00\x00\x00\x00\x00\x00\x00'
East,b'5\x00\x00\x00\x00\x00\x00\x00',b'\x04\x00\x00\x00\x00\x00\x00\x00'
East,"b'6""\x00\x00\x00\x00\x00\x00'",b'\x04\x00\x00\x00\x00\x00\x00\x00'
West,b'm\t\x00\x00\x00\x00\x00\x00',b'\x04\x00\x00\x00\x00\x00\x00\x00'
West,b'\x15 \x00\x00\x00\x00\x00\x00',b'\x04\x00\x00\x00\x00\x00\x00\x00'
West,b'\x16(\x00\x00\x00\x00\x00\x00',b'\x04\x00\x00\x00\x00\x00\x00\x00'
East,b'\xd5\x02\x00\x00\x00\x00\x00\x00',b'\x04\x00\x00\x00\x00\x00\x00\x00'
East,b'<(\x00\x00\x00\x00\x00\x00',b'\x04\x00\x00\x00\x00\x00\x00\x00'
West,b'i$\x00\x00\x00\x00\x00\x00',b'\x04\x00\x00\x00\x00\x00\x00\x00'
West,b'\x17\x11\x00\x00\x00\x00\x00\x00',b'\x04\x00\x00\x00\x00\x00\x00\x00'
West,b'\x18\x17\x00\x00\x00\x00\x00\x00',b'\x04\x00\x00\x00\x00\x00\x00\x00'
East,b'@\x14\x00\x00\x00\x00\x00\x00',b'\x04\x00\x00\x00\x00\x00\x00\x00'
East,b'\xe1$\x00\x00\x00\x00\x00\x00',b'\x04\x00\x00\x00\x00\x00\x00\x00'
East,b'\xe2\x1b\x00\x00\x00\x00\x00\x00',b'\x04\x00\x00\x00\x00\x00\x00\x00'
East,b'\xe2\x1f\x00\x00\x00\x00\x00\x00',b'\x04\x00\x00\x00\x00\x00\x00\x00'
East,"b'\x1b""\x00\x00\x00\x00\x00\x00'",b'\x04\x00\x00\x00\x00\x00\x00\x00'
Central,b'\xf5\r\x00\x00\x00\x00\x00\x00',b'\x04\x00\x00\x00\x00\x00\x00\x00'
Central,b'\xf7#\x00\x00\x00\x00\x00\x00',b'\x04\x00\x00\x00\x00\x00\x00\x00'
Central,b'\xfb)\x00\x00\x00\x00\x00\x00',b'\x04\x00\x00\x00\x00\x00\x00\x00'
West,b'\x82$\x00\x00\x00\x00\x00\x00',b'\x04\x00\x00\x00\x00\x00\x00\x00'
East,b'\xf0\r\x00\x00\x00\x00\x00\x00',b'\x04\x00\x00\x00\x00\x00\x00\x00'
Central,b'\xfe\x1a\x00\x00\x00\x00\x00\x00',b'\x04\x00\x00\x00\x00\x00\x00\x00'
West,b'\x08*\x00\x00\x00\x00\x00\x00',b'\x04\x00\x00\x00\x00\x00\x00\x00'
East,b'\xec\x17\x00\x00\x00\x00\x00\x00',b'\x04\x00\x00\x00\x00\x00\x00\x00'
West,b'\t$\x00\x00\x00\x00\x00\x00',b'\x04\x00\x00\x00\x00\x00\x00\x00'
East,b'\xea$\x00\x00\x00\x00\x00\x00',b'\x04\x00\x00\x00\x00\x00\x00\x00'
West,b'\n\x12\x00\x00\x00\x00\x00\x00',b'\x04\x00\x00\x00\x00\x00\x00\x00'
East,b'\xe9!\x00\x00\x00\x00\x00\x00',b'\x04\x00\x00\x00\x00\x00\x00\x00'
East,b'\x06$\x00\x00\x00\x00\x00\x00',b'\x04\x00\x00\x00\x00\x00\x00\x00'
East,b'\xe9\x00\x00\x00\x00\x00\x00\x00',b'\x04\x00\x00\x00\x00\x00\x00\x00'
East,b'\x0b\x06\x00\x00\x00\x00\x00\x00',b'\x04\x00\x00\x00\x00\x00\x00\x00'
East,b'\xe7$\x00\x00\x00\x00\x00\x00',b'\x04\x00\x00\x00\x00\x00\x00\x00'
East,b'\x0e&\x00\x00\x00\x00\x00\x00',b'\x04\x00\x00\x00\x00\x00\x00\x00'
East,b'\x10\x06\x00\x00\x00\x00\x00\x00',b'\x04\x00\x00\x00\x00\x00\x00\x00'
East,b'\x10\x19\x00\x00\x00\x00\x00\x00',b'\x04\x00\x00\x00\x00\x00\x00\x00'
East,b'\x10%\x00\x00\x00\x00\x00\x00',b'\x04\x00\x00\x00\x00\x00\x00\x00'
East,b'\x13\x14\x00\x00\x00\x00\x00\x00',b'\x04\x00\x00\x00\x00\x00\x00\x00'
East,b'\x13$\x00\x00\x00\x00\x00\x00',b'\x04\x00\x00\x00\x00\x00\x00\x00'
East,b'\x15\x13\x00\x00\x00\x00\x00\x00',b'\x04\x00\x00\x00\x00\x00\x00\x00'
West,b'y\x11\x00\x00\x00\x00\x00\x00',b'\x04\x00\x00\x00\x00\x00\x00\x00'
East,b'\x1a\r\x00\x00\x00\x00\x00\x00',b'\x04\x00\x00\x00\x00\x00\x00\x00'
East,"b""A'\x00\x00\x00\x00\x00\x00""",b'\x04\x00\x00\x00\x00\x00\x00\x00'
West,b'f\x0e\x00\x00\x00\x00\x00\x00',b'\x04\x00\x00\x00\x00\x00\x00\x00'
West,b'd\x10\x00\x00\x00\x00\x00\x00',b'\x04\x00\x00\x00\x00\x00\x00\x00'
East,b'n&\x00\x00\x00\x00\x00\x00',b'\x04\x00\x00\x00\x00\x00\x00\x00'
West,"b'K""\x00\x00\x00\x00\x00\x00'",b'\x04\x00\x00\x00\x00\x00\x00\x00'
East,b'z\r\x00\x00\x00\x00\x00\x00',b'\x04\x00\x00\x00\x00\x00\x00\x00'
East,b'\xba\x00\x00\x00\x00\x00\x00\x00',b'\x04\x00\x00\x00\x00\x00\x00\x00'
East,b'~\x19\x00\x00\x00\x00\x00\x00',b'\x04\x00\x00\x00\x00\x00\x00\x00'
East,b'\xb8 \x00\x00\x00\x00\x00\x00',b'\x04\x00\x00\x00\x00\x00\x00\x00'
West,b'H&\x00\x00\x00\x00\x00\x00',b'\x04\x00\x00\x00\x00\x00\x00\x00'
West,b'G(\x00\x00\x00\x00\x00\x00',b'\x04\x00\x00\x00\x00\x00\x00\x00'
East,b'\x82\x0c\x00\x00\x00\x00\x00\x00',b'\x04\x00\x00\x00\x00\x00\x00\x00'
East,b'\xb7\x07\x00\x00\x00\x00\x00\x00',b'\x04\x00\x00\x00\x00\x00\x00\x00'
East,b'\xb6\x1d\x00\x00\x00\x00\x00\x00',b'\x04\x00\x00\x00\x00\x00\x00\x00'
East,b'\x84\x1c\x00\x00\x00\x00\x00\x00',b'\x04\x00\x00\x00\x00\x00\x00\x00'
East,b'\x86\x00\x00\x00\x00\x00\x00\x00',b'\x04\x00\x00\x00\x00\x00\x00\x00'
West,b'C\x17\x00\x00\x00\x00\x00\x00',b'\x04\x00\x00\x00\x00\x00\x00\x00'
East,b'\x8d&\x00\x00\x00\x00\x00\x00',b'\x04\x00\x00\x00\x00\x00\x00\x00'
East,b'\x8e$\x00\x00\x00\x00\x00\x00',b'\x04\x00\x00\x00\x00\x00\x00\x00'
East,"b""\xb0'\x00\x00\x00\x00\x00\x00""",b'\x04\x00\x00\x00\x00\x00\x00\x00'
East,b'\xaf#\x00\x00\x00\x00\x00\x00',b'\x04\x00\x00\x00\x00\x00\x00\x00'
West,b'0\t\x00\x00\x00\x00\x00\x00',b'\x04\x00\x00\x00\x00\x00\x00\x00'
West,b';%\x00\x00\x00\x00\x00\x00',b'\x04\x00\x00\x00\x00\x00\x00\x00'
East,b'\x96&\x00\x00\x00\x00\x00\x00',b'\x04\x00\x00\x00\x00\x00\x00\x00'
East,b'\x97!\x00\x00\x00\x00\x00\x00',b'\x04\x00\x00\x00\x00\x00\x00\x00'
East,"b""\x9b'\x00\x00\x00\x00\x00\x00""",b'\x04\x00\x00\x00\x00\x00\x00\x00'
West,b'5\x14\x00\x00\x00\x00\x00\x00',b'\x04\x00\x00\x00\x00\x00\x00\x00'
East,b'\xa3\x05\x00\x00\x00\x00\x00\x00',b'\x04\x00\x00\x00\x00\x00\x00\x00'
East,b'\xa5\x0f\x00\x00\x00\x00\x00\x00',b'\x04\x00\x00\x00\x00\x00\x00\x00'
East,b'o\x03\x00\x00\x00\x00\x00\x00',b'\x04\x00\x00\x00\x00\x00\x00\x00'
East,b'n\x00\x00\x00\x00\x00\x00\x00',b'\x04\x00\x00\x00\x00\x00\x00\x00'
East,b'G\x11\x00\x00\x00\x00\x00\x00',b'\x04\x00\x00\x00\x00\x00\x00\x00'
East,"b'l""\x00\x00\x00\x00\x00\x00'",b'\x04\x00\x00\x00\x00\x00\x00\x00'
East,b'G#\x00\x00\x00\x00\x00\x00',b'\x04\x00\x00\x00\x00\x00\x00\x00'
East,b'J\t\x00\x00\x00\x00\x00\x00',b'\x04\x00\x00\x00\x00\x00\x00\x00'
West,b'`\x05\x00\x00\x00\x00\x00\x00',b'\x04\x00\x00\x00\x00\x00\x00\x00'
East,b'K\x02\x00\x00\x00\x00\x00\x00',b'\x04\x00\x00\x00\x00\x00\x00\x00'
East,b'K$\x00\x00\x00\x00\x00\x00',b'\x04\x00\x00\x00\x00\x00\x00\x00'
East,b'L\x00\x00\x00\x00\x00\x00\x00',b'\x04\x00\x00\x00\x00\x00\x00\x00'
East,b'N\x12\x00\x00\x00\x00\x00\x00',b'\x04\x00\x00\x00\x00\x00\x00\x00'
East,b'P!\x00\x00\x00\x00\x00\x00',b'\x04\x00\x00\x00\x00\x00\x00\x00'
East,b'\xc9&\x00\x00\x00\x00\x00\x00',b'\x04\x00\x00\x00\x00\x00\x00\x00'
West,b' \x0c\x00\x00\x00\x00\x00\x00',b'\x04\x00\x00\x00\x00\x00\x00\x00'
West,b']\x0b\x00\x00\x00\x00\x00\x00',b'\x04\x00\x00\x00\x00\x00\x00\x00'
East,b'R)\x00\x00\x00\x00\x00\x00',b'\x04\x00\x00\x00\x00\x00\x00\x00'
West,b'! \x00\x00\x00\x00\x00\x00',b'\x04\x00\x00\x00\x00\x00\x00\x00'
West,b'[\x13\x00\x00\x00\x00\x00\x00',b'\x04\x00\x00\x00\x00\x00\x00\x00'
East,b'\xc5\r\x00\x00\x00\x00\x00\x00',b'\x04\x00\x00\x00\x00\x00\x00\x00'
East,b'W\x02\x00\x00\x00\x00\x00\x00',b'\x04\x00\x00\x00\x00\x00\x00\x00'
West,b'Y\x0b\x00\x00\x00\x00\x00\x00',b'\x04\x00\x00\x00\x00\x00\x00\x00'
East,b']#\x00\x00\x00\x00\x00\x00',b'\x04\x00\x00\x00\x00\x00\x00\x00'
West,b'W\x19\x00\x00\x00\x00\x00\x00',b'\x04\x00\x00\x00\x00\x00\x00\x00'
East,b'a\x1f\x00\x00\x00\x00\x00\x00',b'\x04\x00\x00\x00\x00\x00\x00\x00'
East,b'\xc1\x04\x00\x00\x00\x00\x00\x00',b'\x04\x00\x00\x00\x00\x00\x00\x00'
West,b'T\x0c\x00\x00\x00\x00\x00\x00',b'\x04\x00\x00\x00\x00\x00\x00\x00'
West,"b""R'\x00\x00\x00\x00\x00\x00""",b'\x04\x00\x00\x00\x00\x00\x00\x00'
East,b'\xbf\x1b\x00\x00\x00\x00\x00\x00',b'\x04\x00\x00\x00\x00\x00\x00\x00'
East,b'k)\x00\x00\x00\x00\x00\x00',b'\x04\x00\x00\x00\x00\x00\x00\x00'
Central,b'\xf4\x11\x00\x00\x00\x00\x00\x00',b'\x04\x00\x00\x00\x00\x00\x00\x00'
East,b'\xf2\x14\x00\x00\x00\x00\x00\x00',b'\x04\x00\x00\x00\x00\x00\x00\x00'
South,b'\xfd\x04\x00\x00\x00\x00\x00\x00',b'\x04\x00\x00\x00\x00\x00\x00\x00'
East,b'\xfa\x17\x00\x00\x00\x00\x00\x00',b'\x04\x00\x00\x00\x00\x00\x00\x00'
Central,b'\xe6\x15\x00\x00\x00\x00\x00\x00',b'\x04\x00\x00\x00\x00\x00\x00\x00'
Central,b'\xe7\x1a\x00\x00\x00\x00\x00\x00',b'\x04\x00\x00\x00\x00\x00\x00\x00'
Central,b'\xf3\x06\x00\x00\x00\x00\x00\x00',b'\x04\x00\x00\x00\x00\x00\x00\x00'
West,b'\x86\x07\x00\x00\x00\x00\x00\x00',b'\x04\x00\x00\x00\x00\x00\x00\x00'
West,b'\x85)\x00\x00\x00\x00\x00\x00',b'\x04\x00\x00\x00\x00\x00\x00\x00'
South,b'\xfd#\x00\x00\x00\x00\x00\x00',b'\x04\x00\x00\x00\x00\x00\x00\x00'
West,b'\x8c)\x00\x00\x00\x00\x00\x00',b'\x04\x00\x00\x00\x00\x00\x00\x00'
Central,b'\xe8$\x00\x00\x00\x00\x00\x00',b'\x04\x00\x00\x00\x00\x00\x00\x00'
South,"b""\xfc'\x00\x00\x00\x00\x00\x00""",b'\x04\x00\x00\x00\x00\x00\x00\x00'
West,b'\x93\x19\x00\x00\x00\x00\x00\x00',b'\x04\x00\x00\x00\x00\x00\x00\x00'
West,b'\x93$\x00\x00\x00\x00\x00\x00',b'\x04\x00\x00\x00\x00\x00\x00\x00'
West,"b""\x8b'\x00\x00\x00\x00\x00\x00""",b'\x04\x00\x00\x00\x00\x00\x00\x00'
South,b'\xfc\x10\x00\x00\x00\x00\x00\x00',b'\x04\x00\x00\x00\x00\x00\x00\x00'
Central,b'\xea\x0b\x00\x00\x00\x00\x00\x00',b'\x04\x00\x00\x00\x00\x00\x00\x00'
Central,b'\xf2\t\x00\x00\x00\x00\x00\x00',b'\x04\x00\x00\x00\x00\x00\x00\x00'
East,b'\xfe\x11\x00\x00\x00\x00\x00\x00',b'\x04\x00\x00\x00\x00\x00\x00\x00'
South,b'\xfe\x08\x00\x00\x00\x00\x00\x00',b'\x04\x00\x00\x00\x00\x00\x00\x00'
South,b'\xff\x1a\x00\x00\x00\x00\x00\x00',b'\x04\x00\x00\x00\x00\x00\x00\x00'
South,b'\xff\x02\x00\x00\x00\x00\x00\x00',b'\x04\x00\x00\x00\x00\x00\x00\x00'
Central,b'\xf3\x18\x00\x00\x00\x00\x00\x00',b'\x04\x00\x00\x00\x00\x00\x00\x00'
South,b'\x01\x1f\x00\x00\x00\x00\x00\x00',b'\x04\x00\x00\x00\x00\x00\x00\x00'
Central,b'\xe5\x1d\x00\x00\x00\x00\x00\x00',b'\x04\x00\x00\x00\x00\x00\x00\x00'
Central,"b'\xe4""\x00\x00\x00\x00\x00\x00'",b'\x04\x00\x00\x00\x00\x00\x00\x00'
Central,b'\xe3 \x00\x00\x00\x00\x00\x00',b'\x04\x00\x00\x00\x00\x00\x00\x00'
West,b'l\x17\x00\x00\x00\x00\x00\x00',b'\x03\x00\x00\x00\x00\x00\x00\x00\t\x00\x00\x00\x00\x00\x00\x00\x03\x00\x00\x00\x00\x00\x00\x00\x07\x00\x00\x00\x00\x00\x00\x00'
East,b'\xee\x17\x00\x00\x00\x00\x00\x00',b'\x03\x00\x00\x00\x00\x00\x00\x00\t\x00\x00\x00\x00\x00\x00\x00\x03\x00\x00\x00\x00\x00\x00\x00\x03\x00\x00\x00\x00\x00\x00\x00\x05\x00\x00\x00\x00\x00\x00\x00'
West,b'\x8d\x1f\x00\x00\x00\x00\x00\x00',b'\x03\x00\x00\x00\x00\x00\x00\x00\t\x00\x00\x00\x00\x00\x00\x00\x03\x00\x00\x00\x00\x00\x00\x00'
West,b'\x99\x06\x00\x00\x00\x00\x00\x00',b'\x03\x00\x00\x00\x00\x00\x00\x00\t\x00\x00\x00\x00\x00\x00\x00\x01\x00\x00\x00\x00\x00\x00\x00\x03\x00\x00\x00\x00\x00\x00\x00'
South,"b""\xd3'\x00\x00\x00\x00\x00\x00""",b'\x03\x00\x00\x00\x00\x00\x00\x00\t\x00\x00\x00\x00\x00\x00\x00'
Central,"b""$'\x00\x00\x00\x00\x00\x00""",b'\x03\x00\x00\x00\x00\x00\x00\x00\t\x00\x00\x00\x00\x00\x00\x00'
West,b'c\x0c\x00\x00\x00\x00\x00\x00',b'\x03\x00\x00\x00\x00\x00\x00\x00\x08\x00\x00\x00\x00\x00\x00\x00\x06\x00\x00\x00\x00\x00\x00\x00'
West,b'I#\x00\x00\x00\x00\x00\x00',b'\x03\x00\x00\x00\x00\x00\x00\x00\x08\x00\x00\x00\x00\x00\x00\x00\x06\x00\x00\x00\x00\x00\x00\x00'
West,b'\x04\x0f\x00\x00\x00\x00\x00\x00',b'\x03\x00\x00\x00\x00\x00\x00\x00\x08\x00\x00\x00\x00\x00\x00\x00\x05\x00\x00\x00\x00\x00\x00\x00'
West,b'y\x12\x00\x00\x00\x00\x00\x00',b'\x03\x00\x00\x00\x00\x00\x00\x00\x08\x00\x00\x00\x00\x00\x00\x00\x05\x00\x00\x00\x00\x00\x00\x00'
West,b'\x0c\x16\x00\x00\x00\x00\x00\x00',b'\x03\x00\x00\x00\x00\x00\x00\x00\x08\x00\x00\x00\x00\x00\x00\x00\x05\x00\x00\x00\x00\x00\x00\x00'
East,"b""!'\x00\x00\x00\x00\x00\x00""",b'\x03\x00\x00\x00\x00\x00\x00\x00\x08\x00\x00\x00\x00\x00\x00\x00\x03\x00\x00\x00\x00\x00\x00\x00\x01\x00\x00\x00\x00\x00\x00\x00\x01\x00\x00\x00\x00\x00\x00\x00'
West,b'\xa5\x14\x00\x00\x00\x00\x00\x00',b'\x03\x00\x00\x00\x00\x00\x00\x00\x08\x00\x00\x00\x00\x00\x00\x00\x03\x00\x00\x00\x00\x00\x00\x00'
West,b';$\x00\x00\x00\x00\x00\x00',b'\x03\x00\x00\x00\x00\x00\x00\x00\x08\x00\x00\x00\x00\x00\x00\x00\x03\x00\x00\x00\x00\x00\x00\x00'
West,b'\xa7 \x00\x00\x00\x00\x00\x00',b'\x03\x00\x00\x00\x00\x00\x00\x00\x08\x00\x00\x00\x00\x00\x00\x00\x02\x00\x00\x00\x00\x00\x00\x00'
South,b'l%\x00\x00\x00\x00\x00\x00',b'\x03\x00\x00\x00\x00\x00\x00\x00\x08\x00\x00\x00\x00\x00\x00\x00'
West,b'\xe7(\x00\x00\x00\x00\x00\x00',b'\x03\x00\x00\x00\x00\x00\x00\x00\x08\x00\x00\x00\x00\x00\x00\x00'
Central,b'E\x04\x00\x00\x00\x00\x00\x00',b'\x03\x00\x00\x00\x00\x00\x00\x00\x08\x00\x00\x00\x00\x00\x00\x00'
Central,b'\xd3\x1b\x00\x00\x00\x00\x00\x00',b'\x03\x00\x00\x00\x00\x00\x00\x00\x08\x00\x00\x00\x00\x00\x00\x00'
Central,b'\xf3\x1f\x00\x00\x00\x00\x00\x00',b'\x03\x00\x00\x00\x00\x00\x00\x00\x07\x00\x00\x00\x00\x00\x00\x00\x07\x00\x00\x00\x00\x00\x00\x00'
Central,b'\xff\x06\x00\x00\x00\x00\x00\x00',b'\x03\x00\x00\x00\x00\x00\x00\x00\x07\x00\x00\x00\x00\x00\x00\x00\x07\x00\x00\x00\x00\x00\x00\x00'
Central,b'\\\x06\x00\x00\x00\x00\x00\x00',b'\x03\x00\x00\x00\x00\x00\x00\x00\x07\x00\x00\x00\x00\x00\x00\x00\x05\x00\x00\x00\x00\x00\x00\x00\x01\x00\x00\x00\x00\x00\x00\x00'
West,"b""O'\x00\x00\x00\x00\x00\x00""",b'\x03\x00\x00\x00\x00\x00\x00\x00\x07\x00\x00\x00\x00\x00\x00\x00\x03\x00\x00\x00\x00\x00\x00\x00\x02\x00\x00\x00\x00\x00\x00\x00'
West,b'\x95\n\x00\x00\x00\x00\x00\x00',b'\x03\x00\x00\x00\x00\x00\x00\x00\x07\x00\x00\x00\x00\x00\x00\x00\x03\x00\x00\x00\x00\x00\x00\x00'
West,b'\xa2(\x00\x00\x00\x00\x00\x00',b'\x03\x00\x00\x00\x00\x00\x00\x00\x07\x00\x00\x00\x00\x00\x00\x00\x03\x00\x00\x00\x00\x00\x00\x00'
East,b'F \x00\x00\x00\x00\x00\x00',b'\x03\x00\x00\x00\x00\x00\x00\x00\x07\x00\x00\x00\x00\x00\x00\x00\x02\x00\x00\x00\x00\x00\x00\x00\x03\x00\x00\x00\x00\x00\x00\x00'
East,b'\xee\x1a\x00\x00\x00\x00\x00\x00',b'\x03\x00\x00\x00\x00\x00\x00\x00\x07\x00\x00\x00\x00\x00\x00\x00\x02\x00\x00\x00\x00\x00\x00\x00\x03\x00\x00\x00\x00\x00\x00\x00'
Central,b'H\r\x00\x00\x00\x00\x00\x00',b'\x03\x00\x00\x00\x00\x00\x00\x00\x07\x00\x00\x00\x00\x00\x00\x00\x02\x00\x00\x00\x00\x00\x00\x00\x01\x00\x00\x00\x00\x00\x00\x00'
East,b'\xdf\x06\x00\x00\x00\x00\x00\x00',b'\x03\x00\x00\x00\x00\x00\x00\x00\x07\x00\x00\x00\x00\x00\x00\x00\x02\x00\x00\x00\x00\x00\x00\x00'
South,b'\xf1\x1f\x00\x00\x00\x00\x00\x00',b'\x03\x00\x00\x00\x00\x00\x00\x00\x07\x00\x00\x00\x00\x00\x00\x00\x02\x00\x00\x00\x00\x00\x00\x00'
West,b'\xd3&\x00\x00\x00\x00\x00\x00',b'\x03\x00\x00\x00\x00\x00\x00\x00\x07\x00\x00\x00\x00\x00\x00\x00\x02\x00\x00\x00\x00\x00\x00\x00'
East,b')&\x00\x00\x00\x00\x00\x00',b'\x03\x00\x00\x00\x00\x00\x00\x00\x07\x00\x00\x00\x00\x00\x00\x00\x01\x00\x00\x00\x00\x00\x00\x00'
East,b'(\x03\x00\x00\x00\x00\x00\x00',b'\x03\x00\x00\x00\x00\x00\x00\x00\x07\x00\x00\x00\x00\x00\x00\x00'
East,b'\x84\x15\x00\x00\x00\x00\x00\x00',b'\x03\x00\x00\x00\x00\x00\x00\x00\x07\x00\x00\x00\x00\x00\x00\x00'
West,b'\x02\x0f\x00\x00\x00\x00\x00\x00',b'\x03\x00\x00\x00\x00\x00\x00\x00\x07\x00\x00\x00\x00\x00\x00\x00'
West,b'Q(\x00\x00\x00\x00\x00\x00',b'\x03\x00\x00\x00\x00\x00\x00\x00\x07\x00\x00\x00\x00\x00\x00\x00'
West,b']\x18\x00\x00\x00\x00\x00\x00',b'\x03\x00\x00\x00\x00\x00\x00\x00\x07\x00\x00\x00\x00\x00\x00\x00'
Central,b'\xc1&\x00\x00\x00\x00\x00\x00',b'\x03\x00\x00\x00\x00\x00\x00\x00\x06\x00\x00\x00\x00\x00\x00\x00\x05\x00\x00\x00\x00\x00\x00\x00\x02\x00\x00\x00\x00\x00\x00\x00\x02\x00\x00\x00\x00\x00\x00\x00'
Central,b'_\x16\x00\x00\x00\x00\x00\x00',b'\x03\x00\x00\x00\x00\x00\x00\x00\x06\x00\x00\x00\x00\x00\x00\x00\x05\x00\x00\x00\x00\x00\x00\x00\x02\x00\x00\x00\x00\x00\x00\x00\x02\x00\x00\x00\x00\x00\x00\x00'
Central,b'2%\x00\x00\x00\x00\x00\x00',b'\x03\x00\x00\x00\x00\x00\x00\x00\x06\x00\x00\x00\x00\x00\x00\x00\x05\x00\x00\x00\x00\x00\x00\x00\x02\x00\x00\x00\x00\x00\x00\x00\x02\x00\x00\x00\x00\x00\x00\x00'
Central,b'\xf3\x1c\x00\x00\x00\x00\x00\x00',b'\x03\x00\x00\x00\x00\x00\x00\x00\x06\x00\x00\x00\x00\x00\x00\x00\x04\x00\x00\x00\x00\x00\x00\x00\x02\x00\x00\x00\x00\x00\x00\x00\x01\x00\x00\x00\x00\x00\x00\x00'
Central,b'\xb0\x04\x00\x00\x00\x00\x00\x00',b'\x03\x00\x00\x00\x00\x00\x00\x00\x06\x00\x00\x00\x00\x00\x00\x00\x04\x00\x00\x00\x00\x00\x00\x00\x02\x00\x00\x00\x00\x00\x00\x00\x01\x00\x00\x00\x00\x00\x00\x00'
South,b'\x9e\x07\x00\x00\x00\x00\x00\x00',b'\x03\x00\x00\x00\x00\x00\x00\x00\x06\x00\x00\x00\x00\x00\x00\x00\x03\x00\x00\x00\x00\x00\x00\x00\x03\x00\x00\x00\x00\x00\x00\x00'
South,b'\xbd\t\x00\x00\x00\x00\x00\x00',b'\x03\x00\x00\x00\x00\x00\x00\x00\x06\x00\x00\x00\x00\x00\x00\x00\x03\x00\x00\x00\x00\x00\x00\x00\x03\x00\x00\x00\x00\x00\x00\x00'
East,b'\x8e\x04\x00\x00\x00\x00\x00\x00',b'\x03\x00\x00\x00\x00\x00\x00\x00\x06\x00\x00\x00\x00\x00\x00\x00\x03\x00\x00\x00\x00\x00\x00\x00\x02\x00\x00\x00\x00\x00\x00\x00\x02\x00\x00\x00\x00\x00\x00\x00\x02\x00\x00\x00\x00\x00\x00\x00'
Central,b'\xca\x1a\x00\x00\x00\x00\x00\x00',b'\x03\x00\x00\x00\x00\x00\x00\x00\x06\x00\x00\x00\x00\x00\x00\x00\x03\x00\x00\x00\x00\x00\x00\x00'
East,b'\xf2\x11\x00\x00\x00\x00\x00\x00',b'\x03\x00\x00\x00\x00\x00\x00\x00\x06\x00\x00\x00\x00\x00\x00\x00\x02\x00\x00\x00\x00\x00\x00\x00\x03\x00\x00\x00\x00\x00\x00\x00'
West,b'\xd7\x15\x00\x00\x00\x00\x00\x00',b'\x03\x00\x00\x00\x00\x00\x00\x00\x06\x00\x00\x00\x00\x00\x00\x00\x02\x00\x00\x00\x00\x00\x00\x00'
West,b'\xad\x0b\x00\x00\x00\x00\x00\x00',b'\x03\x00\x00\x00\x00\x00\x00\x00\x06\x00\x00\x00\x00\x00\x00\x00\x02\x00\x00\x00\x00\x00\x00\x00'
East,b'\xc3\x1a\x00\x00\x00\x00\x00\x00',b'\x03\x00\x00\x00\x00\x00\x00\x00\x06\x00\x00\x00\x00\x00\x00\x00\x01\x00\x00\x00\x00\x00\x00\x00'
West,b'Y\x04\x00\x00\x00\x00\x00\x00',b'\x03\x00\x00\x00\x00\x00\x00\x00\x06\x00\x00\x00\x00\x00\x00\x00\x01\x00\x00\x00\x00\x00\x00\x00'
West,b'c\x14\x00\x00\x00\x00\x00\x00',b'\x03\x00\x00\x00\x00\x00\x00\x00\x06\x00\x00\x00\x00\x00\x00\x00\x01\x00\x00\x00\x00\x00\x00\x00'
West,b'\xfb\n\x00\x00\x00\x00\x00\x00',b'\x03\x00\x00\x00\x00\x00\x00\x00\x06\x00\x00\x00\x00\x00\x00\x00'
East,b'C\x1d\x00\x00\x00\x00\x00\x00',b'\x03\x00\x00\x00\x00\x00\x00\x00\x06\x00\x00\x00\x00\x00\x00\x00'
South,b'\xfc\x00\x00\x00\x00\x00\x00\x00',b'\x03\x00\x00\x00\x00\x00\x00\x00\x06\x00\x00\x00\x00\x00\x00\x00'
South,b'\x8d\x1f\x00\x00\x00\x00\x00\x00',b'\x03\x00\x00\x00\x00\x00\x00\x00\x06\x00\x00\x00\x00\x00\x00\x00'
East,b'\xad\x10\x00\x00\x00\x00\x00\x00',b'\x03\x00\x00\x00\x00\x00\x00\x00\x06\x00\x00\x00\x00\x00\x00\x00'
West,b'\xf0\r\x00\x00\x00\x00\x00\x00',b'\x03\x00\x00\x00\x00\x00\x00\x00\x06\x00\x00\x00\x00\x00\x00\x00'
West,b'8\r\x00\x00\x00\x00\x00\x00',b'\x03\x00\x00\x00\x00\x00\x00\x00\x06\x00\x00\x00\x00\x00\x00\x00'
Central,b'\xd0\x1a\x00\x00\x00\x00\x00\x00',b'\x03\x00\x00\x00\x00\x00\x00\x00\x06\x00\x00\x00\x00\x00\x00\x00'
Central,b'5\x14\x00\x00\x00\x00\x00\x00',b'\x03\x00\x00\x00\x00\x00\x00\x00\x05\x00\x00\x00\x00\x00\x00\x00\x08\x00\x00\x00\x00\x00\x00\x00\x06\x00\x00\x00\x00\x00\x00\x00\x05\x00\x00\x00\x00\x00\x00\x00'
West,b'\xd8\x05\x00\x00\x00\x00\x00\x00',b'\x03\x00\x00\x00\x00\x00\x00\x00\x05\x00\x00\x00\x00\x00\x00\x00\x07\x00\x00\x00\x00\x00\x00\x00\x04\x00\x00\x00\x00\x00\x00\x00'
West,b'S\x0e\x00\x00\x00\x00\x00\x00',b'\x03\x00\x00\x00\x00\x00\x00\x00\x05\x00\x00\x00\x00\x00\x00\x00\x07\x00\x00\x00\x00\x00\x00\x00\x02\x00\x00\x00\x00\x00\x00\x00'
West,b'\x97\x00\x00\x00\x00\x00\x00\x00',b'\x03\x00\x00\x00\x00\x00\x00\x00\x05\x00\x00\x00\x00\x00\x00\x00\x05\x00\x00\x00\x00\x00\x00\x00\x07\x00\x00\x00\x00\x00\x00\x00\r\x00\x00\x00\x00\x00\x00\x00\x04\x00\x00\x00\x00\x00\x00\x00\x03\x00\x00\x00\x00\x00\x00\x00\x02\x00\x00\x00\x00\x00\x00\x00\x03\x00\x00\x00\x00\x00\x00\x00'
West,b'\xe0\x0b\x00\x00\x00\x00\x00\x00',b'\x03\x00\x00\x00\x00\x00\x00\x00\x05\x00\x00\x00\x00\x00\x00\x00\x05\x00\x00\x00\x00\x00\x00\x00\x07\x00\x00\x00\x00\x00\x00\x00\r\x00\x00\x00\x00\x00\x00\x00\x04\x00\x00\x00\x00\x00\x00\x00\x03\x00\x00\x00\x00\x00\x00\x00\x02\x00\x00\x00\x00\x00\x00\x00\x03\x00\x00\x00\x00\x00\x00\x00'
Central,b'\x8e!\x00\x00\x00\x00\x00\x00',b'\x03\x00\x00\x00\x00\x00\x00\x00\x05\x00\x00\x00\x00\x00\x00\x00\x05\x00\x00\x00\x00\x00\x00\x00\x02\x00\x00\x00\x00\x00\x00\x00\x05\x00\x00\x00\x00\x00\x00\x00\x02\x00\x00\x00\x00\x00\x00\x00'
South,b'\x13\x1e\x00\x00\x00\x00\x00\x00',b'\x03\x00\x00\x00\x00\x00\x00\x00\x05\x00\x00\x00\x00\x00\x00\x00\x05\x00\x00\x00\x00\x00\x00\x00'
West,b'\xcb\x00\x00\x00\x00\x00\x00\x00',b'\x03\x00\x00\x00\x00\x00\x00\x00\x05\x00\x00\x00\x00\x00\x00\x00\x04\x00\x00\x00\x00\x00\x00\x00\x03\x00\x00\x00\x00\x00\x00\x00'
West,b'\xf9\t\x00\x00\x00\x00\x00\x00',b'\x03\x00\x00\x00\x00\x00\x00\x00\x05\x00\x00\x00\x00\x00\x00\x00\x04\x00\x00\x00\x00\x00\x00\x00\x03\x00\x00\x00\x00\x00\x00\x00'
Central,b'\xea\x06\x00\x00\x00\x00\x00\x00',b'\x03\x00\x00\x00\x00\x00\x00\x00\x05\x00\x00\x00\x00\x00\x00\x00\x04\x00\x00\x00\x00\x00\x00\x00\x03\x00\x00\x00\x00\x00\x00\x00'
West,b'\x9c\x1e\x00\x00\x00\x00\x00\x00',b'\x03\x00\x00\x00\x00\x00\x00\x00\x05\x00\x00\x00\x00\x00\x00\x00\x04\x00\x00\x00\x00\x00\x00\x00\x03\x00\x00\x00\x00\x00\x00\x00'
East,b'\xb4\n\x00\x00\x00\x00\x00\x00',b'\x03\x00\x00\x00\x00\x00\x00\x00\x05\x00\x00\x00\x00\x00\x00\x00\x04\x00\x00\x00\x00\x00\x00\x00'
West,b'\xdd \x00\x00\x00\x00\x00\x00',b'\x03\x00\x00\x00\x00\x00\x00\x00\x05\x00\x00\x00\x00\x00\x00\x00\x03\x00\x00\x00\x00\x00\x00\x00\x03\x00\x00\x00\x00\x00\x00\x00\x01\x00\x00\x00\x00\x00\x00\x00'
West,b'Z\x0f\x00\x00\x00\x00\x00\x00',b'\x03\x00\x00\x00\x00\x00\x00\x00\x05\x00\x00\x00\x00\x00\x00\x00\x03\x00\x00\x00\x00\x00\x00\x00\x03\x00\x00\x00\x00\x00\x00\x00\x01\x00\x00\x00\x00\x00\x00\x00'
West,b'\xc9\x10\x00\x00\x00\x00\x00\x00',b'\x03\x00\x00\x00\x00\x00\x00\x00\x05\x00\x00\x00\x00\x00\x00\x00\x03\x00\x00\x00\x00\x00\x00\x00\x03\x00\x00\x00\x00\x00\x00\x00\x01\x00\x00\x00\x00\x00\x00\x00'
West,b'\xc5\n\x00\x00\x00\x00\x00\x00',b'\x03\x00\x00\x00\x00\x00\x00\x00\x05\x00\x00\x00\x00\x00\x00\x00\x03\x00\x00\x00\x00\x00\x00\x00\x03\x00\x00\x00\x00\x00\x00\x00\x01\x00\x00\x00\x00\x00\x00\x00'
West,"b""\xc0'\x00\x00\x00\x00\x00\x00""",b'\x03\x00\x00\x00\x00\x00\x00\x00\x05\x00\x00\x00\x00\x00\x00\x00\x03\x00\x00\x00\x00\x00\x00\x00\x01\x00\x00\x00\x00\x00\x00\x00\x03\x00\x00\x00\x00\x00\x00\x00\x06\x00\x00\x00\x00\x00\x00\x00'
South,b'\x17\x13\x00\x00\x00\x00\x00\x00',b'\x03\x00\x00\x00\x00\x00\x00\x00\x05\x00\x00\x00\x00\x00\x00\x00\x03\x00\x00\x00\x00\x00\x00\x00'
East,b'H%\x00\x00\x00\x00\x00\x00',b'\x03\x00\x00\x00\x00\x00\x00\x00\x05\x00\x00\x00\x00\x00\x00\x00\x02\x00\x00\x00\x00\x00\x00\x00\x03\x00\x00\x00\x00\x00\x00\x00'
Central,b'\xd5\t\x00\x00\x00\x00\x00\x00',b'\x03\x00\x00\x00\x00\x00\x00\x00\x05\x00\x00\x00\x00\x00\x00\x00\x02\x00\x00\x00\x00\x00\x00\x00\x02\x00\x00\x00\x00\x00\x00\x00'
East,b'v\n\x00\x00\x00\x00\x00\x00',b'\x03\x00\x00\x00\x00\x00\x00\x00\x05\x00\x00\x00\x00\x00\x00\x00\x02\x00\x00\x00\x00\x00\x00\x00\x02\x00\x00\x00\x00\x00\x00\x00'
East,b'\xdd\x05\x00\x00\x00\x00\x00\x00',b'\x03\x00\x00\x00\x00\x00\x00\x00\x05\x00\x00\x00\x00\x00\x00\x00\x02\x00\x00\x00\x00\x00\x00\x00\x02\x00\x00\x00\x00\x00\x00\x00'
South,b'\xfe\x0c\x00\x00\x00\x00\x00\x00',b'\x03\x00\x00\x00\x00\x00\x00\x00\x05\x00\x00\x00\x00\x00\x00\x00\x02\x00\x00\x00\x00\x00\x00\x00'
Central,b'f\x0e\x00\x00\x00\x00\x00\x00',b'\x03\x00\x00\x00\x00\x00\x00\x00\x05\x00\x00\x00\x00\x00\x00\x00\x02\x00\x00\x00\x00\x00\x00\x00'
East,b'C\x01\x00\x00\x00\x00\x00\x00',b'\x03\x00\x00\x00\x00\x00\x00\x00\x05\x00\x00\x00\x00\x00\x00\x00\x02\x00\x00\x00\x00\x00\x00\x00'
South,"b'\x95""\x00\x00\x00\x00\x00\x00'",b'\x03\x00\x00\x00\x00\x00\x00\x00\x05\x00\x00\x00\x00\x00\x00\x00\x02\x00\x00\x00\x00\x00\x00\x00'
West,b'\x9e \x00\x00\x00\x00\x00\x00',b'\x03\x00\x00\x00\x00\x00\x00\x00\x05\x00\x00\x00\x00\x00\x00\x00\x02\x00\x00\x00\x00\x00\x00\x00'
Central,b'\x9d\x0e\x00\x00\x00\x00\x00\x00',b'\x03\x00\x00\x00\x00\x00\x00\x00\x05\x00\x00\x00\x00\x00\x00\x00\x02\x00\x00\x00\x00\x00\x00\x00'
Central,b'i\n\x00\x00\x00\x00\x00\x00',b'\x03\x00\x00\x00\x00\x00\x00\x00\x05\x00\x00\x00\x00\x00\x00\x00\x01\x00\x00\x00\x00\x00\x00\x00\x03\x00\x00\x00\x00\x00\x00\x00\x02\x00\x00\x00\x00\x00\x00\x00'
Central,b'*\x19\x00\x00\x00\x00\x00\x00',b'\x03\x00\x00\x00\x00\x00\x00\x00\x05\x00\x00\x00\x00\x00\x00\x00\x01\x00\x00\x00\x00\x00\x00\x00\x03\x00\x00\x00\x00\x00\x00\x00\x02\x00\x00\x00\x00\x00\x00\x00'
South,b'\x03\x19\x00\x00\x00\x00\x00\x00',b'\x03\x00\x00\x00\x00\x00\x00\x00\x05\x00\x00\x00\x00\x00\x00\x00\x01\x00\x00\x00\x00\x00\x00\x00\x02\x00\x00\x00\x00\x00\x00\x00'
East,b'\xb3\x08\x00\x00\x00\x00\x00\x00',b'\x03\x00\x00\x00\x00\x00\x00\x00\x05\x00\x00\x00\x00\x00\x00\x00\x01\x00\x00\x00\x00\x00\x00\x00\x01\x00\x00\x00\x00\x00\x00\x00'
East,"b""\xdb'\x00\x00\x00\x00\x00\x00""",b'\x03\x00\x00\x00\x00\x00\x00\x00\x05\x00\x00\x00\x00\x00\x00\x00\x01\x00\x00\x00\x00\x00\x00\x00\x01\x00\x00\x00\x00\x00\x00\x00'
East,b'E$\x00\x00\x00\x00\x00\x00',b'\x03\x00\x00\x00\x00\x00\x00\x00\x05\x00\x00\x00\x00\x00\x00\x00\x01\x00\x00\x00\x00\x00\x00\x00\x01\x00\x00\x00\x00\x00\x00\x00'
East,b'0\t\x00\x00\x00\x00\x00\x00',b'\x03\x00\x00\x00\x00\x00\x00\x00\x05\x00\x00\x00\x00\x00\x00\x00'
South,b'\x7f\x08\x00\x00\x00\x00\x00\x00',b'\x03\x00\x00\x00\x00\x00\x00\x00\x05\x00\x00\x00\x00\x00\x00\x00'
Central,b'\xce\x1d\x00\x00\x00\x00\x00\x00',b'\x03\x00\x00\x00\x00\x00\x00\x00\x05\x00\x00\x00\x00\x00\x00\x00'
Central,b'\x81&\x00\x00\x00\x00\x00\x00',b'\x03\x00\x00\x00\x00\x00\x00\x00\x05\x00\x00\x00\x00\x00\x00\x00'
South,b'\xf2\x11\x00\x00\x00\x00\x00\x00',b'\x03\x00\x00\x00\x00\x00\x00\x00\x05\x00\x00\x00\x00\x00\x00\x00'
South,b'\x05\x18\x00\x00\x00\x00\x00\x00',b'\x03\x00\x00\x00\x00\x00\x00\x00\x05\x00\x00\x00\x00\x00\x00\x00'
East,b'\x97\x00\x00\x00\x00\x00\x00\x00',b'\x03\x00\x00\x00\x00\x00\x00\x00\x05\x00\x00\x00\x00\x00\x00\x00'
East,b'\xec\x14\x00\x00\x00\x00\x00\x00',b'\x03\x00\x00\x00\x00\x00\x00\x00\x05\x00\x00\x00\x00\x00\x00\x00'
South,b'X\x03\x00\x00\x00\x00\x00\x00',b'\x03\x00\x00\x00\x00\x00\x00\x00\x05\x00\x00\x00\x00\x00\x00\x00'
East,b'\xe0\x0b\x00\x00\x00\x00\x00\x00',b'\x03\x00\x00\x00\x00\x00\x00\x00\x05\x00\x00\x00\x00\x00\x00\x00'
South,b'\x18 \x00\x00\x00\x00\x00\x00',b'\x03\x00\x00\x00\x00\x00\x00\x00\x05\x00\x00\x00\x00\x00\x00\x00'
Central,b'n\x05\x00\x00\x00\x00\x00\x00',b'\x03\x00\x00\x00\x00\x00\x00\x00\x05\x00\x00\x00\x00\x00\x00\x00'
West,b'w&\x00\x00\x00\x00\x00\x00',b'\x03\x00\x00\x00\x00\x00\x00\x00\x05\x00\x00\x00\x00\x00\x00\x00'
South,b'\x10\x06\x00\x00\x00\x00\x00\x00',b'\x03\x00\x00\x00\x00\x00\x00\x00\x05\x00\x00\x00\x00\x00\x00\x00'
West,b'U\x01\x00\x00\x00\x00\x00\x00',b'\x03\x00\x00\x00\x00\x00\x00\x00\x05\x00\x00\x00\x00\x00\x00\x00'
West,b'\x95\x16\x00\x00\x00\x00\x00\x00',b'\x03\x00\x00\x00\x00\x00\x00\x00\x05\x00\x00\x00\x00\x00\x00\x00'
East,b'r\x03\x00\x00\x00\x00\x00\x00',b'\x03\x00\x00\x00\x00\x00\x00\x00\x05\x00\x00\x00\x00\x00\x00\x00'
Central,b'C\x17\x00\x00\x00\x00\x00\x00',b'\x03\x00\x00\x00\x00\x00\x00\x00\x05\x00\x00\x00\x00\x00\x00\x00'
West,b'\xf0\x01\x00\x00\x00\x00\x00\x00',b'\x03\x00\x00\x00\x00\x00\x00\x00\x05\x00\x00\x00\x00\x00\x00\x00'
South,b'\xd9\x00\x00\x00\x00\x00\x00\x00',b'\x03\x00\x00\x00\x00\x00\x00\x00\x05\x00\x00\x00\x00\x00\x00\x00'
South,b'4\x10\x00\x00\x00\x00\x00\x00',b'\x03\x00\x00\x00\x00\x00\x00\x00\x05\x00\x00\x00\x00\x00\x00\x00'
South,b'n\x00\x00\x00\x00\x00\x00\x00',b'\x03\x00\x00\x00\x00\x00\x00\x00\x05\x00\x00\x00\x00\x00\x00\x00'
West,b'D(\x00\x00\x00\x00\x00\x00',b'\x03\x00\x00\x00\x00\x00\x00\x00\x05\x00\x00\x00\x00\x00\x00\x00'
Central,b'\x12\x1e\x00\x00\x00\x00\x00\x00',b'\x03\x00\x00\x00\x00\x00\x00\x00\x05\x00\x00\x00\x00\x00\x00\x00'
West,"b'\xd8""\x00\x00\x00\x00\x00\x00'",b'\x03\x00\x00\x00\x00\x00\x00\x00\x05\x00\x00\x00\x00\x00\x00\x00'
West,"b'f""\x00\x00\x00\x00\x00\x00'",b'\x03\x00\x00\x00\x00\x00\x00\x00\x05\x00\x00\x00\x00\x00\x00\x00'
East,b'k\x15\x00\x00\x00\x00\x00\x00',b'\x03\x00\x00\x00\x00\x00\x00\x00\x05\x00\x00\x00\x00\x00\x00\x00'
East,b'\xe0\x19\x00\x00\x00\x00\x00\x00',b'\x03\x00\x00\x00\x00\x00\x00\x00\x05\x00\x00\x00\x00\x00\x00\x00'
South,b'|$\x00\x00\x00\x00\x00\x00',b'\x03\x00\x00\x00\x00\x00\x00\x00\x04\x00\x00\x00\x00\x00\x00\x00\x08\x00\x00\x00\x00\x00\x00\x00'
Central,b'\xe2&\x00\x00\x00\x00\x00\x00',b'\x03\x00\x00\x00\x00\x00\x00\x00\x04\x00\x00\x00\x00\x00\x00\x00\x08\x00\x00\x00\x00\x00\x00\x00'
Central,b'\xd1$\x00\x00\x00\x00\x00\x00',b'\x03\x00\x00\x00\x00\x00\x00\x00\x04\x00\x00\x00\x00\x00\x00\x00\x07\x00\x00\x00\x00\x00\x00\x00\x01\x00\x00\x00\x00\x00\x00\x00'
Central,b'^\x1f\x00\x00\x00\x00\x00\x00',b'\x03\x00\x00\x00\x00\x00\x00\x00\x04\x00\x00\x00\x00\x00\x00\x00\x07\x00\x00\x00\x00\x00\x00\x00\x01\x00\x00\x00\x00\x00\x00\x00'
East,b'\xb5\x19\x00\x00\x00\x00\x00\x00',b'\x03\x00\x00\x00\x00\x00\x00\x00\x04\x00\x00\x00\x00\x00\x00\x00\x04\x00\x00\x00\x00\x00\x00\x00\x04\x00\x00\x00\x00\x00\x00\x00'
Central,b'\x9d\x11\x00\x00\x00\x00\x00\x00',b'\x03\x00\x00\x00\x00\x00\x00\x00\x04\x00\x00\x00\x00\x00\x00\x00\x04\x00\x00\x00\x00\x00\x00\x00'
Central,b'\x84\x10\x00\x00\x00\x00\x00\x00',b'\x03\x00\x00\x00\x00\x00\x00\x00\x04\x00\x00\x00\x00\x00\x00\x00\x04\x00\x00\x00\x00\x00\x00\x00'
Central,b'\x1d\x08\x00\x00\x00\x00\x00\x00',b'\x03\x00\x00\x00\x00\x00\x00\x00\x04\x00\x00\x00\x00\x00\x00\x00\x04\x00\x00\x00\x00\x00\x00\x00'
Central,b'I\x1b\x00\x00\x00\x00\x00\x00',b'\x03\x00\x00\x00\x00\x00\x00\x00\x04\x00\x00\x00\x00\x00\x00\x00\x04\x00\x00\x00\x00\x00\x00\x00'
Central,b'B\x0f\x00\x00\x00\x00\x00\x00',b'\x03\x00\x00\x00\x00\x00\x00\x00\x04\x00\x00\x00\x00\x00\x00\x00\x04\x00\x00\x00\x00\x00\x00\x00'
East,b'\x19\x01\x00\x00\x00\x00\x00\x00',b'\x03\x00\x00\x00\x00\x00\x00\x00\x04\x00\x00\x00\x00\x00\x00\x00\x03\x00\x00\x00\x00\x00\x00\x00\x04\x00\x00\x00\x00\x00\x00\x00'
West,b'_\x06\x00\x00\x00\x00\x00\x00',b'\x03\x00\x00\x00\x00\x00\x00\x00\x04\x00\x00\x00\x00\x00\x00\x00\x03\x00\x00\x00\x00\x00\x00\x00\x03\x00\x00\x00\x00\x00\x00\x00\x01\x00\x00\x00\x00\x00\x00\x00'
West,b'\x00#\x00\x00\x00\x00\x00\x00',b'\x03\x00\x00\x00\x00\x00\x00\x00\x04\x00\x00\x00\x00\x00\x00\x00\x03\x00\x00\x00\x00\x00\x00\x00\x02\x00\x00\x00\x00\x00\x00\x00'
East,b'\xcf\x00\x00\x00\x00\x00\x00\x00',b'\x03\x00\x00\x00\x00\x00\x00\x00\x04\x00\x00\x00\x00\x00\x00\x00\x03\x00\x00\x00\x00\x00\x00\x00\x01\x00\x00\x00\x00\x00\x00\x00'
East,b'\xb6\x08\x00\x00\x00\x00\x00\x00',b'\x03\x00\x00\x00\x00\x00\x00\x00\x04\x00\x00\x00\x00\x00\x00\x00\x03\x00\x00\x00\x00\x00\x00\x00\x01\x00\x00\x00\x00\x00\x00\x00'
West,"b'\xc4""\x00\x00\x00\x00\x00\x00'",b'\x03\x00\x00\x00\x00\x00\x00\x00\x04\x00\x00\x00\x00\x00\x00\x00\x03\x00\x00\x00\x00\x00\x00\x00'
West,b'+\x17\x00\x00\x00\x00\x00\x00',b'\x03\x00\x00\x00\x00\x00\x00\x00\x04\x00\x00\x00\x00\x00\x00\x00\x03\x00\x00\x00\x00\x00\x00\x00'
South,b'\x03#\x00\x00\x00\x00\x00\x00',b'\x03\x00\x00\x00\x00\x00\x00\x00\x04\x00\x00\x00\x00\x00\x00\x00\x03\x00\x00\x00\x00\x00\x00\x00'
West,b'\xce\x07\x00\x00\x00\x00\x00\x00',b'\x03\x00\x00\x00\x00\x00\x00\x00\x04\x00\x00\x00\x00\x00\x00\x00\x03\x00\x00\x00\x00\x00\x00\x00'
West,b'\xda%\x00\x00\x00\x00\x00\x00',b'\x03\x00\x00\x00\x00\x00\x00\x00\x04\x00\x00\x00\x00\x00\x00\x00\x03\x00\x00\x00\x00\x00\x00\x00'
East,"b""\x9d'\x00\x00\x00\x00\x00\x00""",b'\x03\x00\x00\x00\x00\x00\x00\x00\x04\x00\x00\x00\x00\x00\x00\x00\x03\x00\x00\x00\x00\x00\x00\x00'
East,b'\xb6\x1f\x00\x00\x00\x00\x00\x00',b'\x03\x00\x00\x00\x00\x00\x00\x00\x04\x00\x00\x00\x00\x00\x00\x00\x02\x00\x00\x00\x00\x00\x00\x00\x01\x00\x00\x00\x00\x00\x00\x00'
West,b'\xfd#\x00\x00\x00\x00\x00\x00',b'\x03\x00\x00\x00\x00\x00\x00\x00\x04\x00\x00\x00\x00\x00\x00\x00\x02\x00\x00\x00\x00\x00\x00\x00'
West,b'\xb5\x1e\x00\x00\x00\x00\x00\x00',b'\x03\x00\x00\x00\x00\x00\x00\x00\x04\x00\x00\x00\x00\x00\x00\x00\x02\x00\x00\x00\x00\x00\x00\x00'
Central,b'\xde\x1f\x00\x00\x00\x00\x00\x00',b'\x03\x00\x00\x00\x00\x00\x00\x00\x04\x00\x00\x00\x00\x00\x00\x00\x02\x00\x00\x00\x00\x00\x00\x00'
South,b'f\x11\x00\x00\x00\x00\x00\x00',b'\x03\x00\x00\x00\x00\x00\x00\x00\x04\x00\x00\x00\x00\x00\x00\x00\x02\x00\x00\x00\x00\x00\x00\x00'
East,b'\x83\x1c\x00\x00\x00\x00\x00\x00',b'\x03\x00\x00\x00\x00\x00\x00\x00\x04\x00\x00\x00\x00\x00\x00\x00\x02\x00\x00\x00\x00\x00\x00\x00'
Central,b'P\x06\x00\x00\x00\x00\x00\x00',b'\x03\x00\x00\x00\x00\x00\x00\x00\x04\x00\x00\x00\x00\x00\x00\x00\x02\x00\x00\x00\x00\x00\x00\x00'
West,b']\x06\x00\x00\x00\x00\x00\x00',b'\x03\x00\x00\x00\x00\x00\x00\x00\x04\x00\x00\x00\x00\x00\x00\x00\x02\x00\x00\x00\x00\x00\x00\x00'
East,b'\xca\x1e\x00\x00\x00\x00\x00\x00',b'\x03\x00\x00\x00\x00\x00\x00\x00\x04\x00\x00\x00\x00\x00\x00\x00\x02\x00\x00\x00\x00\x00\x00\x00'
West,b'\x8b%\x00\x00\x00\x00\x00\x00',b'\x03\x00\x00\x00\x00\x00\x00\x00\x04\x00\x00\x00\x00\x00\x00\x00\x02\x00\x00\x00\x00\x00\x00\x00'
West,b'\x8d&\x00\x00\x00\x00\x00\x00',b'\x03\x00\x00\x00\x00\x00\x00\x00\x04\x00\x00\x00\x00\x00\x00\x00\x01\x00\x00\x00\x00\x00\x00\x00'
East,b'\xaa\x1f\x00\x00\x00\x00\x00\x00',b'\x03\x00\x00\x00\x00\x00\x00\x00\x04\x00\x00\x00\x00\x00\x00\x00\x01\x00\x00\x00\x00\x00\x00\x00'
East,b'\x0e%\x00\x00\x00\x00\x00\x00',b'\x03\x00\x00\x00\x00\x00\x00\x00\x04\x00\x00\x00\x00\x00\x00\x00\x01\x00\x00\x00\x00\x00\x00\x00'
West,b'\xc8(\x00\x00\x00\x00\x00\x00',b'\x03\x00\x00\x00\x00\x00\x00\x00\x04\x00\x00\x00\x00\x00\x00\x00\x01\x00\x00\x00\x00\x00\x00\x00'
Central,b'\xe3\x04\x00\x00\x00\x00\x00\x00',b'\x03\x00\x00\x00\x00\x00\x00\x00\x04\x00\x00\x00\x00\x00\x00\x00'
East,b'\xa9\x07\x00\x00\x00\x00\x00\x00',b'\x03\x00\x00\x00\x00\x00\x00\x00\x04\x00\x00\x00\x00\x00\x00\x00'
South,b'\xb9\x02\x00\x00\x00\x00\x00\x00',b'\x03\x00\x00\x00\x00\x00\x00\x00\x04\x00\x00\x00\x00\x00\x00\x00'
Central,b'\xcd\x18\x00\x00\x00\x00\x00\x00',b'\x03\x00\x00\x00\x00\x00\x00\x00\x04\x00\x00\x00\x00\x00\x00\x00'
South,b'W\x0e\x00\x00\x00\x00\x00\x00',b'\x03\x00\x00\x00\x00\x00\x00\x00\x04\x00\x00\x00\x00\x00\x00\x00'
East,b'\xd3&\x00\x00\x00\x00\x00\x00',b'\x03\x00\x00\x00\x00\x00\x00\x00\x04\x00\x00\x00\x00\x00\x00\x00'
East,b'\xc9\x11\x00\x00\x00\x00\x00\x00',b'\x03\x00\x00\x00\x00\x00\x00\x00\x04\x00\x00\x00\x00\x00\x00\x00'
South,b'\xbd\x1f\x00\x00\x00\x00\x00\x00',b'\x03\x00\x00\x00\x00\x00\x00\x00\x04\x00\x00\x00\x00\x00\x00\x00'
Central,b'p&\x00\x00\x00\x00\x00\x00',b'\x03\x00\x00\x00\x00\x00\x00\x00\x04\x00\x00\x00\x00\x00\x00\x00'
Central,b'\xf4\x1b\x00\x00\x00\x00\x00\x00',b'\x03\x00\x00\x00\x00\x00\x00\x00\x04\x00\x00\x00\x00\x00\x00\x00'
Central,b'\xbd!\x00\x00\x00\x00\x00\x00',b'\x03\x00\x00\x00\x00\x00\x00\x00\x04\x00\x00\x00\x00\x00\x00\x00'
East,b'\xcc\x00\x00\x00\x00\x00\x00\x00',b'\x03\x00\x00\x00\x00\x00\x00\x00\x04\x00\x00\x00\x00\x00\x00\x00'
West,"b'^""\x00\x00\x00\x00\x00\x00'",b'\x03\x00\x00\x00\x00\x00\x00\x00\x04\x00\x00\x00\x00\x00\x00\x00'
East,b'e\x16\x00\x00\x00\x00\x00\x00',b'\x03\x00\x00\x00\x00\x00\x00\x00\x04\x00\x00\x00\x00\x00\x00\x00'
South,b'\xb4!\x00\x00\x00\x00\x00\x00',b'\x03\x00\x00\x00\x00\x00\x00\x00\x04\x00\x00\x00\x00\x00\x00\x00'
East,b'\xfb(\x00\x00\x00\x00\x00\x00',b'\x03\x00\x00\x00\x00\x00\x00\x00\x04\x00\x00\x00\x00\x00\x00\x00'
South,b'Z\x0f\x00\x00\x00\x00\x00\x00',b'\x03\x00\x00\x00\x00\x00\x00\x00\x04\x00\x00\x00\x00\x00\x00\x00'
West,b'\xfe \x00\x00\x00\x00\x00\x00',b'\x03\x00\x00\x00\x00\x00\x00\x00\x04\x00\x00\x00\x00\x00\x00\x00'
Central,b'\xce$\x00\x00\x00\x00\x00\x00',b'\x03\x00\x00\x00\x00\x00\x00\x00\x04\x00\x00\x00\x00\x00\x00\x00'
East,b'I\x04\x00\x00\x00\x00\x00\x00',b'\x03\x00\x00\x00\x00\x00\x00\x00\x04\x00\x00\x00\x00\x00\x00\x00'
West,b'\xd7\x1a\x00\x00\x00\x00\x00\x00',b'\x03\x00\x00\x00\x00\x00\x00\x00\x04\x00\x00\x00\x00\x00\x00\x00'
West,b'&\x1f\x00\x00\x00\x00\x00\x00',b'\x03\x00\x00\x00\x00\x00\x00\x00\x04\x00\x00\x00\x00\x00\x00\x00'
South,b'\xc5\n\x00\x00\x00\x00\x00\x00',b'\x03\x00\x00\x00\x00\x00\x00\x00\x04\x00\x00\x00\x00\x00\x00\x00'
East,b'\xa3(\x00\x00\x00\x00\x00\x00',b'\x03\x00\x00\x00\x00\x00\x00\x00\x04\x00\x00\x00\x00\x00\x00\x00'
East,b'\x9d)\x00\x00\x00\x00\x00\x00',b'\x03\x00\x00\x00\x00\x00\x00\x00\x04\x00\x00\x00\x00\x00\x00\x00'
East,b';%\x00\x00\x00\x00\x00\x00',b'\x03\x00\x00\x00\x00\x00\x00\x00\x04\x00\x00\x00\x00\x00\x00\x00'
East,b'\xc4 \x00\x00\x00\x00\x00\x00',b'\x03\x00\x00\x00\x00\x00\x00\x00\x04\x00\x00\x00\x00\x00\x00\x00'
Central,"b"".'\x00\x00\x00\x00\x00\x00""",b'\x03\x00\x00\x00\x00\x00\x00\x00\x04\x00\x00\x00\x00\x00\x00\x00'
East,b'6\x0c\x00\x00\x00\x00\x00\x00',b'\x03\x00\x00\x00\x00\x00\x00\x00\x04\x00\x00\x00\x00\x00\x00\x00'
West,b'?)\x00\x00\x00\x00\x00\x00',b'\x03\x00\x00\x00\x00\x00\x00\x00\x04\x00\x00\x00\x00\x00\x00\x00'
East,b'\r\x0e\x00\x00\x00\x00\x00\x00',b'\x03\x00\x00\x00\x00\x00\x00\x00\x04\x00\x00\x00\x00\x00\x00\x00'
Central,"b'\x81""\x00\x00\x00\x00\x00\x00'",b'\x03\x00\x00\x00\x00\x00\x00\x00\x04\x00\x00\x00\x00\x00\x00\x00'
Central,b'\xeb\x08\x00\x00\x00\x00\x00\x00',b'\x03\x00\x00\x00\x00\x00\x00\x00\x04\x00\x00\x00\x00\x00\x00\x00'
Central,b'\xa4\x0c\x00\x00\x00\x00\x00\x00',b'\x03\x00\x00\x00\x00\x00\x00\x00\x04\x00\x00\x00\x00\x00\x00\x00'
Central,b'\xc7(\x00\x00\x00\x00\x00\x00',b'\x03\x00\x00\x00\x00\x00\x00\x00\x04\x00\x00\x00\x00\x00\x00\x00'
East,b'\xee\x0e\x00\x00\x00\x00\x00\x00',b'\x03\x00\x00\x00\x00\x00\x00\x00\x04\x00\x00\x00\x00\x00\x00\x00'
Central,b'\n\x1d\x00\x00\x00\x00\x00\x00',b'\x03\x00\x00\x00\x00\x00\x00\x00\x04\x00\x00\x00\x00\x00\x00\x00'
East,"b',)\x00\x00\x00\x00\x00\x00'",b'\x03\x00\x00\x00\x00\x00\x00\x00\x04\x00\x00\x00\x00\x00\x00\x00'
West,b'\x87\x12\x00\x00\x00\x00\x00\x00',b'\x03\x00\x00\x00\x00\x00\x00\x00\x04\x00\x00\x00\x00\x00\x00\x00'
East,b'\x01\x06\x00\x00\x00\x00\x00\x00',b'\x03\x00\x00\x00\x00\x00\x00\x00\x04\x00\x00\x00\x00\x00\x00\x00'
Central,b'\xf1\x15\x00\x00\x00\x00\x00\x00',b'\x03\x00\x00\x00\x00\x00\x00\x00\x04\x00\x00\x00\x00\x00\x00\x00'
West,b'\xf8\x17\x00\x00\x00\x00\x00\x00',b'\x03\x00\x00\x00\x00\x00\x00\x00\x04\x00\x00\x00\x00\x00\x00\x00'
South,b'\xdd \x00\x00\x00\x00\x00\x00',b'\x03\x00\x00\x00\x00\x00\x00\x00\x04\x00\x00\x00\x00\x00\x00\x00'
East,b'\xdf\x11\x00\x00\x00\x00\x00\x00',b'\x03\x00\x00\x00\x00\x00\x00\x00\x04\x00\x00\x00\x00\x00\x00\x00'
West,"b'\xf5""\x00\x00\x00\x00\x00\x00'",b'\x03\x00\x00\x00\x00\x00\x00\x00\x04\x00\x00\x00\x00\x00\x00\x00'
East,b'\x8c\x05\x00\x00\x00\x00\x00\x00',b'\x03\x00\x00\x00\x00\x00\x00\x00\x04\x00\x00\x00\x00\x00\x00\x00'
Central,"b""\xaf'\x00\x00\x00\x00\x00\x00""",b'\x03\x00\x00\x00\x00\x00\x00\x00\x04\x00\x00\x00\x00\x00\x00\x00'
Central,b'\x0e\x1b\x00\x00\x00\x00\x00\x00',b'\x03\x00\x00\x00\x00\x00\x00\x00\x04\x00\x00\x00\x00\x00\x00\x00'
East,b'\xe2\x03\x00\x00\x00\x00\x00\x00',b'\x03\x00\x00\x00\x00\x00\x00\x00\x04\x00\x00\x00\x00\x00\x00\x00'
West,b'\xbc\x1d\x00\x00\x00\x00\x00\x00',b'\x03\x00\x00\x00\x00\x00\x00\x00\x04\x00\x00\x00\x00\x00\x00\x00'
West,b'\x8a\x18\x00\x00\x00\x00\x00\x00',b'\x03\x00\x00\x00\x00\x00\x00\x00\x04\x00\x00\x00\x00\x00\x00\x00'
West,b'\xbb)\x00\x00\x00\x00\x00\x00',b'\x03\x00\x00\x00\x00\x00\x00\x00\x04\x00\x00\x00\x00\x00\x00\x00'
East,b'\x90\x04\x00\x00\x00\x00\x00\x00',b'\x03\x00\x00\x00\x00\x00\x00\x00\x04\x00\x00\x00\x00\x00\x00\x00'
West,b'G)\x00\x00\x00\x00\x00\x00',b'\x03\x00\x00\x00\x00\x00\x00\x00\x04\x00\x00\x00\x00\x00\x00\x00'
South,b'\x03$\x00\x00\x00\x00\x00\x00',b'\x03\x00\x00\x00\x00\x00\x00\x00\x04\x00\x00\x00\x00\x00\x00\x00'
East,b'}\x0c\x00\x00\x00\x00\x00\x00',b'\x03\x00\x00\x00\x00\x00\x00\x00\x04\x00\x00\x00\x00\x00\x00\x00'
Central,"b',\x1f\x00\x00\x00\x00\x00\x00'",b'\x03\x00\x00\x00\x00\x00\x00\x00\x04\x00\x00\x00\x00\x00\x00\x00'
East,b'\t\r\x00\x00\x00\x00\x00\x00',b'\x03\x00\x00\x00\x00\x00\x00\x00\x04\x00\x00\x00\x00\x00\x00\x00'
Central,b'=\x0f\x00\x00\x00\x00\x00\x00',b'\x03\x00\x00\x00\x00\x00\x00\x00\x03\x00\x00\x00\x00\x00\x00\x00\x08\x00\x00\x00\x00\x00\x00\x00\x03\x00\x00\x00\x00\x00\x00\x00\x03\x00\x00\x00\x00\x00\x00\x00'
West,b'\xb5\x19\x00\x00\x00\x00\x00\x00',b'\x03\x00\x00\x00\x00\x00\x00\x00\x03\x00\x00\x00\x00\x00\x00\x00\x08\x00\x00\x00\x00\x00\x00\x00\x02\x00\x00\x00\x00\x00\x00\x00'
West,b'\x04\x18\x00\x00\x00\x00\x00\x00',b'\x03\x00\x00\x00\x00\x00\x00\x00\x03\x00\x00\x00\x00\x00\x00\x00\x07\x00\x00\x00\x00\x00\x00\x00\x01\x00\x00\x00\x00\x00\x00\x00'
Central,b'\xaf\n\x00\x00\x00\x00\x00\x00',b'\x03\x00\x00\x00\x00\x00\x00\x00\x03\x00\x00\x00\x00\x00\x00\x00\x07\x00\x00\x00\x00\x00\x00\x00'
East,b'\xfa\r\x00\x00\x00\x00\x00\x00',b'\x03\x00\x00\x00\x00\x00\x00\x00\x03\x00\x00\x00\x00\x00\x00\x00\x05\x00\x00\x00\x00\x00\x00\x00\x06\x00\x00\x00\x00\x00\x00\x00\x02\x00\x00\x00\x00\x00\x00\x00\x01\x00\x00\x00\x00\x00\x00\x00'
East,b'\x86!\x00\x00\x00\x00\x00\x00',b'\x03\x00\x00\x00\x00\x00\x00\x00\x03\x00\x00\x00\x00\x00\x00\x00\x05\x00\x00\x00\x00\x00\x00\x00\x06\x00\x00\x00\x00\x00\x00\x00\x02\x00\x00\x00\x00\x00\x00\x00\x01\x00\x00\x00\x00\x00\x00\x00'
West,b'\xdd\x1d\x00\x00\x00\x00\x00\x00',b'\x03\x00\x00\x00\x00\x00\x00\x00\x03\x00\x00\x00\x00\x00\x00\x00\x05\x00\x00\x00\x00\x00\x00\x00\x05\x00\x00\x00\x00\x00\x00\x00\x03\x00\x00\x00\x00\x00\x00\x00'
Central,b'\x90\x19\x00\x00\x00\x00\x00\x00',b'\x03\x00\x00\x00\x00\x00\x00\x00\x03\x00\x00\x00\x00\x00\x00\x00\x05\x00\x00\x00\x00\x00\x00\x00'
West,b'\xa8\x03\x00\x00\x00\x00\x00\x00',b'\x03\x00\x00\x00\x00\x00\x00\x00\x03\x00\x00\x00\x00\x00\x00\x00\x04\x00\x00\x00\x00\x00\x00\x00\x04\x00\x00\x00\x00\x00\x00\x00'
West,b'\xb6\x04\x00\x00\x00\x00\x00\x00',b'\x03\x00\x00\x00\x00\x00\x00\x00\x03\x00\x00\x00\x00\x00\x00\x00\x04\x00\x00\x00\x00\x00\x00\x00\x04\x00\x00\x00\x00\x00\x00\x00'
West,"b'\xa9""\x00\x00\x00\x00\x00\x00'",b'\x03\x00\x00\x00\x00\x00\x00\x00\x03\x00\x00\x00\x00\x00\x00\x00\x04\x00\x00\x00\x00\x00\x00\x00\x03\x00\x00\x00\x00\x00\x00\x00\x07\x00\x00\x00\x00\x00\x00\x00\x04\x00\x00\x00\x00\x00\x00\x00\x02\x00\x00\x00\x00\x00\x00\x00'
West,b's\x0c\x00\x00\x00\x00\x00\x00',b'\x03\x00\x00\x00\x00\x00\x00\x00\x03\x00\x00\x00\x00\x00\x00\x00\x04\x00\x00\x00\x00\x00\x00\x00\x02\x00\x00\x00\x00\x00\x00\x00\x03\x00\x00\x00\x00\x00\x00\x00'
Central,b'|\x04\x00\x00\x00\x00\x00\x00',b'\x03\x00\x00\x00\x00\x00\x00\x00\x03\x00\x00\x00\x00\x00\x00\x00\x04\x00\x00\x00\x00\x00\x00\x00\x01\x00\x00\x00\x00\x00\x00\x00'
West,b'<\x04\x00\x00\x00\x00\x00\x00',b'\x03\x00\x00\x00\x00\x00\x00\x00\x03\x00\x00\x00\x00\x00\x00\x00\x04\x00\x00\x00\x00\x00\x00\x00'
West,b'k\x10\x00\x00\x00\x00\x00\x00',b'\x03\x00\x00\x00\x00\x00\x00\x00\x03\x00\x00\x00\x00\x00\x00\x00\x03\x00\x00\x00\x00\x00\x00\x00\x05\x00\x00\x00\x00\x00\x00\x00\x02\x00\x00\x00\x00\x00\x00\x00\x01\x00\x00\x00\x00\x00\x00\x00'
Central,b'\xd3\x1a\x00\x00\x00\x00\x00\x00',b'\x03\x00\x00\x00\x00\x00\x00\x00\x03\x00\x00\x00\x00\x00\x00\x00\x03\x00\x00\x00\x00\x00\x00\x00\x04\x00\x00\x00\x00\x00\x00\x00\x01\x00\x00\x00\x00\x00\x00\x00'
Central,"b""\xd7'\x00\x00\x00\x00\x00\x00""",b'\x03\x00\x00\x00\x00\x00\x00\x00\x03\x00\x00\x00\x00\x00\x00\x00\x03\x00\x00\x00\x00\x00\x00\x00\x04\x00\x00\x00\x00\x00\x00\x00\x01\x00\x00\x00\x00\x00\x00\x00'
West,b'\xc3\x1c\x00\x00\x00\x00\x00\x00',b'\x03\x00\x00\x00\x00\x00\x00\x00\x03\x00\x00\x00\x00\x00\x00\x00\x03\x00\x00\x00\x00\x00\x00\x00\x03\x00\x00\x00\x00\x00\x00\x00\x02\x00\x00\x00\x00\x00\x00\x00\x01\x00\x00\x00\x00\x00\x00\x00'
East,b'\x1b\x13\x00\x00\x00\x00\x00\x00',b'\x03\x00\x00\x00\x00\x00\x00\x00\x03\x00\x00\x00\x00\x00\x00\x00\x03\x00\x00\x00\x00\x00\x00\x00\x02\x00\x00\x00\x00\x00\x00\x00\x01\x00\x00\x00\x00\x00\x00\x00'
Central,b'\xfb(\x00\x00\x00\x00\x00\x00',b'\x03\x00\x00\x00\x00\x00\x00\x00\x03\x00\x00\x00\x00\x00\x00\x00\x03\x00\x00\x00\x00\x00\x00\x00\x02\x00\x00\x00\x00\x00\x00\x00'
East,b'\xf1\x15\x00\x00\x00\x00\x00\x00',b'\x03\x00\x00\x00\x00\x00\x00\x00\x03\x00\x00\x00\x00\x00\x00\x00\x03\x00\x00\x00\x00\x00\x00\x00\x02\x00\x00\x00\x00\x00\x00\x00'
East,b'N&\x00\x00\x00\x00\x00\x00',b'\x03\x00\x00\x00\x00\x00\x00\x00\x03\x00\x00\x00\x00\x00\x00\x00\x03\x00\x00\x00\x00\x00\x00\x00\x01\x00\x00\x00\x00\x00\x00\x00\x02\x00\x00\x00\x00\x00\x00\x00'
Central,b'\x16\x1d\x00\x00\x00\x00\x00\x00',b'\x03\x00\x00\x00\x00\x00\x00\x00\x03\x00\x00\x00\x00\x00\x00\x00\x03\x00\x00\x00\x00\x00\x00\x00\x01\x00\x00\x00\x00\x00\x00\x00'
West,b'\x00\x1c\x00\x00\x00\x00\x00\x00',b'\x03\x00\x00\x00\x00\x00\x00\x00\x03\x00\x00\x00\x00\x00\x00\x00\x03\x00\x00\x00\x00\x00\x00\x00\x01\x00\x00\x00\x00\x00\x00\x00'
West,b'\xe9\x16\x00\x00\x00\x00\x00\x00',b'\x03\x00\x00\x00\x00\x00\x00\x00\x03\x00\x00\x00\x00\x00\x00\x00\x03\x00\x00\x00\x00\x00\x00\x00'
East,b'\xbb\x08\x00\x00\x00\x00\x00\x00',b'\x03\x00\x00\x00\x00\x00\x00\x00\x03\x00\x00\x00\x00\x00\x00\x00\x03\x00\x00\x00\x00\x00\x00\x00'
East,b'4\x10\x00\x00\x00\x00\x00\x00',b'\x03\x00\x00\x00\x00\x00\x00\x00\x03\x00\x00\x00\x00\x00\x00\x00\x03\x00\x00\x00\x00\x00\x00\x00'
East,b'7)\x00\x00\x00\x00\x00\x00',b'\x03\x00\x00\x00\x00\x00\x00\x00\x03\x00\x00\x00\x00\x00\x00\x00\x03\x00\x00\x00\x00\x00\x00\x00'
Central,b'y(\x00\x00\x00\x00\x00\x00',b'\x03\x00\x00\x00\x00\x00\x00\x00\x03\x00\x00\x00\x00\x00\x00\x00\x03\x00\x00\x00\x00\x00\x00\x00'
East,b'`\x05\x00\x00\x00\x00\x00\x00',b'\x03\x00\x00\x00\x00\x00\x00\x00\x03\x00\x00\x00\x00\x00\x00\x00\x03\x00\x00\x00\x00\x00\x00\x00'
East,"b""<'\x00\x00\x00\x00\x00\x00""",b'\x03\x00\x00\x00\x00\x00\x00\x00\x03\x00\x00\x00\x00\x00\x00\x00\x03\x00\x00\x00\x00\x00\x00\x00'
Central,b'\xce\x04\x00\x00\x00\x00\x00\x00',b'\x03\x00\x00\x00\x00\x00\x00\x00\x03\x00\x00\x00\x00\x00\x00\x00\x03\x00\x00\x00\x00\x00\x00\x00'
East,b'\x18 \x00\x00\x00\x00\x00\x00',b'\x03\x00\x00\x00\x00\x00\x00\x00\x03\x00\x00\x00\x00\x00\x00\x00\x03\x00\x00\x00\x00\x00\x00\x00'
South,b'\xcd)\x00\x00\x00\x00\x00\x00',b'\x03\x00\x00\x00\x00\x00\x00\x00\x03\x00\x00\x00\x00\x00\x00\x00\x03\x00\x00\x00\x00\x00\x00\x00'
West,b'\x03\n\x00\x00\x00\x00\x00\x00',b'\x03\x00\x00\x00\x00\x00\x00\x00\x03\x00\x00\x00\x00\x00\x00\x00\x03\x00\x00\x00\x00\x00\x00\x00'
East,b'{\x14\x00\x00\x00\x00\x00\x00',b'\x03\x00\x00\x00\x00\x00\x00\x00\x03\x00\x00\x00\x00\x00\x00\x00\x03\x00\x00\x00\x00\x00\x00\x00'
West,"b'\xd4""\x00\x00\x00\x00\x00\x00'",b'\x03\x00\x00\x00\x00\x00\x00\x00\x03\x00\x00\x00\x00\x00\x00\x00\x03\x00\x00\x00\x00\x00\x00\x00'
Central,b'q\x1f\x00\x00\x00\x00\x00\x00',b'\x03\x00\x00\x00\x00\x00\x00\x00\x03\x00\x00\x00\x00\x00\x00\x00\x03\x00\x00\x00\x00\x00\x00\x00'
West,b'\xb6\x1f\x00\x00\x00\x00\x00\x00',b'\x03\x00\x00\x00\x00\x00\x00\x00\x03\x00\x00\x00\x00\x00\x00\x00\x03\x00\x00\x00\x00\x00\x00\x00'
West,b'E\r\x00\x00\x00\x00\x00\x00',b'\x03\x00\x00\x00\x00\x00\x00\x00\x03\x00\x00\x00\x00\x00\x00\x00\x02\x00\x00\x00\x00\x00\x00\x00\x04\x00\x00\x00\x00\x00\x00\x00'
West,b'\xae&\x00\x00\x00\x00\x00\x00',b'\x03\x00\x00\x00\x00\x00\x00\x00\x03\x00\x00\x00\x00\x00\x00\x00\x02\x00\x00\x00\x00\x00\x00\x00\x03\x00\x00\x00\x00\x00\x00\x00'
East,b'\xbc\x19\x00\x00\x00\x00\x00\x00',b'\x03\x00\x00\x00\x00\x00\x00\x00\x03\x00\x00\x00\x00\x00\x00\x00\x02\x00\x00\x00\x00\x00\x00\x00\x02\x00\x00\x00\x00\x00\x00\x00\x02\x00\x00\x00\x00\x00\x00\x00\x01\x00\x00\x00\x00\x00\x00\x00'
East,b'\x9d\x15\x00\x00\x00\x00\x00\x00',b'\x03\x00\x00\x00\x00\x00\x00\x00\x03\x00\x00\x00\x00\x00\x00\x00\x02\x00\x00\x00\x00\x00\x00\x00\x02\x00\x00\x00\x00\x00\x00\x00\x02\x00\x00\x00\x00\x00\x00\x00\x01\x00\x00\x00\x00\x00\x00\x00'
East,b'\xe3&\x00\x00\x00\x00\x00\x00',b'\x03\x00\x00\x00\x00\x00\x00\x00\x03\x00\x00\x00\x00\x00\x00\x00\x02\x00\x00\x00\x00\x00\x00\x00\x02\x00\x00\x00\x00\x00\x00\x00'
East,b'\xd9%\x00\x00\x00\x00\x00\x00',b'\x03\x00\x00\x00\x00\x00\x00\x00\x03\x00\x00\x00\x00\x00\x00\x00\x02\x00\x00\x00\x00\x00\x00\x00\x02\x00\x00\x00\x00\x00\x00\x00'
East,b'\xd4\x03\x00\x00\x00\x00\x00\x00',b'\x03\x00\x00\x00\x00\x00\x00\x00\x03\x00\x00\x00\x00\x00\x00\x00\x02\x00\x00\x00\x00\x00\x00\x00\x02\x00\x00\x00\x00\x00\x00\x00'
West,b'\xcc\x04\x00\x00\x00\x00\x00\x00',b'\x03\x00\x00\x00\x00\x00\x00\x00\x03\x00\x00\x00\x00\x00\x00\x00\x02\x00\x00\x00\x00\x00\x00\x00\x02\x00\x00\x00\x00\x00\x00\x00'
West,b'\x90#\x00\x00\x00\x00\x00\x00',b'\x03\x00\x00\x00\x00\x00\x00\x00\x03\x00\x00\x00\x00\x00\x00\x00\x02\x00\x00\x00\x00\x00\x00\x00\x02\x00\x00\x00\x00\x00\x00\x00'
Central,b'\xbb\x15\x00\x00\x00\x00\x00\x00',b'\x03\x00\x00\x00\x00\x00\x00\x00\x03\x00\x00\x00\x00\x00\x00\x00\x02\x00\x00\x00\x00\x00\x00\x00\x01\x00\x00\x00\x00\x00\x00\x00\x03\x00\x00\x00\x00\x00\x00\x00'
West,b'\xaa\x04\x00\x00\x00\x00\x00\x00',b'\x03\x00\x00\x00\x00\x00\x00\x00\x03\x00\x00\x00\x00\x00\x00\x00\x02\x00\x00\x00\x00\x00\x00\x00\x01\x00\x00\x00\x00\x00\x00\x00'
East,b'\x00!\x00\x00\x00\x00\x00\x00',b'\x03\x00\x00\x00\x00\x00\x00\x00\x03\x00\x00\x00\x00\x00\x00\x00\x02\x00\x00\x00\x00\x00\x00\x00\x01\x00\x00\x00\x00\x00\x00\x00'
East,b'\n\x1d\x00\x00\x00\x00\x00\x00',b'\x03\x00\x00\x00\x00\x00\x00\x00\x03\x00\x00\x00\x00\x00\x00\x00\x02\x00\x00\x00\x00\x00\x00\x00'
East,"b""\xe7'\x00\x00\x00\x00\x00\x00""",b'\x03\x00\x00\x00\x00\x00\x00\x00\x03\x00\x00\x00\x00\x00\x00\x00\x02\x00\x00\x00\x00\x00\x00\x00'
South,b'\xa2\x08\x00\x00\x00\x00\x00\x00',b'\x03\x00\x00\x00\x00\x00\x00\x00\x03\x00\x00\x00\x00\x00\x00\x00\x02\x00\x00\x00\x00\x00\x00\x00'
East,b'\xeb\x0c\x00\x00\x00\x00\x00\x00',b'\x03\x00\x00\x00\x00\x00\x00\x00\x03\x00\x00\x00\x00\x00\x00\x00\x02\x00\x00\x00\x00\x00\x00\x00'
West,b'\n\x1d\x00\x00\x00\x00\x00\x00',b'\x03\x00\x00\x00\x00\x00\x00\x00\x03\x00\x00\x00\x00\x00\x00\x00\x02\x00\x00\x00\x00\x00\x00\x00'
Central,b'l\x15\x00\x00\x00\x00\x00\x00',b'\x03\x00\x00\x00\x00\x00\x00\x00\x03\x00\x00\x00\x00\x00\x00\x00\x02\x00\x00\x00\x00\x00\x00\x00'
South,"b""\xd1'\x00\x00\x00\x00\x00\x00""",b'\x03\x00\x00\x00\x00\x00\x00\x00\x03\x00\x00\x00\x00\x00\x00\x00\x02\x00\x00\x00\x00\x00\x00\x00'
South,b'\x0f)\x00\x00\x00\x00\x00\x00',b'\x03\x00\x00\x00\x00\x00\x00\x00\x03\x00\x00\x00\x00\x00\x00\x00\x02\x00\x00\x00\x00\x00\x00\x00'
East,"b""\xaa'\x00\x00\x00\x00\x00\x00""",b'\x03\x00\x00\x00\x00\x00\x00\x00\x03\x00\x00\x00\x00\x00\x00\x00\x02\x00\x00\x00\x00\x00\x00\x00'
South,b'\xf7\x07\x00\x00\x00\x00\x00\x00',b'\x03\x00\x00\x00\x00\x00\x00\x00\x03\x00\x00\x00\x00\x00\x00\x00\x02\x00\x00\x00\x00\x00\x00\x00'
East,b'\xf5\x14\x00\x00\x00\x00\x00\x00',b'\x03\x00\x00\x00\x00\x00\x00\x00\x03\x00\x00\x00\x00\x00\x00\x00\x02\x00\x00\x00\x00\x00\x00\x00'
Central,b'1\t\x00\x00\x00\x00\x00\x00',b'\x03\x00\x00\x00\x00\x00\x00\x00\x03\x00\x00\x00\x00\x00\x00\x00\x02\x00\x00\x00\x00\x00\x00\x00'
East,b'i \x00\x00\x00\x00\x00\x00',b'\x03\x00\x00\x00\x00\x00\x00\x00\x03\x00\x00\x00\x00\x00\x00\x00\x02\x00\x00\x00\x00\x00\x00\x00'
East,b'\xcc(\x00\x00\x00\x00\x00\x00',b'\x03\x00\x00\x00\x00\x00\x00\x00\x03\x00\x00\x00\x00\x00\x00\x00\x01\x00\x00\x00\x00\x00\x00\x00\x03\x00\x00\x00\x00\x00\x00\x00\x02\x00\x00\x00\x00\x00\x00\x00'
West,b'C\x1d\x00\x00\x00\x00\x00\x00',b'\x03\x00\x00\x00\x00\x00\x00\x00\x03\x00\x00\x00\x00\x00\x00\x00\x01\x00\x00\x00\x00\x00\x00\x00'
South,b'9&\x00\x00\x00\x00\x00\x00',b'\x03\x00\x00\x00\x00\x00\x00\x00\x03\x00\x00\x00\x00\x00\x00\x00\x01\x00\x00\x00\x00\x00\x00\x00'
Central,b'\xf0\x14\x00\x00\x00\x00\x00\x00',b'\x03\x00\x00\x00\x00\x00\x00\x00\x03\x00\x00\x00\x00\x00\x00\x00\x01\x00\x00\x00\x00\x00\x00\x00'
West,b'\x15(\x00\x00\x00\x00\x00\x00',b'\x03\x00\x00\x00\x00\x00\x00\x00\x03\x00\x00\x00\x00\x00\x00\x00\x01\x00\x00\x00\x00\x00\x00\x00'
East,b'\x99\x1c\x00\x00\x00\x00\x00\x00',b'\x03\x00\x00\x00\x00\x00\x00\x00\x03\x00\x00\x00\x00\x00\x00\x00\x01\x00\x00\x00\x00\x00\x00\x00'
West,b'\x1c!\x00\x00\x00\x00\x00\x00',b'\x03\x00\x00\x00\x00\x00\x00\x00\x03\x00\x00\x00\x00\x00\x00\x00\x01\x00\x00\x00\x00\x00\x00\x00'
South,b'\xbb\x15\x00\x00\x00\x00\x00\x00',b'\x03\x00\x00\x00\x00\x00\x00\x00\x03\x00\x00\x00\x00\x00\x00\x00\x01\x00\x00\x00\x00\x00\x00\x00'
East,b'\xc4\x11\x00\x00\x00\x00\x00\x00',b'\x03\x00\x00\x00\x00\x00\x00\x00\x03\x00\x00\x00\x00\x00\x00\x00\x01\x00\x00\x00\x00\x00\x00\x00'
West,b'\xf6\x0b\x00\x00\x00\x00\x00\x00',b'\x03\x00\x00\x00\x00\x00\x00\x00\x03\x00\x00\x00\x00\x00\x00\x00\x01\x00\x00\x00\x00\x00\x00\x00'
East,b'\x94)\x00\x00\x00\x00\x00\x00',b'\x03\x00\x00\x00\x00\x00\x00\x00\x03\x00\x00\x00\x00\x00\x00\x00'
Central,b'\x00(\x00\x00\x00\x00\x00\x00',b'\x03\x00\x00\x00\x00\x00\x00\x00\x03\x00\x00\x00\x00\x00\x00\x00'
West,b'\xf7(\x00\x00\x00\x00\x00\x00',b'\x03\x00\x00\x00\x00\x00\x00\x00\x03\x00\x00\x00\x00\x00\x00\x00'
South,b'\xb1#\x00\x00\x00\x00\x00\x00',b'\x03\x00\x00\x00\x00\x00\x00\x00\x03\x00\x00\x00\x00\x00\x00\x00'
Central,b'&\x1f\x00\x00\x00\x00\x00\x00',b'\x03\x00\x00\x00\x00\x00\x00\x00\x03\x00\x00\x00\x00\x00\x00\x00'
South,b'\x8c\x15\x00\x00\x00\x00\x00\x00',b'\x03\x00\x00\x00\x00\x00\x00\x00\x03\x00\x00\x00\x00\x00\x00\x00'
Central,b'\x07(\x00\x00\x00\x00\x00\x00',b'\x03\x00\x00\x00\x00\x00\x00\x00\x03\x00\x00\x00\x00\x00\x00\x00'
East,b'\xfd\x10\x00\x00\x00\x00\x00\x00',b'\x03\x00\x00\x00\x00\x00\x00\x00\x03\x00\x00\x00\x00\x00\x00\x00'
West,b'\xe8)\x00\x00\x00\x00\x00\x00',b'\x03\x00\x00\x00\x00\x00\x00\x00\x03\x00\x00\x00\x00\x00\x00\x00'
West,b'W(\x00\x00\x00\x00\x00\x00',b'\x03\x00\x00\x00\x00\x00\x00\x00\x03\x00\x00\x00\x00\x00\x00\x00'
South,b'\xf7\x06\x00\x00\x00\x00\x00\x00',b'\x03\x00\x00\x00\x00\x00\x00\x00\x03\x00\x00\x00\x00\x00\x00\x00'
Central,"b""%'\x00\x00\x00\x00\x00\x00""",b'\x03\x00\x00\x00\x00\x00\x00\x00\x03\x00\x00\x00\x00\x00\x00\x00'
West,b'R$\x00\x00\x00\x00\x00\x00',b'\x03\x00\x00\x00\x00\x00\x00\x00\x03\x00\x00\x00\x00\x00\x00\x00'
Central,b'\n%\x00\x00\x00\x00\x00\x00',b'\x03\x00\x00\x00\x00\x00\x00\x00\x03\x00\x00\x00\x00\x00\x00\x00'
East,"b""\xff'\x00\x00\x00\x00\x00\x00""",b'\x03\x00\x00\x00\x00\x00\x00\x00\x03\x00\x00\x00\x00\x00\x00\x00'
East,b'\xbf\x17\x00\x00\x00\x00\x00\x00',b'\x03\x00\x00\x00\x00\x00\x00\x00\x03\x00\x00\x00\x00\x00\x00\x00'
East,b'\xb5$\x00\x00\x00\x00\x00\x00',b'\x03\x00\x00\x00\x00\x00\x00\x00\x03\x00\x00\x00\x00\x00\x00\x00'
Central,b';$\x00\x00\x00\x00\x00\x00',b'\x03\x00\x00\x00\x00\x00\x00\x00\x03\x00\x00\x00\x00\x00\x00\x00'
West,"b',\x1c\x00\x00\x00\x00\x00\x00'",b'\x03\x00\x00\x00\x00\x00\x00\x00\x03\x00\x00\x00\x00\x00\x00\x00'
East,b'j&\x00\x00\x00\x00\x00\x00',b'\x03\x00\x00\x00\x00\x00\x00\x00\x03\x00\x00\x00\x00\x00\x00\x00'
West,"b""$'\x00\x00\x00\x00\x00\x00""",b'\x03\x00\x00\x00\x00\x00\x00\x00\x03\x00\x00\x00\x00\x00\x00\x00'
West,b'\xf5\x14\x00\x00\x00\x00\x00\x00',b'\x03\x00\x00\x00\x00\x00\x00\x00\x03\x00\x00\x00\x00\x00\x00\x00'
Central,b'\xe0 \x00\x00\x00\x00\x00\x00',b'\x03\x00\x00\x00\x00\x00\x00\x00\x03\x00\x00\x00\x00\x00\x00\x00'
South,b'W\x19\x00\x00\x00\x00\x00\x00',b'\x03\x00\x00\x00\x00\x00\x00\x00\x03\x00\x00\x00\x00\x00\x00\x00'
South,b'\xba\x12\x00\x00\x00\x00\x00\x00',b'\x03\x00\x00\x00\x00\x00\x00\x00\x03\x00\x00\x00\x00\x00\x00\x00'
Central,b'\xef\x0c\x00\x00\x00\x00\x00\x00',b'\x03\x00\x00\x00\x00\x00\x00\x00\x03\x00\x00\x00\x00\x00\x00\x00'
East,b'\x16\x13\x00\x00\x00\x00\x00\x00',b'\x03\x00\x00\x00\x00\x00\x00\x00\x03\x00\x00\x00\x00\x00\x00\x00'
West,b'\r\x0e\x00\x00\x00\x00\x00\x00',b'\x03\x00\x00\x00\x00\x00\x00\x00\x03\x00\x00\x00\x00\x00\x00\x00'
Central,b'\x9b\x05\x00\x00\x00\x00\x00\x00',b'\x03\x00\x00\x00\x00\x00\x00\x00\x03\x00\x00\x00\x00\x00\x00\x00'
South,b'\xf1$\x00\x00\x00\x00\x00\x00',b'\x03\x00\x00\x00\x00\x00\x00\x00\x03\x00\x00\x00\x00\x00\x00\x00'
East,b'&\x1f\x00\x00\x00\x00\x00\x00',b'\x03\x00\x00\x00\x00\x00\x00\x00\x03\x00\x00\x00\x00\x00\x00\x00'
East,"b""\xdc'\x00\x00\x00\x00\x00\x00""",b'\x03\x00\x00\x00\x00\x00\x00\x00\x03\x00\x00\x00\x00\x00\x00\x00'
East,b'\xdc\x16\x00\x00\x00\x00\x00\x00',b'\x03\x00\x00\x00\x00\x00\x00\x00\x03\x00\x00\x00\x00\x00\x00\x00'
West,b'\x8c\x15\x00\x00\x00\x00\x00\x00',b'\x03\x00\x00\x00\x00\x00\x00\x00\x03\x00\x00\x00\x00\x00\x00\x00'
West,b'\xc7%\x00\x00\x00\x00\x00\x00',b'\x03\x00\x00\x00\x00\x00\x00\x00\x03\x00\x00\x00\x00\x00\x00\x00'
East,b'.\x17\x00\x00\x00\x00\x00\x00',b'\x03\x00\x00\x00\x00\x00\x00\x00\x03\x00\x00\x00\x00\x00\x00\x00'
West,b'\xa4\x07\x00\x00\x00\x00\x00\x00',b'\x03\x00\x00\x00\x00\x00\x00\x00\x03\x00\x00\x00\x00\x00\x00\x00'
East,b'0\x1f\x00\x00\x00\x00\x00\x00',b'\x03\x00\x00\x00\x00\x00\x00\x00\x03\x00\x00\x00\x00\x00\x00\x00'
East,b'\xda\x07\x00\x00\x00\x00\x00\x00',b'\x03\x00\x00\x00\x00\x00\x00\x00\x03\x00\x00\x00\x00\x00\x00\x00'
South,b'\xd0(\x00\x00\x00\x00\x00\x00',b'\x03\x00\x00\x00\x00\x00\x00\x00\x03\x00\x00\x00\x00\x00\x00\x00'
Central,b'} \x00\x00\x00\x00\x00\x00',b'\x03\x00\x00\x00\x00\x00\x00\x00\x03\x00\x00\x00\x00\x00\x00\x00'
East,b'6\x14\x00\x00\x00\x00\x00\x00',b'\x03\x00\x00\x00\x00\x00\x00\x00\x03\x00\x00\x00\x00\x00\x00\x00'
West,b'\xce\x1b\x00\x00\x00\x00\x00\x00',b'\x03\x00\x00\x00\x00\x00\x00\x00\x03\x00\x00\x00\x00\x00\x00\x00'
South,b'J$\x00\x00\x00\x00\x00\x00',b'\x03\x00\x00\x00\x00\x00\x00\x00\x03\x00\x00\x00\x00\x00\x00\x00'
South,b'\x0f$\x00\x00\x00\x00\x00\x00',b'\x03\x00\x00\x00\x00\x00\x00\x00\x03\x00\x00\x00\x00\x00\x00\x00'
West,b'\xa0\x0c\x00\x00\x00\x00\x00\x00',b'\x03\x00\x00\x00\x00\x00\x00\x00\x03\x00\x00\x00\x00\x00\x00\x00'
East,b'? \x00\x00\x00\x00\x00\x00',b'\x03\x00\x00\x00\x00\x00\x00\x00\x03\x00\x00\x00\x00\x00\x00\x00'
West,b'\xba\x14\x00\x00\x00\x00\x00\x00',b'\x03\x00\x00\x00\x00\x00\x00\x00\x03\x00\x00\x00\x00\x00\x00\x00'
Central,b'\xa3\x04\x00\x00\x00\x00\x00\x00',b'\x03\x00\x00\x00\x00\x00\x00\x00\x03\x00\x00\x00\x00\x00\x00\x00'
West,b'\xd4\x03\x00\x00\x00\x00\x00\x00',b'\x03\x00\x00\x00\x00\x00\x00\x00\x03\x00\x00\x00\x00\x00\x00\x00'
Central,b'\xc3\x13\x00\x00\x00\x00\x00\x00',b'\x03\x00\x00\x00\x00\x00\x00\x00\x03\x00\x00\x00\x00\x00\x00\x00'
Central,b'\xf6\x0e\x00\x00\x00\x00\x00\x00',b'\x03\x00\x00\x00\x00\x00\x00\x00\x03\x00\x00\x00\x00\x00\x00\x00'
Central,b'\xf3\x14\x00\x00\x00\x00\x00\x00',b'\x03\x00\x00\x00\x00\x00\x00\x00\x03\x00\x00\x00\x00\x00\x00\x00'
South,b'\xe7(\x00\x00\x00\x00\x00\x00',b'\x03\x00\x00\x00\x00\x00\x00\x00\x03\x00\x00\x00\x00\x00\x00\x00'
East,b'\xf2\x03\x00\x00\x00\x00\x00\x00',b'\x03\x00\x00\x00\x00\x00\x00\x00\x03\x00\x00\x00\x00\x00\x00\x00'
West,b'\x07$\x00\x00\x00\x00\x00\x00',b'\x03\x00\x00\x00\x00\x00\x00\x00\x03\x00\x00\x00\x00\x00\x00\x00'
West,b'\xa8\x04\x00\x00\x00\x00\x00\x00',b'\x03\x00\x00\x00\x00\x00\x00\x00\x03\x00\x00\x00\x00\x00\x00\x00'
Central,b'\xff&\x00\x00\x00\x00\x00\x00',b'\x03\x00\x00\x00\x00\x00\x00\x00\x03\x00\x00\x00\x00\x00\x00\x00'
South,b'\xe3\x18\x00\x00\x00\x00\x00\x00',b'\x03\x00\x00\x00\x00\x00\x00\x00\x03\x00\x00\x00\x00\x00\x00\x00'
Central,b'\xb4\n\x00\x00\x00\x00\x00\x00',b'\x03\x00\x00\x00\x00\x00\x00\x00\x03\x00\x00\x00\x00\x00\x00\x00'
South,b'$\t\x00\x00\x00\x00\x00\x00',b'\x03\x00\x00\x00\x00\x00\x00\x00\x03\x00\x00\x00\x00\x00\x00\x00'
South,b'\xe1#\x00\x00\x00\x00\x00\x00',b'\x03\x00\x00\x00\x00\x00\x00\x00\x03\x00\x00\x00\x00\x00\x00\x00'
East,"b'\xf5""\x00\x00\x00\x00\x00\x00'",b'\x03\x00\x00\x00\x00\x00\x00\x00\x03\x00\x00\x00\x00\x00\x00\x00'
South,"b""'\x1f\x00\x00\x00\x00\x00\x00""",b'\x03\x00\x00\x00\x00\x00\x00\x00\x03\x00\x00\x00\x00\x00\x00\x00'
South,b'\xe0\x1e\x00\x00\x00\x00\x00\x00',b'\x03\x00\x00\x00\x00\x00\x00\x00\x03\x00\x00\x00\x00\x00\x00\x00'
Central,b'\xaf\x16\x00\x00\x00\x00\x00\x00',b'\x03\x00\x00\x00\x00\x00\x00\x00\x03\x00\x00\x00\x00\x00\x00\x00'
East,b'\x04\x1d\x00\x00\x00\x00\x00\x00',b'\x03\x00\x00\x00\x00\x00\x00\x00\x03\x00\x00\x00\x00\x00\x00\x00'
West,"b""\xa7'\x00\x00\x00\x00\x00\x00""",b'\x03\x00\x00\x00\x00\x00\x00\x00\x03\x00\x00\x00\x00\x00\x00\x00'
West,b'\xb6\n\x00\x00\x00\x00\x00\x00',b'\x03\x00\x00\x00\x00\x00\x00\x00\x03\x00\x00\x00\x00\x00\x00\x00'
South,b'\x15 \x00\x00\x00\x00\x00\x00',b'\x03\x00\x00\x00\x00\x00\x00\x00\x03\x00\x00\x00\x00\x00\x00\x00'
East,b'\x0b\x13\x00\x00\x00\x00\x00\x00',b'\x03\x00\x00\x00\x00\x00\x00\x00\x03\x00\x00\x00\x00\x00\x00\x00'
South,b'\xdf\x06\x00\x00\x00\x00\x00\x00',b'\x03\x00\x00\x00\x00\x00\x00\x00\x03\x00\x00\x00\x00\x00\x00\x00'
Central,"b'l""\x00\x00\x00\x00\x00\x00'",b'\x03\x00\x00\x00\x00\x00\x00\x00\x03\x00\x00\x00\x00\x00\x00\x00'
West,b'\x95\x0f\x00\x00\x00\x00\x00\x00',b'\x03\x00\x00\x00\x00\x00\x00\x00\x03\x00\x00\x00\x00\x00\x00\x00'
West,b'\xdc\x0f\x00\x00\x00\x00\x00\x00',b'\x03\x00\x00\x00\x00\x00\x00\x00\x03\x00\x00\x00\x00\x00\x00\x00'
South,b'\xc3\x1a\x00\x00\x00\x00\x00\x00',b'\x03\x00\x00\x00\x00\x00\x00\x00\x03\x00\x00\x00\x00\x00\x00\x00'
East,b'U(\x00\x00\x00\x00\x00\x00',b'\x03\x00\x00\x00\x00\x00\x00\x00\x03\x00\x00\x00\x00\x00\x00\x00'
South,b'^\x15\x00\x00\x00\x00\x00\x00',b'\x03\x00\x00\x00\x00\x00\x00\x00\x03\x00\x00\x00\x00\x00\x00\x00'
East,b'\xcc\x1e\x00\x00\x00\x00\x00\x00',b'\x03\x00\x00\x00\x00\x00\x00\x00\x03\x00\x00\x00\x00\x00\x00\x00'
West,b'^\x15\x00\x00\x00\x00\x00\x00',b'\x03\x00\x00\x00\x00\x00\x00\x00\x03\x00\x00\x00\x00\x00\x00\x00'
South,b'_\x00\x00\x00\x00\x00\x00\x00',b'\x03\x00\x00\x00\x00\x00\x00\x00\x03\x00\x00\x00\x00\x00\x00\x00'
West,b'c\n\x00\x00\x00\x00\x00\x00',b'\x03\x00\x00\x00\x00\x00\x00\x00\x03\x00\x00\x00\x00\x00\x00\x00'
West,b'\x8f\x01\x00\x00\x00\x00\x00\x00',b'\x03\x00\x00\x00\x00\x00\x00\x00\x03\x00\x00\x00\x00\x00\x00\x00'
Central,"b""d'\x00\x00\x00\x00\x00\x00""",b'\x03\x00\x00\x00\x00\x00\x00\x00\x03\x00\x00\x00\x00\x00\x00\x00'
East,b'\xfc\x0b\x00\x00\x00\x00\x00\x00',b'\x03\x00\x00\x00\x00\x00\x00\x00\x03\x00\x00\x00\x00\x00\x00\x00'
South,b'\xc6\x16\x00\x00\x00\x00\x00\x00',b'\x03\x00\x00\x00\x00\x00\x00\x00\x03\x00\x00\x00\x00\x00\x00\x00'
East,b'\xce\x1b\x00\x00\x00\x00\x00\x00',b'\x03\x00\x00\x00\x00\x00\x00\x00\x03\x00\x00\x00\x00\x00\x00\x00'
South,"b""X'\x00\x00\x00\x00\x00\x00""",b'\x03\x00\x00\x00\x00\x00\x00\x00\x03\x00\x00\x00\x00\x00\x00\x00'
East,b'\xcc%\x00\x00\x00\x00\x00\x00',b'\x03\x00\x00\x00\x00\x00\x00\x00\x03\x00\x00\x00\x00\x00\x00\x00'
East,b'N\x10\x00\x00\x00\x00\x00\x00',b'\x03\x00\x00\x00\x00\x00\x00\x00\x03\x00\x00\x00\x00\x00\x00\x00'
East,b'\xc9(\x00\x00\x00\x00\x00\x00',b'\x03\x00\x00\x00\x00\x00\x00\x00\x03\x00\x00\x00\x00\x00\x00\x00'
East,b'\xd8&\x00\x00\x00\x00\x00\x00',b'\x03\x00\x00\x00\x00\x00\x00\x00\x02\x00\x00\x00\x00\x00\x00\x00\x07\x00\x00\x00\x00\x00\x00\x00'
South,b'\xca\x00\x00\x00\x00\x00\x00\x00',b'\x03\x00\x00\x00\x00\x00\x00\x00\x02\x00\x00\x00\x00\x00\x00\x00\x06\x00\x00\x00\x00\x00\x00\x00\x05\x00\x00\x00\x00\x00\x00\x00\x01\x00\x00\x00\x00\x00\x00\x00'
West,b'\xad\x17\x00\x00\x00\x00\x00\x00',b'\x03\x00\x00\x00\x00\x00\x00\x00\x02\x00\x00\x00\x00\x00\x00\x00\x05\x00\x00\x00\x00\x00\x00\x00\x03\x00\x00\x00\x00\x00\x00\x00'
East,b'\xbc\x10\x00\x00\x00\x00\x00\x00',b'\x03\x00\x00\x00\x00\x00\x00\x00\x02\x00\x00\x00\x00\x00\x00\x00\x05\x00\x00\x00\x00\x00\x00\x00\x03\x00\x00\x00\x00\x00\x00\x00'
West,b'\xf4\x06\x00\x00\x00\x00\x00\x00',b'\x03\x00\x00\x00\x00\x00\x00\x00\x02\x00\x00\x00\x00\x00\x00\x00\x05\x00\x00\x00\x00\x00\x00\x00\x02\x00\x00\x00\x00\x00\x00\x00\x02\x00\x00\x00\x00\x00\x00\x00\x02\x00\x00\x00\x00\x00\x00\x00'
West,b'\xa9\x0c\x00\x00\x00\x00\x00\x00',b'\x03\x00\x00\x00\x00\x00\x00\x00\x02\x00\x00\x00\x00\x00\x00\x00\x05\x00\x00\x00\x00\x00\x00\x00'
West,b'R&\x00\x00\x00\x00\x00\x00',b'\x03\x00\x00\x00\x00\x00\x00\x00\x02\x00\x00\x00\x00\x00\x00\x00\x05\x00\x00\x00\x00\x00\x00\x00'
West,b'\xb1$\x00\x00\x00\x00\x00\x00',b'\x03\x00\x00\x00\x00\x00\x00\x00\x02\x00\x00\x00\x00\x00\x00\x00\x04\x00\x00\x00\x00\x00\x00\x00\x06\x00\x00\x00\x00\x00\x00\x00'
West,b'\x18\x0b\x00\x00\x00\x00\x00\x00',b'\x03\x00\x00\x00\x00\x00\x00\x00\x02\x00\x00\x00\x00\x00\x00\x00\x04\x00\x00\x00\x00\x00\x00\x00\x06\x00\x00\x00\x00\x00\x00\x00'
West,b'\xc0 \x00\x00\x00\x00\x00\x00',b'\x03\x00\x00\x00\x00\x00\x00\x00\x02\x00\x00\x00\x00\x00\x00\x00\x04\x00\x00\x00\x00\x00\x00\x00'
South,b'y\x12\x00\x00\x00\x00\x00\x00',b'\x03\x00\x00\x00\x00\x00\x00\x00\x02\x00\x00\x00\x00\x00\x00\x00\x04\x00\x00\x00\x00\x00\x00\x00'
Central,b'\xeb\x1d\x00\x00\x00\x00\x00\x00',b'\x03\x00\x00\x00\x00\x00\x00\x00\x02\x00\x00\x00\x00\x00\x00\x00\x04\x00\x00\x00\x00\x00\x00\x00'
West,b'r\x15\x00\x00\x00\x00\x00\x00',b'\x03\x00\x00\x00\x00\x00\x00\x00\x02\x00\x00\x00\x00\x00\x00\x00\x03\x00\x00\x00\x00\x00\x00\x00\x05\x00\x00\x00\x00\x00\x00\x00'
East,b'J$\x00\x00\x00\x00\x00\x00',b'\x03\x00\x00\x00\x00\x00\x00\x00\x02\x00\x00\x00\x00\x00\x00\x00\x03\x00\x00\x00\x00\x00\x00\x00\x03\x00\x00\x00\x00\x00\x00\x00\x01\x00\x00\x00\x00\x00\x00\x00'
West,b'\x02\x04\x00\x00\x00\x00\x00\x00',b'\x03\x00\x00\x00\x00\x00\x00\x00\x02\x00\x00\x00\x00\x00\x00\x00\x03\x00\x00\x00\x00\x00\x00\x00\x02\x00\x00\x00\x00\x00\x00\x00'
West,b'\xda\x19\x00\x00\x00\x00\x00\x00',b'\x03\x00\x00\x00\x00\x00\x00\x00\x02\x00\x00\x00\x00\x00\x00\x00\x03\x00\x00\x00\x00\x00\x00\x00\x02\x00\x00\x00\x00\x00\x00\x00'
West,"b'""\x1a\x00\x00\x00\x00\x00\x00'",b'\x03\x00\x00\x00\x00\x00\x00\x00\x02\x00\x00\x00\x00\x00\x00\x00\x03\x00\x00\x00\x00\x00\x00\x00\x02\x00\x00\x00\x00\x00\x00\x00'
East,b'k\x19\x00\x00\x00\x00\x00\x00',b'\x03\x00\x00\x00\x00\x00\x00\x00\x02\x00\x00\x00\x00\x00\x00\x00\x03\x00\x00\x00\x00\x00\x00\x00'
South,b'3%\x00\x00\x00\x00\x00\x00',b'\x03\x00\x00\x00\x00\x00\x00\x00\x02\x00\x00\x00\x00\x00\x00\x00\x03\x00\x00\x00\x00\x00\x00\x00'
West,b'\xcb\r\x00\x00\x00\x00\x00\x00',b'\x03\x00\x00\x00\x00\x00\x00\x00\x02\x00\x00\x00\x00\x00\x00\x00\x03\x00\x00\x00\x00\x00\x00\x00'
South,b'\x92$\x00\x00\x00\x00\x00\x00',b'\x03\x00\x00\x00\x00\x00\x00\x00\x02\x00\x00\x00\x00\x00\x00\x00\x03\x00\x00\x00\x00\x00\x00\x00'
Central,b'\xf9\x0c\x00\x00\x00\x00\x00\x00',b'\x03\x00\x00\x00\x00\x00\x00\x00\x02\x00\x00\x00\x00\x00\x00\x00\x03\x00\x00\x00\x00\x00\x00\x00'
South,"b""`'\x00\x00\x00\x00\x00\x00""",b'\x03\x00\x00\x00\x00\x00\x00\x00\x02\x00\x00\x00\x00\x00\x00\x00\x03\x00\x00\x00\x00\x00\x00\x00'
Central,b'\xe3$\x00\x00\x00\x00\x00\x00',b'\x03\x00\x00\x00\x00\x00\x00\x00\x02\x00\x00\x00\x00\x00\x00\x00\x03\x00\x00\x00\x00\x00\x00\x00'
West,b'\xd6!\x00\x00\x00\x00\x00\x00',b'\x03\x00\x00\x00\x00\x00\x00\x00\x02\x00\x00\x00\x00\x00\x00\x00\x02\x00\x00\x00\x00\x00\x00\x00\x02\x00\x00\x00\x00\x00\x00\x00\x02\x00\x00\x00\x00\x00\x00\x00'
East,b'Z\x01\x00\x00\x00\x00\x00\x00',b'\x03\x00\x00\x00\x00\x00\x00\x00\x02\x00\x00\x00\x00\x00\x00\x00\x02\x00\x00\x00\x00\x00\x00\x00\x02\x00\x00\x00\x00\x00\x00\x00\x01\x00\x00\x00\x00\x00\x00\x00'
East,b'\x1a\x08\x00\x00\x00\x00\x00\x00',b'\x03\x00\x00\x00\x00\x00\x00\x00\x02\x00\x00\x00\x00\x00\x00\x00\x02\x00\x00\x00\x00\x00\x00\x00\x02\x00\x00\x00\x00\x00\x00\x00\x01\x00\x00\x00\x00\x00\x00\x00'
Central,b'|\x05\x00\x00\x00\x00\x00\x00',b'\x03\x00\x00\x00\x00\x00\x00\x00\x02\x00\x00\x00\x00\x00\x00\x00\x02\x00\x00\x00\x00\x00\x00\x00\x02\x00\x00\x00\x00\x00\x00\x00'
East,b'\x01\x1f\x00\x00\x00\x00\x00\x00',b'\x03\x00\x00\x00\x00\x00\x00\x00\x02\x00\x00\x00\x00\x00\x00\x00\x02\x00\x00\x00\x00\x00\x00\x00\x02\x00\x00\x00\x00\x00\x00\x00'
Central,b'\xcf%\x00\x00\x00\x00\x00\x00',b'\x03\x00\x00\x00\x00\x00\x00\x00\x02\x00\x00\x00\x00\x00\x00\x00\x02\x00\x00\x00\x00\x00\x00\x00\x02\x00\x00\x00\x00\x00\x00\x00'
Central,b'\xf8)\x00\x00\x00\x00\x00\x00',b'\x03\x00\x00\x00\x00\x00\x00\x00\x02\x00\x00\x00\x00\x00\x00\x00\x02\x00\x00\x00\x00\x00\x00\x00\x02\x00\x00\x00\x00\x00\x00\x00'
Central,b'\xf8\x13\x00\x00\x00\x00\x00\x00',b'\x03\x00\x00\x00\x00\x00\x00\x00\x02\x00\x00\x00\x00\x00\x00\x00\x02\x00\x00\x00\x00\x00\x00\x00\x01\x00\x00\x00\x00\x00\x00\x00'
West,b'\x14(\x00\x00\x00\x00\x00\x00',b'\x03\x00\x00\x00\x00\x00\x00\x00\x02\x00\x00\x00\x00\x00\x00\x00\x02\x00\x00\x00\x00\x00\x00\x00\x01\x00\x00\x00\x00\x00\x00\x00'
West,b'\xf1\x1c\x00\x00\x00\x00\x00\x00',b'\x03\x00\x00\x00\x00\x00\x00\x00\x02\x00\x00\x00\x00\x00\x00\x00\x02\x00\x00\x00\x00\x00\x00\x00\x01\x00\x00\x00\x00\x00\x00\x00'
West,b']\x10\x00\x00\x00\x00\x00\x00',b'\x03\x00\x00\x00\x00\x00\x00\x00\x02\x00\x00\x00\x00\x00\x00\x00\x02\x00\x00\x00\x00\x00\x00\x00\x01\x00\x00\x00\x00\x00\x00\x00'
West,b'x&\x00\x00\x00\x00\x00\x00',b'\x03\x00\x00\x00\x00\x00\x00\x00\x02\x00\x00\x00\x00\x00\x00\x00\x02\x00\x00\x00\x00\x00\x00\x00'
East,b'\xc3\x18\x00\x00\x00\x00\x00\x00',b'\x03\x00\x00\x00\x00\x00\x00\x00\x02\x00\x00\x00\x00\x00\x00\x00\x02\x00\x00\x00\x00\x00\x00\x00'
West,b'\x96\x1c\x00\x00\x00\x00\x00\x00',b'\x03\x00\x00\x00\x00\x00\x00\x00\x02\x00\x00\x00\x00\x00\x00\x00\x02\x00\x00\x00\x00\x00\x00\x00'
Central,"b""\xff'\x00\x00\x00\x00\x00\x00""",b'\x03\x00\x00\x00\x00\x00\x00\x00\x02\x00\x00\x00\x00\x00\x00\x00\x02\x00\x00\x00\x00\x00\x00\x00'
East,b'R&\x00\x00\x00\x00\x00\x00',b'\x03\x00\x00\x00\x00\x00\x00\x00\x02\x00\x00\x00\x00\x00\x00\x00\x02\x00\x00\x00\x00\x00\x00\x00'
Central,b'\x03#\x00\x00\x00\x00\x00\x00',b'\x03\x00\x00\x00\x00\x00\x00\x00\x02\x00\x00\x00\x00\x00\x00\x00\x02\x00\x00\x00\x00\x00\x00\x00'
Central,b'\xdb\x1d\x00\x00\x00\x00\x00\x00',b'\x03\x00\x00\x00\x00\x00\x00\x00\x02\x00\x00\x00\x00\x00\x00\x00\x02\x00\x00\x00\x00\x00\x00\x00'
Central,b'\x98(\x00\x00\x00\x00\x00\x00',b'\x03\x00\x00\x00\x00\x00\x00\x00\x02\x00\x00\x00\x00\x00\x00\x00\x02\x00\x00\x00\x00\x00\x00\x00'
South,"b""\x1c'\x00\x00\x00\x00\x00\x00""",b'\x03\x00\x00\x00\x00\x00\x00\x00\x02\x00\x00\x00\x00\x00\x00\x00\x02\x00\x00\x00\x00\x00\x00\x00'
West,b'.#\x00\x00\x00\x00\x00\x00',b'\x03\x00\x00\x00\x00\x00\x00\x00\x02\x00\x00\x00\x00\x00\x00\x00\x02\x00\x00\x00\x00\x00\x00\x00'
Central,b'%\x16\x00\x00\x00\x00\x00\x00',b'\x03\x00\x00\x00\x00\x00\x00\x00\x02\x00\x00\x00\x00\x00\x00\x00\x02\x00\x00\x00\x00\x00\x00\x00'
East,b'$\t\x00\x00\x00\x00\x00\x00',b'\x03\x00\x00\x00\x00\x00\x00\x00\x02\x00\x00\x00\x00\x00\x00\x00\x02\x00\x00\x00\x00\x00\x00\x00'
West,b'\x93\x15\x00\x00\x00\x00\x00\x00',b'\x03\x00\x00\x00\x00\x00\x00\x00\x02\x00\x00\x00\x00\x00\x00\x00\x02\x00\x00\x00\x00\x00\x00\x00'
West,b'\xc3\x13\x00\x00\x00\x00\x00\x00',b'\x03\x00\x00\x00\x00\x00\x00\x00\x02\x00\x00\x00\x00\x00\x00\x00\x02\x00\x00\x00\x00\x00\x00\x00'
East,b'\xba\x1e\x00\x00\x00\x00\x00\x00',b'\x03\x00\x00\x00\x00\x00\x00\x00\x02\x00\x00\x00\x00\x00\x00\x00\x02\x00\x00\x00\x00\x00\x00\x00'
West,b'I\x15\x00\x00\x00\x00\x00\x00',b'\x03\x00\x00\x00\x00\x00\x00\x00\x02\x00\x00\x00\x00\x00\x00\x00\x02\x00\x00\x00\x00\x00\x00\x00'
East,b'\xd4(\x00\x00\x00\x00\x00\x00',b'\x03\x00\x00\x00\x00\x00\x00\x00\x02\x00\x00\x00\x00\x00\x00\x00\x02\x00\x00\x00\x00\x00\x00\x00'
Central,"b'\xc4""\x00\x00\x00\x00\x00\x00'",b'\x03\x00\x00\x00\x00\x00\x00\x00\x02\x00\x00\x00\x00\x00\x00\x00\x01\x00\x00\x00\x00\x00\x00\x00'
East,b'\x82$\x00\x00\x00\x00\x00\x00',b'\x03\x00\x00\x00\x00\x00\x00\x00\x02\x00\x00\x00\x00\x00\x00\x00\x01\x00\x00\x00\x00\x00\x00\x00'
East,b'\x93\x15\x00\x00\x00\x00\x00\x00',b'\x03\x00\x00\x00\x00\x00\x00\x00\x02\x00\x00\x00\x00\x00\x00\x00\x01\x00\x00\x00\x00\x00\x00\x00'
Central,b'\xda\x08\x00\x00\x00\x00\x00\x00',b'\x03\x00\x00\x00\x00\x00\x00\x00\x02\x00\x00\x00\x00\x00\x00\x00\x01\x00\x00\x00\x00\x00\x00\x00'
Central,b'~\x0c\x00\x00\x00\x00\x00\x00',b'\x03\x00\x00\x00\x00\x00\x00\x00\x02\x00\x00\x00\x00\x00\x00\x00\x01\x00\x00\x00\x00\x00\x00\x00'
Central,b'\xda%\x00\x00\x00\x00\x00\x00',b'\x03\x00\x00\x00\x00\x00\x00\x00\x02\x00\x00\x00\x00\x00\x00\x00\x01\x00\x00\x00\x00\x00\x00\x00'
East,b'I\x15\x00\x00\x00\x00\x00\x00',b'\x03\x00\x00\x00\x00\x00\x00\x00\x02\x00\x00\x00\x00\x00\x00\x00\x01\x00\x00\x00\x00\x00\x00\x00'
West,b'G\x04\x00\x00\x00\x00\x00\x00',b'\x03\x00\x00\x00\x00\x00\x00\x00\x02\x00\x00\x00\x00\x00\x00\x00\x01\x00\x00\x00\x00\x00\x00\x00'
West,"b""\x12'\x00\x00\x00\x00\x00\x00""",b'\x03\x00\x00\x00\x00\x00\x00\x00\x02\x00\x00\x00\x00\x00\x00\x00\x01\x00\x00\x00\x00\x00\x00\x00'
West,b'!\x1b\x00\x00\x00\x00\x00\x00',b'\x03\x00\x00\x00\x00\x00\x00\x00\x02\x00\x00\x00\x00\x00\x00\x00\x01\x00\x00\x00\x00\x00\x00\x00'
Central,"b""I'\x00\x00\x00\x00\x00\x00""",b'\x03\x00\x00\x00\x00\x00\x00\x00\x02\x00\x00\x00\x00\x00\x00\x00\x01\x00\x00\x00\x00\x00\x00\x00'
Central,"b'""\x10\x00\x00\x00\x00\x00\x00'",b'\x03\x00\x00\x00\x00\x00\x00\x00\x02\x00\x00\x00\x00\x00\x00\x00\x01\x00\x00\x00\x00\x00\x00\x00'
Central,b'.\x03\x00\x00\x00\x00\x00\x00',b'\x03\x00\x00\x00\x00\x00\x00\x00\x02\x00\x00\x00\x00\x00\x00\x00\x01\x00\x00\x00\x00\x00\x00\x00'
East,b'x&\x00\x00\x00\x00\x00\x00',b'\x03\x00\x00\x00\x00\x00\x00\x00\x02\x00\x00\x00\x00\x00\x00\x00\x01\x00\x00\x00\x00\x00\x00\x00'
East,b'c \x00\x00\x00\x00\x00\x00',b'\x03\x00\x00\x00\x00\x00\x00\x00\x02\x00\x00\x00\x00\x00\x00\x00\x01\x00\x00\x00\x00\x00\x00\x00'
West,b'\x07(\x00\x00\x00\x00\x00\x00',b'\x03\x00\x00\x00\x00\x00\x00\x00\x02\x00\x00\x00\x00\x00\x00\x00'
West,b'1\t\x00\x00\x00\x00\x00\x00',b'\x03\x00\x00\x00\x00\x00\x00\x00\x02\x00\x00\x00\x00\x00\x00\x00'
West,b'\xdd\x02\x00\x00\x00\x00\x00\x00',b'\x03\x00\x00\x00\x00\x00\x00\x00\x02\x00\x00\x00\x00\x00\x00\x00'
West,b'\x80\x05\x00\x00\x00\x00\x00\x00',b'\x03\x00\x00\x00\x00\x00\x00\x00\x02\x00\x00\x00\x00\x00\x00\x00'
South,b'\xc4\x01\x00\x00\x00\x00\x00\x00',b'\x03\x00\x00\x00\x00\x00\x00\x00\x02\x00\x00\x00\x00\x00\x00\x00'
South,b'\xce\x07\x00\x00\x00\x00\x00\x00',b'\x03\x00\x00\x00\x00\x00\x00\x00\x02\x00\x00\x00\x00\x00\x00\x00'
West,b'k\x02\x00\x00\x00\x00\x00\x00',b'\x03\x00\x00\x00\x00\x00\x00\x00\x02\x00\x00\x00\x00\x00\x00\x00'
West,b'k\x19\x00\x00\x00\x00\x00\x00',b'\x03\x00\x00\x00\x00\x00\x00\x00\x02\x00\x00\x00\x00\x00\x00\x00'
South,b'\x95\x16\x00\x00\x00\x00\x00\x00',b'\x03\x00\x00\x00\x00\x00\x00\x00\x02\x00\x00\x00\x00\x00\x00\x00'
West,b'\x83\x1c\x00\x00\x00\x00\x00\x00',b'\x03\x00\x00\x00\x00\x00\x00\x00\x02\x00\x00\x00\x00\x00\x00\x00'
West,b'N#\x00\x00\x00\x00\x00\x00',b'\x03\x00\x00\x00\x00\x00\x00\x00\x02\x00\x00\x00\x00\x00\x00\x00'
West,"b'\xd0""\x00\x00\x00\x00\x00\x00'",b'\x03\x00\x00\x00\x00\x00\x00\x00\x02\x00\x00\x00\x00\x00\x00\x00'
West,b'\xab%\x00\x00\x00\x00\x00\x00',b'\x03\x00\x00\x00\x00\x00\x00\x00\x02\x00\x00\x00\x00\x00\x00\x00'
South,b'\xae%\x00\x00\x00\x00\x00\x00',b'\x03\x00\x00\x00\x00\x00\x00\x00\x02\x00\x00\x00\x00\x00\x00\x00'
West,"b'P""\x00\x00\x00\x00\x00\x00'",b'\x03\x00\x00\x00\x00\x00\x00\x00\x02\x00\x00\x00\x00\x00\x00\x00'
West,b'!$\x00\x00\x00\x00\x00\x00',b'\x03\x00\x00\x00\x00\x00\x00\x00\x02\x00\x00\x00\x00\x00\x00\x00'
West,b'\xd6\x01\x00\x00\x00\x00\x00\x00',b'\x03\x00\x00\x00\x00\x00\x00\x00\x02\x00\x00\x00\x00\x00\x00\x00'
West,b'\x83$\x00\x00\x00\x00\x00\x00',b'\x03\x00\x00\x00\x00\x00\x00\x00\x02\x00\x00\x00\x00\x00\x00\x00'
West,b'\x19\x1f\x00\x00\x00\x00\x00\x00',b'\x03\x00\x00\x00\x00\x00\x00\x00\x02\x00\x00\x00\x00\x00\x00\x00'
West,b'\x1a\x11\x00\x00\x00\x00\x00\x00',b'\x03\x00\x00\x00\x00\x00\x00\x00\x02\x00\x00\x00\x00\x00\x00\x00'
South,b'\xf3\x18\x00\x00\x00\x00\x00\x00',b'\x03\x00\x00\x00\x00\x00\x00\x00\x02\x00\x00\x00\x00\x00\x00\x00'
West,b'\x8f#\x00\x00\x00\x00\x00\x00',b'\x03\x00\x00\x00\x00\x00\x00\x00\x02\x00\x00\x00\x00\x00\x00\x00'
West,b'\xc1%\x00\x00\x00\x00\x00\x00',b'\x03\x00\x00\x00\x00\x00\x00\x00\x02\x00\x00\x00\x00\x00\x00\x00'
West,b'l\x15\x00\x00\x00\x00\x00\x00',b'\x03\x00\x00\x00\x00\x00\x00\x00\x02\x00\x00\x00\x00\x00\x00\x00'
West,b'\xcb\x05\x00\x00\x00\x00\x00\x00',b'\x03\x00\x00\x00\x00\x00\x00\x00\x02\x00\x00\x00\x00\x00\x00\x00'
West,b'\xc0\r\x00\x00\x00\x00\x00\x00',b'\x03\x00\x00\x00\x00\x00\x00\x00\x02\x00\x00\x00\x00\x00\x00\x00'
West,b'\x8c\x0e\x00\x00\x00\x00\x00\x00',b'\x03\x00\x00\x00\x00\x00\x00\x00\x02\x00\x00\x00\x00\x00\x00\x00'
West,b'\xda$\x00\x00\x00\x00\x00\x00',b'\x03\x00\x00\x00\x00\x00\x00\x00\x02\x00\x00\x00\x00\x00\x00\x00'
West,b'\xa6 \x00\x00\x00\x00\x00\x00',b'\x03\x00\x00\x00\x00\x00\x00\x00\x02\x00\x00\x00\x00\x00\x00\x00'
West,b'\xbc\t\x00\x00\x00\x00\x00\x00',b'\x03\x00\x00\x00\x00\x00\x00\x00\x02\x00\x00\x00\x00\x00\x00\x00'
West,b'\xe6\x04\x00\x00\x00\x00\x00\x00',b'\x03\x00\x00\x00\x00\x00\x00\x00\x02\x00\x00\x00\x00\x00\x00\x00'
West,b'%!\x00\x00\x00\x00\x00\x00',b'\x03\x00\x00\x00\x00\x00\x00\x00\x02\x00\x00\x00\x00\x00\x00\x00'
West,b'\x9b\x16\x00\x00\x00\x00\x00\x00',b'\x03\x00\x00\x00\x00\x00\x00\x00\x02\x00\x00\x00\x00\x00\x00\x00'
West,b'\xf1\x00\x00\x00\x00\x00\x00\x00',b'\x03\x00\x00\x00\x00\x00\x00\x00\x02\x00\x00\x00\x00\x00\x00\x00'
West,b'\xda(\x00\x00\x00\x00\x00\x00',b'\x03\x00\x00\x00\x00\x00\x00\x00\x02\x00\x00\x00\x00\x00\x00\x00'
West,"b'\xca""\x00\x00\x00\x00\x00\x00'",b'\x03\x00\x00\x00\x00\x00\x00\x00\x02\x00\x00\x00\x00\x00\x00\x00'
South,b'\xde\x08\x00\x00\x00\x00\x00\x00',b'\x03\x00\x00\x00\x00\x00\x00\x00\x02\x00\x00\x00\x00\x00\x00\x00'
West,b'\xf6\x1f\x00\x00\x00\x00\x00\x00',b'\x03\x00\x00\x00\x00\x00\x00\x00\x02\x00\x00\x00\x00\x00\x00\x00'
West,b'0\x0b\x00\x00\x00\x00\x00\x00',b'\x03\x00\x00\x00\x00\x00\x00\x00\x02\x00\x00\x00\x00\x00\x00\x00'
West,b'@\x16\x00\x00\x00\x00\x00\x00',b'\x03\x00\x00\x00\x00\x00\x00\x00\x02\x00\x00\x00\x00\x00\x00\x00'
West,b'@\x0e\x00\x00\x00\x00\x00\x00',b'\x03\x00\x00\x00\x00\x00\x00\x00\x02\x00\x00\x00\x00\x00\x00\x00'
West,b'\xf0%\x00\x00\x00\x00\x00\x00',b'\x03\x00\x00\x00\x00\x00\x00\x00\x02\x00\x00\x00\x00\x00\x00\x00'
West,b'-)\x00\x00\x00\x00\x00\x00',b'\x03\x00\x00\x00\x00\x00\x00\x00\x02\x00\x00\x00\x00\x00\x00\x00'
West,b'\x0b\x1d\x00\x00\x00\x00\x00\x00',b'\x03\x00\x00\x00\x00\x00\x00\x00\x02\x00\x00\x00\x00\x00\x00\x00'
West,"b'$""\x00\x00\x00\x00\x00\x00'",b'\x03\x00\x00\x00\x00\x00\x00\x00\x02\x00\x00\x00\x00\x00\x00\x00'
West,b'm&\x00\x00\x00\x00\x00\x00',b'\x03\x00\x00\x00\x00\x00\x00\x00\x02\x00\x00\x00\x00\x00\x00\x00'
West,b'\xee!\x00\x00\x00\x00\x00\x00',b'\x03\x00\x00\x00\x00\x00\x00\x00\x02\x00\x00\x00\x00\x00\x00\x00'
West,b'\xc0)\x00\x00\x00\x00\x00\x00',b'\x03\x00\x00\x00\x00\x00\x00\x00\x02\x00\x00\x00\x00\x00\x00\x00'
South,b'\xbc\x1d\x00\x00\x00\x00\x00\x00',b'\x03\x00\x00\x00\x00\x00\x00\x00\x02\x00\x00\x00\x00\x00\x00\x00'
West,b'W\n\x00\x00\x00\x00\x00\x00',b'\x03\x00\x00\x00\x00\x00\x00\x00\x02\x00\x00\x00\x00\x00\x00\x00'
South,b'\xce\x1d\x00\x00\x00\x00\x00\x00',b'\x03\x00\x00\x00\x00\x00\x00\x00\x02\x00\x00\x00\x00\x00\x00\x00'
West,"b""\xe0'\x00\x00\x00\x00\x00\x00""",b'\x03\x00\x00\x00\x00\x00\x00\x00\x02\x00\x00\x00\x00\x00\x00\x00'
Central,b'\x00\x1c\x00\x00\x00\x00\x00\x00',b'\x03\x00\x00\x00\x00\x00\x00\x00\x02\x00\x00\x00\x00\x00\x00\x00'
Central,b'\xf1\x1c\x00\x00\x00\x00\x00\x00',b'\x03\x00\x00\x00\x00\x00\x00\x00\x02\x00\x00\x00\x00\x00\x00\x00'
Central,b'\xf1\x17\x00\x00\x00\x00\x00\x00',b'\x03\x00\x00\x00\x00\x00\x00\x00\x02\x00\x00\x00\x00\x00\x00\x00'
Central,b']\x18\x00\x00\x00\x00\x00\x00',b'\x03\x00\x00\x00\x00\x00\x00\x00\x02\x00\x00\x00\x00\x00\x00\x00'
South,b':\x1d\x00\x00\x00\x00\x00\x00',b'\x03\x00\x00\x00\x00\x00\x00\x00\x02\x00\x00\x00\x00\x00\x00\x00'
Central,"b'\xfe""\x00\x00\x00\x00\x00\x00'",b'\x03\x00\x00\x00\x00\x00\x00\x00\x02\x00\x00\x00\x00\x00\x00\x00'
East,b'\t\x00\x00\x00\x00\x00\x00\x00',b'\x03\x00\x00\x00\x00\x00\x00\x00\x02\x00\x00\x00\x00\x00\x00\x00'
East,b'\x0c\x10\x00\x00\x00\x00\x00\x00',b'\x03\x00\x00\x00\x00\x00\x00\x00\x02\x00\x00\x00\x00\x00\x00\x00'
East,b'\x11\x17\x00\x00\x00\x00\x00\x00',b'\x03\x00\x00\x00\x00\x00\x00\x00\x02\x00\x00\x00\x00\x00\x00\x00'
East,b'\x14)\x00\x00\x00\x00\x00\x00',b'\x03\x00\x00\x00\x00\x00\x00\x00\x02\x00\x00\x00\x00\x00\x00\x00'
Central,b'Q(\x00\x00\x00\x00\x00\x00',b'\x03\x00\x00\x00\x00\x00\x00\x00\x02\x00\x00\x00\x00\x00\x00\x00'
South,b'{%\x00\x00\x00\x00\x00\x00',b'\x03\x00\x00\x00\x00\x00\x00\x00\x02\x00\x00\x00\x00\x00\x00\x00'
East,b'%\x19\x00\x00\x00\x00\x00\x00',b'\x03\x00\x00\x00\x00\x00\x00\x00\x02\x00\x00\x00\x00\x00\x00\x00'
East,"b',\x1f\x00\x00\x00\x00\x00\x00'",b'\x03\x00\x00\x00\x00\x00\x00\x00\x02\x00\x00\x00\x00\x00\x00\x00'
Central,b'O\x01\x00\x00\x00\x00\x00\x00',b'\x03\x00\x00\x00\x00\x00\x00\x00\x02\x00\x00\x00\x00\x00\x00\x00'
East,b'5\x03\x00\x00\x00\x00\x00\x00',b'\x03\x00\x00\x00\x00\x00\x00\x00\x02\x00\x00\x00\x00\x00\x00\x00'
East,b'5\t\x00\x00\x00\x00\x00\x00',b'\x03\x00\x00\x00\x00\x00\x00\x00\x02\x00\x00\x00\x00\x00\x00\x00'
East,b'6\x10\x00\x00\x00\x00\x00\x00',b'\x03\x00\x00\x00\x00\x00\x00\x00\x02\x00\x00\x00\x00\x00\x00\x00'
Central,b'J)\x00\x00\x00\x00\x00\x00',b'\x03\x00\x00\x00\x00\x00\x00\x00\x02\x00\x00\x00\x00\x00\x00\x00'
Central,b'I!\x00\x00\x00\x00\x00\x00',b'\x03\x00\x00\x00\x00\x00\x00\x00\x02\x00\x00\x00\x00\x00\x00\x00'
Central,b'G\x08\x00\x00\x00\x00\x00\x00',b'\x03\x00\x00\x00\x00\x00\x00\x00\x02\x00\x00\x00\x00\x00\x00\x00'
East,b'=!\x00\x00\x00\x00\x00\x00',b'\x03\x00\x00\x00\x00\x00\x00\x00\x02\x00\x00\x00\x00\x00\x00\x00'
East,"b""C'\x00\x00\x00\x00\x00\x00""",b'\x03\x00\x00\x00\x00\x00\x00\x00\x02\x00\x00\x00\x00\x00\x00\x00'
East,b'I\x0f\x00\x00\x00\x00\x00\x00',b'\x03\x00\x00\x00\x00\x00\x00\x00\x02\x00\x00\x00\x00\x00\x00\x00'
Central,b'C&\x00\x00\x00\x00\x00\x00',b'\x03\x00\x00\x00\x00\x00\x00\x00\x02\x00\x00\x00\x00\x00\x00\x00'
South,b'\x17\x14\x00\x00\x00\x00\x00\x00',b'\x03\x00\x00\x00\x00\x00\x00\x00\x02\x00\x00\x00\x00\x00\x00\x00'
Central,b'? \x00\x00\x00\x00\x00\x00',b'\x03\x00\x00\x00\x00\x00\x00\x00\x02\x00\x00\x00\x00\x00\x00\x00'
East,b'V\x01\x00\x00\x00\x00\x00\x00',b'\x03\x00\x00\x00\x00\x00\x00\x00\x02\x00\x00\x00\x00\x00\x00\x00'
East,b'_)\x00\x00\x00\x00\x00\x00',b'\x03\x00\x00\x00\x00\x00\x00\x00\x02\x00\x00\x00\x00\x00\x00\x00'
East,b'g%\x00\x00\x00\x00\x00\x00',b'\x03\x00\x00\x00\x00\x00\x00\x00\x02\x00\x00\x00\x00\x00\x00\x00'
Central,b'\xf3\x04\x00\x00\x00\x00\x00\x00',b'\x03\x00\x00\x00\x00\x00\x00\x00\x02\x00\x00\x00\x00\x00\x00\x00'
Central,b'\xf1\n\x00\x00\x00\x00\x00\x00',b'\x03\x00\x00\x00\x00\x00\x00\x00\x02\x00\x00\x00\x00\x00\x00\x00'
East,b'i\x1c\x00\x00\x00\x00\x00\x00',b'\x03\x00\x00\x00\x00\x00\x00\x00\x02\x00\x00\x00\x00\x00\x00\x00'
Central,b'`\x03\x00\x00\x00\x00\x00\x00',b'\x03\x00\x00\x00\x00\x00\x00\x00\x02\x00\x00\x00\x00\x00\x00\x00'
Central,b'\x98\x0b\x00\x00\x00\x00\x00\x00',b'\x03\x00\x00\x00\x00\x00\x00\x00\x02\x00\x00\x00\x00\x00\x00\x00'
Central,b'\x9b\x1d\x00\x00\x00\x00\x00\x00',b'\x03\x00\x00\x00\x00\x00\x00\x00\x02\x00\x00\x00\x00\x00\x00\x00'
South,b']\x18\x00\x00\x00\x00\x00\x00',b'\x03\x00\x00\x00\x00\x00\x00\x00\x02\x00\x00\x00\x00\x00\x00\x00'
Central,b'\xae\t\x00\x00\x00\x00\x00\x00',b'\x03\x00\x00\x00\x00\x00\x00\x00\x02\x00\x00\x00\x00\x00\x00\x00'
South,b'l!\x00\x00\x00\x00\x00\x00',b'\x03\x00\x00\x00\x00\x00\x00\x00\x02\x00\x00\x00\x00\x00\x00\x00'
Central,b'\xae\x13\x00\x00\x00\x00\x00\x00',b'\x03\x00\x00\x00\x00\x00\x00\x00\x02\x00\x00\x00\x00\x00\x00\x00'
Central,b'\xae)\x00\x00\x00\x00\x00\x00',b'\x03\x00\x00\x00\x00\x00\x00\x00\x02\x00\x00\x00\x00\x00\x00\x00'
South,b'm\t\x00\x00\x00\x00\x00\x00',b'\x03\x00\x00\x00\x00\x00\x00\x00\x02\x00\x00\x00\x00\x00\x00\x00'
Central,b'\xb2\x06\x00\x00\x00\x00\x00\x00',b'\x03\x00\x00\x00\x00\x00\x00\x00\x02\x00\x00\x00\x00\x00\x00\x00'
South,b'X\x01\x00\x00\x00\x00\x00\x00',b'\x03\x00\x00\x00\x00\x00\x00\x00\x02\x00\x00\x00\x00\x00\x00\x00'
Central,b'\xb5\x19\x00\x00\x00\x00\x00\x00',b'\x03\x00\x00\x00\x00\x00\x00\x00\x02\x00\x00\x00\x00\x00\x00\x00'
Central,b'\x7f\x0b\x00\x00\x00\x00\x00\x00',b'\x03\x00\x00\x00\x00\x00\x00\x00\x02\x00\x00\x00\x00\x00\x00\x00'
Central,b'\xbf\x17\x00\x00\x00\x00\x00\x00',b'\x03\x00\x00\x00\x00\x00\x00\x00\x02\x00\x00\x00\x00\x00\x00\x00'
Central,b'{\x14\x00\x00\x00\x00\x00\x00',b'\x03\x00\x00\x00\x00\x00\x00\x00\x02\x00\x00\x00\x00\x00\x00\x00'
Central,b'z\r\x00\x00\x00\x00\x00\x00',b'\x03\x00\x00\x00\x00\x00\x00\x00\x02\x00\x00\x00\x00\x00\x00\x00'
South,b'Q)\x00\x00\x00\x00\x00\x00',b'\x03\x00\x00\x00\x00\x00\x00\x00\x02\x00\x00\x00\x00\x00\x00\x00'
Central,b'u%\x00\x00\x00\x00\x00\x00',b'\x03\x00\x00\x00\x00\x00\x00\x00\x02\x00\x00\x00\x00\x00\x00\x00'
South,b'Q(\x00\x00\x00\x00\x00\x00',b'\x03\x00\x00\x00\x00\x00\x00\x00\x02\x00\x00\x00\x00\x00\x00\x00'
South,b'Q\x19\x00\x00\x00\x00\x00\x00',b'\x03\x00\x00\x00\x00\x00\x00\x00\x02\x00\x00\x00\x00\x00\x00\x00'
Central,b'\xc9\x15\x00\x00\x00\x00\x00\x00',b'\x03\x00\x00\x00\x00\x00\x00\x00\x02\x00\x00\x00\x00\x00\x00\x00'
Central,b'\xca!\x00\x00\x00\x00\x00\x00',b'\x03\x00\x00\x00\x00\x00\x00\x00\x02\x00\x00\x00\x00\x00\x00\x00'
Central,b'\xd6\x1c\x00\x00\x00\x00\x00\x00',b'\x03\x00\x00\x00\x00\x00\x00\x00\x02\x00\x00\x00\x00\x00\x00\x00'
Central,b'o\x0c\x00\x00\x00\x00\x00\x00',b'\x03\x00\x00\x00\x00\x00\x00\x00\x02\x00\x00\x00\x00\x00\x00\x00'
South,b'I\x07\x00\x00\x00\x00\x00\x00',b'\x03\x00\x00\x00\x00\x00\x00\x00\x02\x00\x00\x00\x00\x00\x00\x00'
Central,b'g\x1f\x00\x00\x00\x00\x00\x00',b'\x03\x00\x00\x00\x00\x00\x00\x00\x02\x00\x00\x00\x00\x00\x00\x00'
South,b'v\x1e\x00\x00\x00\x00\x00\x00',b'\x03\x00\x00\x00\x00\x00\x00\x00\x02\x00\x00\x00\x00\x00\x00\x00'
Central,b'\xee\x17\x00\x00\x00\x00\x00\x00',b'\x03\x00\x00\x00\x00\x00\x00\x00\x02\x00\x00\x00\x00\x00\x00\x00'
Central,b'8\x08\x00\x00\x00\x00\x00\x00',b'\x03\x00\x00\x00\x00\x00\x00\x00\x02\x00\x00\x00\x00\x00\x00\x00'
East,b'7\r\x00\x00\x00\x00\x00\x00',b'\x03\x00\x00\x00\x00\x00\x00\x00\x02\x00\x00\x00\x00\x00\x00\x00'
Central,b'\x15(\x00\x00\x00\x00\x00\x00',b'\x03\x00\x00\x00\x00\x00\x00\x00\x02\x00\x00\x00\x00\x00\x00\x00'
East,b'\xf3\x14\x00\x00\x00\x00\x00\x00',b'\x03\x00\x00\x00\x00\x00\x00\x00\x02\x00\x00\x00\x00\x00\x00\x00'
East,b'\x9a\x15\x00\x00\x00\x00\x00\x00',b'\x03\x00\x00\x00\x00\x00\x00\x00\x02\x00\x00\x00\x00\x00\x00\x00'
East,b'\xf7\x0f\x00\x00\x00\x00\x00\x00',b'\x03\x00\x00\x00\x00\x00\x00\x00\x02\x00\x00\x00\x00\x00\x00\x00'
East,b'\xf5\x1b\x00\x00\x00\x00\x00\x00',b'\x03\x00\x00\x00\x00\x00\x00\x00\x02\x00\x00\x00\x00\x00\x00\x00'
Central,b'\x1d#\x00\x00\x00\x00\x00\x00',b'\x03\x00\x00\x00\x00\x00\x00\x00\x02\x00\x00\x00\x00\x00\x00\x00'
East,b'\xa1\x14\x00\x00\x00\x00\x00\x00',b'\x03\x00\x00\x00\x00\x00\x00\x00\x02\x00\x00\x00\x00\x00\x00\x00'
Central,b'\x19\x06\x00\x00\x00\x00\x00\x00',b'\x03\x00\x00\x00\x00\x00\x00\x00\x02\x00\x00\x00\x00\x00\x00\x00'
East,b'\xa1#\x00\x00\x00\x00\x00\x00',b'\x03\x00\x00\x00\x00\x00\x00\x00\x02\x00\x00\x00\x00\x00\x00\x00'
Central,b'\x18\x17\x00\x00\x00\x00\x00\x00',b'\x03\x00\x00\x00\x00\x00\x00\x00\x02\x00\x00\x00\x00\x00\x00\x00'
South,b'\x86&\x00\x00\x00\x00\x00\x00',b'\x03\x00\x00\x00\x00\x00\x00\x00\x02\x00\x00\x00\x00\x00\x00\x00'
East,b'l!\x00\x00\x00\x00\x00\x00',b'\x03\x00\x00\x00\x00\x00\x00\x00\x02\x00\x00\x00\x00\x00\x00\x00'
East,b'\xaa\x0b\x00\x00\x00\x00\x00\x00',b'\x03\x00\x00\x00\x00\x00\x00\x00\x02\x00\x00\x00\x00\x00\x00\x00'
East,b'\xf3)\x00\x00\x00\x00\x00\x00',b'\x03\x00\x00\x00\x00\x00\x00\x00\x02\x00\x00\x00\x00\x00\x00\x00'
East,b'\xb8\x00\x00\x00\x00\x00\x00\x00',b'\x03\x00\x00\x00\x00\x00\x00\x00\x02\x00\x00\x00\x00\x00\x00\x00'
East,b'\x98(\x00\x00\x00\x00\x00\x00',b'\x03\x00\x00\x00\x00\x00\x00\x00\x02\x00\x00\x00\x00\x00\x00\x00'
East,b'\xb9\x17\x00\x00\x00\x00\x00\x00',b'\x03\x00\x00\x00\x00\x00\x00\x00\x02\x00\x00\x00\x00\x00\x00\x00'
East,b'\xef\x0b\x00\x00\x00\x00\x00\x00',b'\x03\x00\x00\x00\x00\x00\x00\x00\x02\x00\x00\x00\x00\x00\x00\x00'
East,b'\xee\x05\x00\x00\x00\x00\x00\x00',b'\x03\x00\x00\x00\x00\x00\x00\x00\x02\x00\x00\x00\x00\x00\x00\x00'
Central,b'\x0c\x12\x00\x00\x00\x00\x00\x00',b'\x03\x00\x00\x00\x00\x00\x00\x00\x02\x00\x00\x00\x00\x00\x00\x00'
East,b'\xbd(\x00\x00\x00\x00\x00\x00',b'\x03\x00\x00\x00\x00\x00\x00\x00\x02\x00\x00\x00\x00\x00\x00\x00'
East,b'\xcb\x05\x00\x00\x00\x00\x00\x00',b'\x03\x00\x00\x00\x00\x00\x00\x00\x02\x00\x00\x00\x00\x00\x00\x00'
East,b'\xcd)\x00\x00\x00\x00\x00\x00',b'\x03\x00\x00\x00\x00\x00\x00\x00\x02\x00\x00\x00\x00\x00\x00\x00'
East,b'\xd1\x02\x00\x00\x00\x00\x00\x00',b'\x03\x00\x00\x00\x00\x00\x00\x00\x02\x00\x00\x00\x00\x00\x00\x00'
East,b'\xd2\x1e\x00\x00\x00\x00\x00\x00',b'\x03\x00\x00\x00\x00\x00\x00\x00\x02\x00\x00\x00\x00\x00\x00\x00'
East,b'\xe5\x1f\x00\x00\x00\x00\x00\x00',b'\x03\x00\x00\x00\x00\x00\x00\x00\x02\x00\x00\x00\x00\x00\x00\x00'
East,b'\xd7\x15\x00\x00\x00\x00\x00\x00',b'\x03\x00\x00\x00\x00\x00\x00\x00\x02\x00\x00\x00\x00\x00\x00\x00'
Central,b'\x02\x0f\x00\x00\x00\x00\x00\x00',b'\x03\x00\x00\x00\x00\x00\x00\x00\x02\x00\x00\x00\x00\x00\x00\x00'
East,b'\x99\x0c\x00\x00\x00\x00\x00\x00',b'\x03\x00\x00\x00\x00\x00\x00\x00\x02\x00\x00\x00\x00\x00\x00\x00'
Central,b'\x92%\x00\x00\x00\x00\x00\x00',b'\x03\x00\x00\x00\x00\x00\x00\x00\x02\x00\x00\x00\x00\x00\x00\x00'
South,b'\x02\x0f\x00\x00\x00\x00\x00\x00',b'\x03\x00\x00\x00\x00\x00\x00\x00\x02\x00\x00\x00\x00\x00\x00\x00'
East,b'v\x10\x00\x00\x00\x00\x00\x00',b'\x03\x00\x00\x00\x00\x00\x00\x00\x02\x00\x00\x00\x00\x00\x00\x00'
East,"b""\xfc'\x00\x00\x00\x00\x00\x00""",b'\x03\x00\x00\x00\x00\x00\x00\x00\x02\x00\x00\x00\x00\x00\x00\x00'
East,b'n(\x00\x00\x00\x00\x00\x00',b'\x03\x00\x00\x00\x00\x00\x00\x00\x02\x00\x00\x00\x00\x00\x00\x00'
East,b'\x94\x1f\x00\x00\x00\x00\x00\x00',b'\x03\x00\x00\x00\x00\x00\x00\x00\x02\x00\x00\x00\x00\x00\x00\x00'
East,b'u%\x00\x00\x00\x00\x00\x00',b'\x03\x00\x00\x00\x00\x00\x00\x00\x02\x00\x00\x00\x00\x00\x00\x00'
East,b's\x00\x00\x00\x00\x00\x00\x00',b'\x03\x00\x00\x00\x00\x00\x00\x00\x02\x00\x00\x00\x00\x00\x00\x00'
West,"b'r""\x00\x00\x00\x00\x00\x00'",b'\x03\x00\x00\x00\x00\x00\x00\x00\x01\x00\x00\x00\x00\x00\x00\x00\x07\x00\x00\x00\x00\x00\x00\x00'
West,b'K\x14\x00\x00\x00\x00\x00\x00',b'\x03\x00\x00\x00\x00\x00\x00\x00\x01\x00\x00\x00\x00\x00\x00\x00\x05\x00\x00\x00\x00\x00\x00\x00'
East,b'\x1c!\x00\x00\x00\x00\x00\x00',b'\x03\x00\x00\x00\x00\x00\x00\x00\x01\x00\x00\x00\x00\x00\x00\x00\x04\x00\x00\x00\x00\x00\x00\x00'
Central,b'\xb6(\x00\x00\x00\x00\x00\x00',b'\x03\x00\x00\x00\x00\x00\x00\x00\x01\x00\x00\x00\x00\x00\x00\x00\x03\x00\x00\x00\x00\x00\x00\x00'
West,b'\xf6\x08\x00\x00\x00\x00\x00\x00',b'\x03\x00\x00\x00\x00\x00\x00\x00\x01\x00\x00\x00\x00\x00\x00\x00\x02\x00\x00\x00\x00\x00\x00\x00\x01\x00\x00\x00\x00\x00\x00\x00'
West,"b""\x03'\x00\x00\x00\x00\x00\x00""",b'\x03\x00\x00\x00\x00\x00\x00\x00\x01\x00\x00\x00\x00\x00\x00\x00\x02\x00\x00\x00\x00\x00\x00\x00\x01\x00\x00\x00\x00\x00\x00\x00'
Central,b'\xba(\x00\x00\x00\x00\x00\x00',b'\x03\x00\x00\x00\x00\x00\x00\x00\x01\x00\x00\x00\x00\x00\x00\x00\x02\x00\x00\x00\x00\x00\x00\x00'
East,b'X)\x00\x00\x00\x00\x00\x00',b'\x03\x00\x00\x00\x00\x00\x00\x00\x01\x00\x00\x00\x00\x00\x00\x00\x02\x00\x00\x00\x00\x00\x00\x00'
South,b'\xce\x0b\x00\x00\x00\x00\x00\x00',b'\x03\x00\x00\x00\x00\x00\x00\x00\x01\x00\x00\x00\x00\x00\x00\x00\x02\x00\x00\x00\x00\x00\x00\x00'
Central,b'}&\x00\x00\x00\x00\x00\x00',b'\x03\x00\x00\x00\x00\x00\x00\x00\x01\x00\x00\x00\x00\x00\x00\x00\x02\x00\x00\x00\x00\x00\x00\x00'
West,"b""\x83'\x00\x00\x00\x00\x00\x00""",b'\x03\x00\x00\x00\x00\x00\x00\x00\x01\x00\x00\x00\x00\x00\x00\x00\x02\x00\x00\x00\x00\x00\x00\x00'
West,b'\xa4\n\x00\x00\x00\x00\x00\x00',b'\x03\x00\x00\x00\x00\x00\x00\x00\x01\x00\x00\x00\x00\x00\x00\x00\x02\x00\x00\x00\x00\x00\x00\x00'
West,b'\x98\n\x00\x00\x00\x00\x00\x00',b'\x03\x00\x00\x00\x00\x00\x00\x00\x01\x00\x00\x00\x00\x00\x00\x00\x02\x00\x00\x00\x00\x00\x00\x00'
East,b'P)\x00\x00\x00\x00\x00\x00',b'\x03\x00\x00\x00\x00\x00\x00\x00\x01\x00\x00\x00\x00\x00\x00\x00\x01\x00\x00\x00\x00\x00\x00\x00\x02\x00\x00\x00\x00\x00\x00\x00'
East,b'R\x1e\x00\x00\x00\x00\x00\x00',b'\x03\x00\x00\x00\x00\x00\x00\x00\x01\x00\x00\x00\x00\x00\x00\x00\x01\x00\x00\x00\x00\x00\x00\x00\x01\x00\x00\x00\x00\x00\x00\x00'
South,b'\x05&\x00\x00\x00\x00\x00\x00',b'\x03\x00\x00\x00\x00\x00\x00\x00\x01\x00\x00\x00\x00\x00\x00\x00\x01\x00\x00\x00\x00\x00\x00\x00'
South,"b""\xc3'\x00\x00\x00\x00\x00\x00""",b'\x03\x00\x00\x00\x00\x00\x00\x00\x01\x00\x00\x00\x00\x00\x00\x00'
West,b'M \x00\x00\x00\x00\x00\x00',b'\x03\x00\x00\x00\x00\x00\x00\x00\x01\x00\x00\x00\x00\x00\x00\x00'
South,b'`\x03\x00\x00\x00\x00\x00\x00',b'\x03\x00\x00\x00\x00\x00\x00\x00\x01\x00\x00\x00\x00\x00\x00\x00'
West,b'\xbd!\x00\x00\x00\x00\x00\x00',b'\x03\x00\x00\x00\x00\x00\x00\x00\x01\x00\x00\x00\x00\x00\x00\x00'
South,b'R\n\x00\x00\x00\x00\x00\x00',b'\x03\x00\x00\x00\x00\x00\x00\x00\x01\x00\x00\x00\x00\x00\x00\x00'
West,b'\xa9\x11\x00\x00\x00\x00\x00\x00',b'\x03\x00\x00\x00\x00\x00\x00\x00\x01\x00\x00\x00\x00\x00\x00\x00'
West,b'\xbd\x16\x00\x00\x00\x00\x00\x00',b'\x03\x00\x00\x00\x00\x00\x00\x00\x01\x00\x00\x00\x00\x00\x00\x00'
East,b'Q\x19\x00\x00\x00\x00\x00\x00',b'\x03\x00\x00\x00\x00\x00\x00\x00\x01\x00\x00\x00\x00\x00\x00\x00'
East,b'\xde\x14\x00\x00\x00\x00\x00\x00',b'\x03\x00\x00\x00\x00\x00\x00\x00\x01\x00\x00\x00\x00\x00\x00\x00'
East,b'\xda\x00\x00\x00\x00\x00\x00\x00',b'\x03\x00\x00\x00\x00\x00\x00\x00\x01\x00\x00\x00\x00\x00\x00\x00'
South,b'Z\x01\x00\x00\x00\x00\x00\x00',b'\x03\x00\x00\x00\x00\x00\x00\x00\x01\x00\x00\x00\x00\x00\x00\x00'
West,b'\x14$\x00\x00\x00\x00\x00\x00',b'\x03\x00\x00\x00\x00\x00\x00\x00\x01\x00\x00\x00\x00\x00\x00\x00'
South,b'\xc5\x1c\x00\x00\x00\x00\x00\x00',b'\x03\x00\x00\x00\x00\x00\x00\x00\x01\x00\x00\x00\x00\x00\x00\x00'
East,b'\xe5\x08\x00\x00\x00\x00\x00\x00',b'\x03\x00\x00\x00\x00\x00\x00\x00\x01\x00\x00\x00\x00\x00\x00\x00'
East,b'c\x07\x00\x00\x00\x00\x00\x00',b'\x03\x00\x00\x00\x00\x00\x00\x00\x01\x00\x00\x00\x00\x00\x00\x00'
East,b'\xd3\x0e\x00\x00\x00\x00\x00\x00',b'\x03\x00\x00\x00\x00\x00\x00\x00\x01\x00\x00\x00\x00\x00\x00\x00'
Central,b'\xba\x0f\x00\x00\x00\x00\x00\x00',b'\x03\x00\x00\x00\x00\x00\x00\x00\x01\x00\x00\x00\x00\x00\x00\x00'
Central,b'\xb9\x01\x00\x00\x00\x00\x00\x00',b'\x03\x00\x00\x00\x00\x00\x00\x00\x01\x00\x00\x00\x00\x00\x00\x00'
South,b'\x12\x1e\x00\x00\x00\x00\x00\x00',b'\x03\x00\x00\x00\x00\x00\x00\x00\x01\x00\x00\x00\x00\x00\x00\x00'
Central,b'\xb8 \x00\x00\x00\x00\x00\x00',b'\x03\x00\x00\x00\x00\x00\x00\x00\x01\x00\x00\x00\x00\x00\x00\x00'
East,b't\x1c\x00\x00\x00\x00\x00\x00',b'\x03\x00\x00\x00\x00\x00\x00\x00\x01\x00\x00\x00\x00\x00\x00\x00'
West,"b""\x0b'\x00\x00\x00\x00\x00\x00""",b'\x03\x00\x00\x00\x00\x00\x00\x00\x01\x00\x00\x00\x00\x00\x00\x00'
South,"b'""#\x00\x00\x00\x00\x00\x00'",b'\x03\x00\x00\x00\x00\x00\x00\x00\x01\x00\x00\x00\x00\x00\x00\x00'
West,b'\x08\x16\x00\x00\x00\x00\x00\x00',b'\x03\x00\x00\x00\x00\x00\x00\x00\x01\x00\x00\x00\x00\x00\x00\x00'
Central,"b""\xc7'\x00\x00\x00\x00\x00\x00""",b'\x03\x00\x00\x00\x00\x00\x00\x00\x01\x00\x00\x00\x00\x00\x00\x00'
South,b'\xe0\x0b\x00\x00\x00\x00\x00\x00',b'\x03\x00\x00\x00\x00\x00\x00\x00\x01\x00\x00\x00\x00\x00\x00\x00'
East,b'\x95\n\x00\x00\x00\x00\x00\x00',b'\x03\x00\x00\x00\x00\x00\x00\x00\x01\x00\x00\x00\x00\x00\x00\x00'
East,"b'""\x1f\x00\x00\x00\x00\x00\x00'",b'\x03\x00\x00\x00\x00\x00\x00\x00\x01\x00\x00\x00\x00\x00\x00\x00'
East,b'\xf8\r\x00\x00\x00\x00\x00\x00',b'\x03\x00\x00\x00\x00\x00\x00\x00\x01\x00\x00\x00\x00\x00\x00\x00'
West,b'y(\x00\x00\x00\x00\x00\x00',b'\x03\x00\x00\x00\x00\x00\x00\x00\x01\x00\x00\x00\x00\x00\x00\x00'
East,b'\x92)\x00\x00\x00\x00\x00\x00',b'\x03\x00\x00\x00\x00\x00\x00\x00\x01\x00\x00\x00\x00\x00\x00\x00'
East,b'\x92$\x00\x00\x00\x00\x00\x00',b'\x03\x00\x00\x00\x00\x00\x00\x00\x01\x00\x00\x00\x00\x00\x00\x00'
Central,b'\x92\x14\x00\x00\x00\x00\x00\x00',b'\x03\x00\x00\x00\x00\x00\x00\x00\x01\x00\x00\x00\x00\x00\x00\x00'
West,b'?\x1a\x00\x00\x00\x00\x00\x00',b'\x03\x00\x00\x00\x00\x00\x00\x00\x01\x00\x00\x00\x00\x00\x00\x00'
West,b'~(\x00\x00\x00\x00\x00\x00',b'\x03\x00\x00\x00\x00\x00\x00\x00\x01\x00\x00\x00\x00\x00\x00\x00'
East,b'<%\x00\x00\x00\x00\x00\x00',b'\x03\x00\x00\x00\x00\x00\x00\x00\x01\x00\x00\x00\x00\x00\x00\x00'
South,"b'\xd9""\x00\x00\x00\x00\x00\x00'",b'\x03\x00\x00\x00\x00\x00\x00\x00\x01\x00\x00\x00\x00\x00\x00\x00'
West,b'\x82\x17\x00\x00\x00\x00\x00\x00',b'\x03\x00\x00\x00\x00\x00\x00\x00\x01\x00\x00\x00\x00\x00\x00\x00'
Central,b'\xfb\x1e\x00\x00\x00\x00\x00\x00',b'\x03\x00\x00\x00\x00\x00\x00\x00\x01\x00\x00\x00\x00\x00\x00\x00'
West,b'\x02#\x00\x00\x00\x00\x00\x00',b'\x03\x00\x00\x00\x00\x00\x00\x00\x01\x00\x00\x00\x00\x00\x00\x00'
West,"b""H'\x00\x00\x00\x00\x00\x00""",b'\x03\x00\x00\x00\x00\x00\x00\x00\x01\x00\x00\x00\x00\x00\x00\x00'
East,b'\xa3\x0f\x00\x00\x00\x00\x00\x00',b'\x03\x00\x00\x00\x00\x00\x00\x00\x01\x00\x00\x00\x00\x00\x00\x00'
South,b'\x1a\x11\x00\x00\x00\x00\x00\x00',b'\x03\x00\x00\x00\x00\x00\x00\x00\x01\x00\x00\x00\x00\x00\x00\x00'
East,b'\xa9\x0c\x00\x00\x00\x00\x00\x00',b'\x03\x00\x00\x00\x00\x00\x00\x00\x01\x00\x00\x00\x00\x00\x00\x00'
Central,b'\xe6\x11\x00\x00\x00\x00\x00\x00',b'\x03\x00\x00\x00\x00\x00\x00\x00\x01\x00\x00\x00\x00\x00\x00\x00'
South,b'\x1a\x08\x00\x00\x00\x00\x00\x00',b'\x03\x00\x00\x00\x00\x00\x00\x00\x01\x00\x00\x00\x00\x00\x00\x00'
South,b'\xd2\x12\x00\x00\x00\x00\x00\x00',b'\x03\x00\x00\x00\x00\x00\x00\x00\x01\x00\x00\x00\x00\x00\x00\x00'
South,b'G\x11\x00\x00\x00\x00\x00\x00',b'\x03\x00\x00\x00\x00\x00\x00\x00\x01\x00\x00\x00\x00\x00\x00\x00'
Central,b'\xdd#\x00\x00\x00\x00\x00\x00',b'\x03\x00\x00\x00\x00\x00\x00\x00\x01\x00\x00\x00\x00\x00\x00\x00'
Central,b'\xdb\x0b\x00\x00\x00\x00\x00\x00',b'\x03\x00\x00\x00\x00\x00\x00\x00\x01\x00\x00\x00\x00\x00\x00\x00'
South,b'I!\x00\x00\x00\x00\x00\x00',b'\x03\x00\x00\x00\x00\x00\x00\x00\x01\x00\x00\x00\x00\x00\x00\x00'
West,b'.&\x00\x00\x00\x00\x00\x00',b'\x03\x00\x00\x00\x00\x00\x00\x00\x01\x00\x00\x00\x00\x00\x00\x00'
East,b'\xb5\x1e\x00\x00\x00\x00\x00\x00',b'\x03\x00\x00\x00\x00\x00\x00\x00\x01\x00\x00\x00\x00\x00\x00\x00'
West,b'a\x0b\x00\x00\x00\x00\x00\x00',b'\x03\x00\x00\x00\x00\x00\x00\x00\x01\x00\x00\x00\x00\x00\x00\x00'
East,b'l\x05\x00\x00\x00\x00\x00\x00',b'\x03\x00\x00\x00\x00\x00\x00\x00\x01\x00\x00\x00\x00\x00\x00\x00'
East,b'Z\x0b\x00\x00\x00\x00\x00\x00',b'\x03\x00\x00\x00\x00\x00\x00\x00\x01\x00\x00\x00\x00\x00\x00\x00'
South,b'\x97\x00\x00\x00\x00\x00\x00\x00',b'\x03\x00\x00\x00\x00\x00\x00\x00\x01\x00\x00\x00\x00\x00\x00\x00'
Central,b'I\x02\x00\x00\x00\x00\x00\x00',b'\x03\x00\x00\x00\x00\x00\x00\x00\x01\x00\x00\x00\x00\x00\x00\x00'
Central,b'[\x17\x00\x00\x00\x00\x00\x00',b'\x03\x00\x00\x00\x00\x00\x00\x00\x01\x00\x00\x00\x00\x00\x00\x00'
South,b'\xb2\x04\x00\x00\x00\x00\x00\x00',b'\x03\x00\x00\x00\x00\x00\x00\x00\x01\x00\x00\x00\x00\x00\x00\x00'
West,b'\xfa!\x00\x00\x00\x00\x00\x00',b'\x03\x00\x00\x00\x00\x00\x00\x00\x01\x00\x00\x00\x00\x00\x00\x00'
Central,b'_\x06\x00\x00\x00\x00\x00\x00',b'\x03\x00\x00\x00\x00\x00\x00\x00\x01\x00\x00\x00\x00\x00\x00\x00'
Central,b'\x87\x16\x00\x00\x00\x00\x00\x00',b'\x03\x00\x00\x00\x00\x00\x00\x00\x01\x00\x00\x00\x00\x00\x00\x00'
South,"b""\xb0'\x00\x00\x00\x00\x00\x00""",b'\x03\x00\x00\x00\x00\x00\x00\x00\x01\x00\x00\x00\x00\x00\x00\x00'
Central,"b'""\x0f\x00\x00\x00\x00\x00\x00'",b'\x03\x00\x00\x00\x00\x00\x00\x00\x01\x00\x00\x00\x00\x00\x00\x00'
South,b'h\r\x00\x00\x00\x00\x00\x00',b'\x03\x00\x00\x00\x00\x00\x00\x00\x01\x00\x00\x00\x00\x00\x00\x00'
Central,b'\x13\n\x00\x00\x00\x00\x00\x00',b'\x03\x00\x00\x00\x00\x00\x00\x00\x01\x00\x00\x00\x00\x00\x00\x00'
Central,b'\x8a\x1f\x00\x00\x00\x00\x00\x00',b'\x03\x00\x00\x00\x00\x00\x00\x00\x01\x00\x00\x00\x00\x00\x00\x00'
Central,b'%!\x00\x00\x00\x00\x00\x00',b'\x03\x00\x00\x00\x00\x00\x00\x00\x01\x00\x00\x00\x00\x00\x00\x00'
Central,b'f\x0c\x00\x00\x00\x00\x00\x00',b'\x03\x00\x00\x00\x00\x00\x00\x00\x01\x00\x00\x00\x00\x00\x00\x00'
South,b'\x81&\x00\x00\x00\x00\x00\x00',b'\x03\x00\x00\x00\x00\x00\x00\x00\x01\x00\x00\x00\x00\x00\x00\x00'
South,b'\xa6\x02\x00\x00\x00\x00\x00\x00',b'\x03\x00\x00\x00\x00\x00\x00\x00\x01\x00\x00\x00\x00\x00\x00\x00'
West,b'\xcc%\x00\x00\x00\x00\x00\x00',b'\x03\x00\x00\x00\x00\x00\x00\x00\x01\x00\x00\x00\x00\x00\x00\x00'
West,b'O\x01\x00\x00\x00\x00\x00\x00',b'\x03\x00\x00\x00\x00\x00\x00\x00'
West,b'L\x00\x00\x00\x00\x00\x00\x00',b'\x03\x00\x00\x00\x00\x00\x00\x00'
East,b'|#\x00\x00\x00\x00\x00\x00',b'\x03\x00\x00\x00\x00\x00\x00\x00'
East,b'z\x11\x00\x00\x00\x00\x00\x00',b'\x03\x00\x00\x00\x00\x00\x00\x00'
East,b'y\x11\x00\x00\x00\x00\x00\x00',b'\x03\x00\x00\x00\x00\x00\x00\x00'
East,b'q)\x00\x00\x00\x00\x00\x00',b'\x03\x00\x00\x00\x00\x00\x00\x00'
East,b'r\x1f\x00\x00\x00\x00\x00\x00',b'\x03\x00\x00\x00\x00\x00\x00\x00'
Central,b'-)\x00\x00\x00\x00\x00\x00',b'\x03\x00\x00\x00\x00\x00\x00\x00'
East,b'x#\x00\x00\x00\x00\x00\x00',b'\x03\x00\x00\x00\x00\x00\x00\x00'
West,b'O\x1d\x00\x00\x00\x00\x00\x00',b'\x03\x00\x00\x00\x00\x00\x00\x00'
Central,b'3(\x00\x00\x00\x00\x00\x00',b'\x03\x00\x00\x00\x00\x00\x00\x00'
East,b'w\x03\x00\x00\x00\x00\x00\x00',b'\x03\x00\x00\x00\x00\x00\x00\x00'
Central,b'1\x10\x00\x00\x00\x00\x00\x00',b'\x03\x00\x00\x00\x00\x00\x00\x00'
Central,b'2\n\x00\x00\x00\x00\x00\x00',b'\x03\x00\x00\x00\x00\x00\x00\x00'
Central,b'2\x19\x00\x00\x00\x00\x00\x00',b'\x03\x00\x00\x00\x00\x00\x00\x00'
East,b'}\x13\x00\x00\x00\x00\x00\x00',b'\x03\x00\x00\x00\x00\x00\x00\x00'
Central,b'2&\x00\x00\x00\x00\x00\x00',b'\x03\x00\x00\x00\x00\x00\x00\x00'
West,b'N\x1d\x00\x00\x00\x00\x00\x00',b'\x03\x00\x00\x00\x00\x00\x00\x00'
West,"b'N""\x00\x00\x00\x00\x00\x00'",b'\x03\x00\x00\x00\x00\x00\x00\x00'
Central,b'\x92\x03\x00\x00\x00\x00\x00\x00',b'\x03\x00\x00\x00\x00\x00\x00\x00'
West,b'I\x02\x00\x00\x00\x00\x00\x00',b'\x03\x00\x00\x00\x00\x00\x00\x00'
East,b'}!\x00\x00\x00\x00\x00\x00',b'\x03\x00\x00\x00\x00\x00\x00\x00'
East,b'}$\x00\x00\x00\x00\x00\x00',b'\x03\x00\x00\x00\x00\x00\x00\x00'
Central,b'*&\x00\x00\x00\x00\x00\x00',b'\x03\x00\x00\x00\x00\x00\x00\x00'
East,b'\x8f)\x00\x00\x00\x00\x00\x00',b'\x03\x00\x00\x00\x00\x00\x00\x00'
East,"b""\x8e'\x00\x00\x00\x00\x00\x00""",b'\x03\x00\x00\x00\x00\x00\x00\x00'
East,b'\x8d\x1f\x00\x00\x00\x00\x00\x00',b'\x03\x00\x00\x00\x00\x00\x00\x00'
East,b'\x8c(\x00\x00\x00\x00\x00\x00',b'\x03\x00\x00\x00\x00\x00\x00\x00'
West,b'@(\x00\x00\x00\x00\x00\x00',b'\x03\x00\x00\x00\x00\x00\x00\x00'
East,b'\x8a%\x00\x00\x00\x00\x00\x00',b'\x03\x00\x00\x00\x00\x00\x00\x00'
East,b'\x89\x1f\x00\x00\x00\x00\x00\x00',b'\x03\x00\x00\x00\x00\x00\x00\x00'
East,b'\x89\x1c\x00\x00\x00\x00\x00\x00',b'\x03\x00\x00\x00\x00\x00\x00\x00'
East,b'\x87\x12\x00\x00\x00\x00\x00\x00',b'\x03\x00\x00\x00\x00\x00\x00\x00'
West,b'C \x00\x00\x00\x00\x00\x00',b'\x03\x00\x00\x00\x00\x00\x00\x00'
Central,b'+\x0c\x00\x00\x00\x00\x00\x00',b'\x03\x00\x00\x00\x00\x00\x00\x00'
West,b'C)\x00\x00\x00\x00\x00\x00',b'\x03\x00\x00\x00\x00\x00\x00\x00'
East,b'\x86&\x00\x00\x00\x00\x00\x00',b'\x03\x00\x00\x00\x00\x00\x00\x00'
East,b'\x86\x07\x00\x00\x00\x00\x00\x00',b'\x03\x00\x00\x00\x00\x00\x00\x00'
East,b'\x85)\x00\x00\x00\x00\x00\x00',b'\x03\x00\x00\x00\x00\x00\x00\x00'
East,b'\x83\x07\x00\x00\x00\x00\x00\x00',b'\x03\x00\x00\x00\x00\x00\x00\x00'
East,b'\x82\x06\x00\x00\x00\x00\x00\x00',b'\x03\x00\x00\x00\x00\x00\x00\x00'
West,"b'H""\x00\x00\x00\x00\x00\x00'",b'\x03\x00\x00\x00\x00\x00\x00\x00'
West,b'H%\x00\x00\x00\x00\x00\x00',b'\x03\x00\x00\x00\x00\x00\x00\x00'
Central,b'+\x17\x00\x00\x00\x00\x00\x00',b'\x03\x00\x00\x00\x00\x00\x00\x00'
East,b'\x80\x10\x00\x00\x00\x00\x00\x00',b'\x03\x00\x00\x00\x00\x00\x00\x00'
Central,b'-!\x00\x00\x00\x00\x00\x00',b'\x03\x00\x00\x00\x00\x00\x00\x00'
East,b'q\x0c\x00\x00\x00\x00\x00\x00',b'\x03\x00\x00\x00\x00\x00\x00\x00'
East,b'\x7f\x06\x00\x00\x00\x00\x00\x00',b'\x03\x00\x00\x00\x00\x00\x00\x00'
West,b'P\x14\x00\x00\x00\x00\x00\x00',b'\x03\x00\x00\x00\x00\x00\x00\x00'
West,b'R\x1e\x00\x00\x00\x00\x00\x00',b'\x03\x00\x00\x00\x00\x00\x00\x00'
East,b'p\x1c\x00\x00\x00\x00\x00\x00',b'\x03\x00\x00\x00\x00\x00\x00\x00'
East,b'V\x16\x00\x00\x00\x00\x00\x00',b'\x03\x00\x00\x00\x00\x00\x00\x00'
West,b'\\\x06\x00\x00\x00\x00\x00\x00',b'\x03\x00\x00\x00\x00\x00\x00\x00'
Central,b':\x1a\x00\x00\x00\x00\x00\x00',b'\x03\x00\x00\x00\x00\x00\x00\x00'
Central,b':\x1d\x00\x00\x00\x00\x00\x00',b'\x03\x00\x00\x00\x00\x00\x00\x00'
West,b'\xe4!\x00\x00\x00\x00\x00\x00',b'\x03\x00\x00\x00\x00\x00\x00\x00'
West,b']%\x00\x00\x00\x00\x00\x00',b'\x03\x00\x00\x00\x00\x00\x00\x00'
Central,"b'A""\x00\x00\x00\x00\x00\x00'",b'\x03\x00\x00\x00\x00\x00\x00\x00'
East,b'O\x1c\x00\x00\x00\x00\x00\x00',b'\x03\x00\x00\x00\x00\x00\x00\x00'
East,b'O\x18\x00\x00\x00\x00\x00\x00',b'\x03\x00\x00\x00\x00\x00\x00\x00'
East,"b'N""\x00\x00\x00\x00\x00\x00'",b'\x03\x00\x00\x00\x00\x00\x00\x00'
East,b'N\x0e\x00\x00\x00\x00\x00\x00',b'\x03\x00\x00\x00\x00\x00\x00\x00'
East,b'L\x08\x00\x00\x00\x00\x00\x00',b'\x03\x00\x00\x00\x00\x00\x00\x00'
East,b'J(\x00\x00\x00\x00\x00\x00',b'\x03\x00\x00\x00\x00\x00\x00\x00'
West,b'`\t\x00\x00\x00\x00\x00\x00',b'\x03\x00\x00\x00\x00\x00\x00\x00'
West,b'\xe3$\x00\x00\x00\x00\x00\x00',b'\x03\x00\x00\x00\x00\x00\x00\x00'
East,"b""I'\x00\x00\x00\x00\x00\x00""",b'\x03\x00\x00\x00\x00\x00\x00\x00'
Central,b'C)\x00\x00\x00\x00\x00\x00',b'\x03\x00\x00\x00\x00\x00\x00\x00'
East,b'H(\x00\x00\x00\x00\x00\x00',b'\x03\x00\x00\x00\x00\x00\x00\x00'
East,b'H\x16\x00\x00\x00\x00\x00\x00',b'\x03\x00\x00\x00\x00\x00\x00\x00'
East,b'G)\x00\x00\x00\x00\x00\x00',b'\x03\x00\x00\x00\x00\x00\x00\x00'
West,b'\xe1#\x00\x00\x00\x00\x00\x00',b'\x03\x00\x00\x00\x00\x00\x00\x00'
West,b'c\x0b\x00\x00\x00\x00\x00\x00',b'\x03\x00\x00\x00\x00\x00\x00\x00'
Central,b'E\t\x00\x00\x00\x00\x00\x00',b'\x03\x00\x00\x00\x00\x00\x00\x00'
East,b'G(\x00\x00\x00\x00\x00\x00',b'\x03\x00\x00\x00\x00\x00\x00\x00'
East,b'G\x1a\x00\x00\x00\x00\x00\x00',b'\x03\x00\x00\x00\x00\x00\x00\x00'
East,b'D&\x00\x00\x00\x00\x00\x00',b'\x03\x00\x00\x00\x00\x00\x00\x00'
Central,b'9%\x00\x00\x00\x00\x00\x00',b'\x03\x00\x00\x00\x00\x00\x00\x00'
East,b'V\x1f\x00\x00\x00\x00\x00\x00',b'\x03\x00\x00\x00\x00\x00\x00\x00'
West,b'Q\x1e\x00\x00\x00\x00\x00\x00',b'\x03\x00\x00\x00\x00\x00\x00\x00'
West,b'Z$\x00\x00\x00\x00\x00\x00',b'\x03\x00\x00\x00\x00\x00\x00\x00'
Central,b'4 \x00\x00\x00\x00\x00\x00',b'\x03\x00\x00\x00\x00\x00\x00\x00'
Central,b'(\x17\x00\x00\x00\x00\x00\x00',b'\x03\x00\x00\x00\x00\x00\x00\x00'
Central,b'6\x1c\x00\x00\x00\x00\x00\x00',b'\x03\x00\x00\x00\x00\x00\x00\x00'
East,b'k\x12\x00\x00\x00\x00\x00\x00',b'\x03\x00\x00\x00\x00\x00\x00\x00'
East,b'i$\x00\x00\x00\x00\x00\x00',b'\x03\x00\x00\x00\x00\x00\x00\x00'
Central,b'6(\x00\x00\x00\x00\x00\x00',b'\x03\x00\x00\x00\x00\x00\x00\x00'
Central,b'8\x10\x00\x00\x00\x00\x00\x00',b'\x03\x00\x00\x00\x00\x00\x00\x00'
East,b'd&\x00\x00\x00\x00\x00\x00',b'\x03\x00\x00\x00\x00\x00\x00\x00'
East,b'd \x00\x00\x00\x00\x00\x00',b'\x03\x00\x00\x00\x00\x00\x00\x00'
West,b'\xe8\x0e\x00\x00\x00\x00\x00\x00',b'\x03\x00\x00\x00\x00\x00\x00\x00'
West,b'\xe8\r\x00\x00\x00\x00\x00\x00',b'\x03\x00\x00\x00\x00\x00\x00\x00'
Central,b'8%\x00\x00\x00\x00\x00\x00',b'\x03\x00\x00\x00\x00\x00\x00\x00'
West,b'V\x0e\x00\x00\x00\x00\x00\x00',b'\x03\x00\x00\x00\x00\x00\x00\x00'
East,b'_\x00\x00\x00\x00\x00\x00\x00',b'\x03\x00\x00\x00\x00\x00\x00\x00'
East,b'^%\x00\x00\x00\x00\x00\x00',b'\x03\x00\x00\x00\x00\x00\x00\x00'
East,b'^#\x00\x00\x00\x00\x00\x00',b'\x03\x00\x00\x00\x00\x00\x00\x00'
West,b'W\x1c\x00\x00\x00\x00\x00\x00',b'\x03\x00\x00\x00\x00\x00\x00\x00'
East,b']\x19\x00\x00\x00\x00\x00\x00',b'\x03\x00\x00\x00\x00\x00\x00\x00'
East,b'\\\x1d\x00\x00\x00\x00\x00\x00',b'\x03\x00\x00\x00\x00\x00\x00\x00'
East,b'[\x13\x00\x00\x00\x00\x00\x00',b'\x03\x00\x00\x00\x00\x00\x00\x00'
East,b'Z\x12\x00\x00\x00\x00\x00\x00',b'\x03\x00\x00\x00\x00\x00\x00\x00'
East,b'Z\r\x00\x00\x00\x00\x00\x00',b'\x03\x00\x00\x00\x00\x00\x00\x00'
East,b'Z\x02\x00\x00\x00\x00\x00\x00',b'\x03\x00\x00\x00\x00\x00\x00\x00'
West,b'Y%\x00\x00\x00\x00\x00\x00',b'\x03\x00\x00\x00\x00\x00\x00\x00'
Central,b'9\x0e\x00\x00\x00\x00\x00\x00',b'\x03\x00\x00\x00\x00\x00\x00\x00'
West,b'>\x13\x00\x00\x00\x00\x00\x00',b'\x03\x00\x00\x00\x00\x00\x00\x00'
East,b'\x94$\x00\x00\x00\x00\x00\x00',b'\x03\x00\x00\x00\x00\x00\x00\x00'
West,b'\xef\x04\x00\x00\x00\x00\x00\x00',b'\x03\x00\x00\x00\x00\x00\x00\x00'
East,"b'\xbe""\x00\x00\x00\x00\x00\x00'",b'\x03\x00\x00\x00\x00\x00\x00\x00'
West,b'\xfc\x00\x00\x00\x00\x00\x00\x00',b'\x03\x00\x00\x00\x00\x00\x00\x00'
East,b'\xcc\x04\x00\x00\x00\x00\x00\x00',b'\x03\x00\x00\x00\x00\x00\x00\x00'
Central,b'\x0c\x00\x00\x00\x00\x00\x00\x00',b'\x03\x00\x00\x00\x00\x00\x00\x00'
West,b'\x1f\x08\x00\x00\x00\x00\x00\x00',b'\x03\x00\x00\x00\x00\x00\x00\x00'
East,b'\xca!\x00\x00\x00\x00\x00\x00',b'\x03\x00\x00\x00\x00\x00\x00\x00'
East,b'\xc8#\x00\x00\x00\x00\x00\x00',b'\x03\x00\x00\x00\x00\x00\x00\x00'
East,b'\xc5&\x00\x00\x00\x00\x00\x00',b'\x03\x00\x00\x00\x00\x00\x00\x00'
West,"b'""\r\x00\x00\x00\x00\x00\x00'",b'\x03\x00\x00\x00\x00\x00\x00\x00'
East,"b'\xc4""\x00\x00\x00\x00\x00\x00'",b'\x03\x00\x00\x00\x00\x00\x00\x00'
East,b'\xc0 \x00\x00\x00\x00\x00\x00',b'\x03\x00\x00\x00\x00\x00\x00\x00'
East,"b""\xbf'\x00\x00\x00\x00\x00\x00""",b'\x03\x00\x00\x00\x00\x00\x00\x00'
East,b'\xbd!\x00\x00\x00\x00\x00\x00',b'\x03\x00\x00\x00\x00\x00\x00\x00'
East,b'\xcf\x17\x00\x00\x00\x00\x00\x00',b'\x03\x00\x00\x00\x00\x00\x00\x00'
West,b'&(\x00\x00\x00\x00\x00\x00',b'\x03\x00\x00\x00\x00\x00\x00\x00'
East,b'\xbd\x1f\x00\x00\x00\x00\x00\x00',b'\x03\x00\x00\x00\x00\x00\x00\x00'
East,b'\xbd\x05\x00\x00\x00\x00\x00\x00',b'\x03\x00\x00\x00\x00\x00\x00\x00'
Central,b'\r\x14\x00\x00\x00\x00\x00\x00',b'\x03\x00\x00\x00\x00\x00\x00\x00'
West,"b""'(\x00\x00\x00\x00\x00\x00""",b'\x03\x00\x00\x00\x00\x00\x00\x00'
Central,b'\x0e&\x00\x00\x00\x00\x00\x00',b'\x03\x00\x00\x00\x00\x00\x00\x00'
East,b'\xbc$\x00\x00\x00\x00\x00\x00',b'\x03\x00\x00\x00\x00\x00\x00\x00'
Central,b'\x0e(\x00\x00\x00\x00\x00\x00',b'\x03\x00\x00\x00\x00\x00\x00\x00'
East,b'\xbb\x11\x00\x00\x00\x00\x00\x00',b'\x03\x00\x00\x00\x00\x00\x00\x00'
West,b'()\x00\x00\x00\x00\x00\x00',b'\x03\x00\x00\x00\x00\x00\x00\x00'
Central,b'\x0f\x10\x00\x00\x00\x00\x00\x00',b'\x03\x00\x00\x00\x00\x00\x00\x00'
West,b'\x1d%\x00\x00\x00\x00\x00\x00',b'\x03\x00\x00\x00\x00\x00\x00\x00'
East,b'\xcf!\x00\x00\x00\x00\x00\x00',b'\x03\x00\x00\x00\x00\x00\x00\x00'
Central,b'\x11\x16\x00\x00\x00\x00\x00\x00',b'\x03\x00\x00\x00\x00\x00\x00\x00'
Central,"b""\x04'\x00\x00\x00\x00\x00\x00""",b'\x03\x00\x00\x00\x00\x00\x00\x00'
West,b'\x11\x1d\x00\x00\x00\x00\x00\x00',b'\x03\x00\x00\x00\x00\x00\x00\x00'
West,b'\x12\x03\x00\x00\x00\x00\x00\x00',b'\x03\x00\x00\x00\x00\x00\x00\x00'
Central,b'\x01%\x00\x00\x00\x00\x00\x00',b'\x03\x00\x00\x00\x00\x00\x00\x00'
East,b'\xdc\x1d\x00\x00\x00\x00\x00\x00',b'\x03\x00\x00\x00\x00\x00\x00\x00'
East,b'\xda%\x00\x00\x00\x00\x00\x00',b'\x03\x00\x00\x00\x00\x00\x00\x00'
West,b'\xff\x1e\x00\x00\x00\x00\x00\x00',b'\x03\x00\x00\x00\x00\x00\x00\x00'
East,b'\xd8\x1c\x00\x00\x00\x00\x00\x00',b'\x03\x00\x00\x00\x00\x00\x00\x00'
West,b'\xfe%\x00\x00\x00\x00\x00\x00',b'\x03\x00\x00\x00\x00\x00\x00\x00'
East,b'\xd8\x0f\x00\x00\x00\x00\x00\x00',b'\x03\x00\x00\x00\x00\x00\x00\x00'
West,b'\x14)\x00\x00\x00\x00\x00\x00',b'\x03\x00\x00\x00\x00\x00\x00\x00'
West,b'\x15\x0b\x00\x00\x00\x00\x00\x00',b'\x03\x00\x00\x00\x00\x00\x00\x00'
Central,b'\x07 \x00\x00\x00\x00\x00\x00',b'\x03\x00\x00\x00\x00\x00\x00\x00'
Central,b'\n)\x00\x00\x00\x00\x00\x00',b'\x03\x00\x00\x00\x00\x00\x00\x00'
East,b'\xd5\x04\x00\x00\x00\x00\x00\x00',b'\x03\x00\x00\x00\x00\x00\x00\x00'
East,b'\xd4)\x00\x00\x00\x00\x00\x00',b'\x03\x00\x00\x00\x00\x00\x00\x00'
Central,b'\x07#\x00\x00\x00\x00\x00\x00',b'\x03\x00\x00\x00\x00\x00\x00\x00'
West,b'\x17\x14\x00\x00\x00\x00\x00\x00',b'\x03\x00\x00\x00\x00\x00\x00\x00'
West,b'\x18\x00\x00\x00\x00\x00\x00\x00',b'\x03\x00\x00\x00\x00\x00\x00\x00'
East,b'\xd3!\x00\x00\x00\x00\x00\x00',b'\x03\x00\x00\x00\x00\x00\x00\x00'
West,"b""\xfc'\x00\x00\x00\x00\x00\x00""",b'\x03\x00\x00\x00\x00\x00\x00\x00'
West,b'\x19\x19\x00\x00\x00\x00\x00\x00',b'\x03\x00\x00\x00\x00\x00\x00\x00'
Central,b'\t!\x00\x00\x00\x00\x00\x00',b'\x03\x00\x00\x00\x00\x00\x00\x00'
Central,b'\n\x00\x00\x00\x00\x00\x00\x00',b'\x03\x00\x00\x00\x00\x00\x00\x00'
East,"b'\xcf""\x00\x00\x00\x00\x00\x00'",b'\x03\x00\x00\x00\x00\x00\x00\x00'
West,b')&\x00\x00\x00\x00\x00\x00',b'\x03\x00\x00\x00\x00\x00\x00\x00'
East,"b""\xb7'\x00\x00\x00\x00\x00\x00""",b'\x03\x00\x00\x00\x00\x00\x00\x00'
West,b'\xef)\x00\x00\x00\x00\x00\x00',b'\x03\x00\x00\x00\x00\x00\x00\x00'
East,b'\x99\x02\x00\x00\x00\x00\x00\x00',b'\x03\x00\x00\x00\x00\x00\x00\x00'
Central,b'\x1e\x0f\x00\x00\x00\x00\x00\x00',b'\x03\x00\x00\x00\x00\x00\x00\x00'
West,b'6$\x00\x00\x00\x00\x00\x00',b'\x03\x00\x00\x00\x00\x00\x00\x00'
West,b'7\x1c\x00\x00\x00\x00\x00\x00',b'\x03\x00\x00\x00\x00\x00\x00\x00'
East,b'\x9b)\x00\x00\x00\x00\x00\x00',b'\x03\x00\x00\x00\x00\x00\x00\x00'
Central,b'\x1f\x08\x00\x00\x00\x00\x00\x00',b'\x03\x00\x00\x00\x00\x00\x00\x00'
East,b'\x9b\x08\x00\x00\x00\x00\x00\x00',b'\x03\x00\x00\x00\x00\x00\x00\x00'
West,b'8\x10\x00\x00\x00\x00\x00\x00',b'\x03\x00\x00\x00\x00\x00\x00\x00'
East,b'\x9b\x05\x00\x00\x00\x00\x00\x00',b'\x03\x00\x00\x00\x00\x00\x00\x00'
Central,b'\x1f\x1f\x00\x00\x00\x00\x00\x00',b'\x03\x00\x00\x00\x00\x00\x00\x00'
West,b'\xf1&\x00\x00\x00\x00\x00\x00',b'\x03\x00\x00\x00\x00\x00\x00\x00'
East,b'\x99\x05\x00\x00\x00\x00\x00\x00',b'\x03\x00\x00\x00\x00\x00\x00\x00'
East,b'\x98)\x00\x00\x00\x00\x00\x00',b'\x03\x00\x00\x00\x00\x00\x00\x00'
West,b'6\r\x00\x00\x00\x00\x00\x00',b'\x03\x00\x00\x00\x00\x00\x00\x00'
Central,b'$\x03\x00\x00\x00\x00\x00\x00',b'\x03\x00\x00\x00\x00\x00\x00\x00'
East,b'\x97(\x00\x00\x00\x00\x00\x00',b'\x03\x00\x00\x00\x00\x00\x00\x00'
East,b'\x97\n\x00\x00\x00\x00\x00\x00',b'\x03\x00\x00\x00\x00\x00\x00\x00'
East,b'\x96 \x00\x00\x00\x00\x00\x00',b'\x03\x00\x00\x00\x00\x00\x00\x00'
East,b'\x96\x19\x00\x00\x00\x00\x00\x00',b'\x03\x00\x00\x00\x00\x00\x00\x00'
East,b'\x96\t\x00\x00\x00\x00\x00\x00',b'\x03\x00\x00\x00\x00\x00\x00\x00'
West,b';(\x00\x00\x00\x00\x00\x00',b'\x03\x00\x00\x00\x00\x00\x00\x00'
Central,b'&\x04\x00\x00\x00\x00\x00\x00',b'\x03\x00\x00\x00\x00\x00\x00\x00'
West,b'f\x10\x00\x00\x00\x00\x00\x00',b'\x03\x00\x00\x00\x00\x00\x00\x00'
West,b'<\x1e\x00\x00\x00\x00\x00\x00',b'\x03\x00\x00\x00\x00\x00\x00\x00'
West,b'=\x03\x00\x00\x00\x00\x00\x00',b'\x03\x00\x00\x00\x00\x00\x00\x00'
Central,b'\x1b\x02\x00\x00\x00\x00\x00\x00',b'\x03\x00\x00\x00\x00\x00\x00\x00'
West,b'\xf4\x1b\x00\x00\x00\x00\x00\x00',b'\x03\x00\x00\x00\x00\x00\x00\x00'
West,b'*&\x00\x00\x00\x00\x00\x00',b'\x03\x00\x00\x00\x00\x00\x00\x00'
West,b'0 \x00\x00\x00\x00\x00\x00',b'\x03\x00\x00\x00\x00\x00\x00\x00'
West,"b""*'\x00\x00\x00\x00\x00\x00""",b'\x03\x00\x00\x00\x00\x00\x00\x00'
West,b'+\x00\x00\x00\x00\x00\x00\x00',b'\x03\x00\x00\x00\x00\x00\x00\x00'
East,b'\xb5(\x00\x00\x00\x00\x00\x00',b'\x03\x00\x00\x00\x00\x00\x00\x00'
Central,b'\x12\x03\x00\x00\x00\x00\x00\x00',b'\x03\x00\x00\x00\x00\x00\x00\x00'
West,b'+)\x00\x00\x00\x00\x00\x00',b'\x03\x00\x00\x00\x00\x00\x00\x00'
East,b'\xb5\x0c\x00\x00\x00\x00\x00\x00',b'\x03\x00\x00\x00\x00\x00\x00\x00'
East,b'\xb4$\x00\x00\x00\x00\x00\x00',b'\x03\x00\x00\x00\x00\x00\x00\x00'
East,"b'\xb4""\x00\x00\x00\x00\x00\x00'",b'\x03\x00\x00\x00\x00\x00\x00\x00'
East,b'\xb3\x04\x00\x00\x00\x00\x00\x00',b'\x03\x00\x00\x00\x00\x00\x00\x00'
East,b'\xb2(\x00\x00\x00\x00\x00\x00',b'\x03\x00\x00\x00\x00\x00\x00\x00'
East,b'\xb2\x04\x00\x00\x00\x00\x00\x00',b'\x03\x00\x00\x00\x00\x00\x00\x00'
West,b'\xf6(\x00\x00\x00\x00\x00\x00',b'\x03\x00\x00\x00\x00\x00\x00\x00'
Central,b'\x18\x00\x00\x00\x00\x00\x00\x00',b'\x03\x00\x00\x00\x00\x00\x00\x00'
East,b'\xad\x17\x00\x00\x00\x00\x00\x00',b'\x03\x00\x00\x00\x00\x00\x00\x00'
East,b'\xac\x14\x00\x00\x00\x00\x00\x00',b'\x03\x00\x00\x00\x00\x00\x00\x00'
Central,"b""\x13'\x00\x00\x00\x00\x00\x00""",b'\x03\x00\x00\x00\x00\x00\x00\x00'
East,b'\xac\x12\x00\x00\x00\x00\x00\x00',b'\x03\x00\x00\x00\x00\x00\x00\x00'
Central,b'\x14\x08\x00\x00\x00\x00\x00\x00',b'\x03\x00\x00\x00\x00\x00\x00\x00'
West,b'3\x16\x00\x00\x00\x00\x00\x00',b'\x03\x00\x00\x00\x00\x00\x00\x00'
East,b'\xa9\x13\x00\x00\x00\x00\x00\x00',b'\x03\x00\x00\x00\x00\x00\x00\x00'
Central,b'\x14(\x00\x00\x00\x00\x00\x00',b'\x03\x00\x00\x00\x00\x00\x00\x00'
West,b'3(\x00\x00\x00\x00\x00\x00',b'\x03\x00\x00\x00\x00\x00\x00\x00'
East,b'\xa6\x02\x00\x00\x00\x00\x00\x00',b'\x03\x00\x00\x00\x00\x00\x00\x00'
Central,b'\x17\x04\x00\x00\x00\x00\x00\x00',b'\x03\x00\x00\x00\x00\x00\x00\x00'
Central,b'E\x14\x00\x00\x00\x00\x00\x00',b'\x03\x00\x00\x00\x00\x00\x00\x00'
West,b'h\x12\x00\x00\x00\x00\x00\x00',b'\x03\x00\x00\x00\x00\x00\x00\x00'
West,b'f\x11\x00\x00\x00\x00\x00\x00',b'\x03\x00\x00\x00\x00\x00\x00\x00'
East,"b'A""\x00\x00\x00\x00\x00\x00'",b'\x03\x00\x00\x00\x00\x00\x00\x00'
Central,b's\x00\x00\x00\x00\x00\x00\x00',b'\x03\x00\x00\x00\x00\x00\x00\x00'
West,b'\xa3 \x00\x00\x00\x00\x00\x00',b'\x03\x00\x00\x00\x00\x00\x00\x00'
West,b'\xa3&\x00\x00\x00\x00\x00\x00',b'\x03\x00\x00\x00\x00\x00\x00\x00'
West,b'\xd2\x0e\x00\x00\x00\x00\x00\x00',b'\x03\x00\x00\x00\x00\x00\x00\x00'
West,"b""\xa4'\x00\x00\x00\x00\x00\x00""",b'\x03\x00\x00\x00\x00\x00\x00\x00'
Central,b'\xc5\x07\x00\x00\x00\x00\x00\x00',b'\x03\x00\x00\x00\x00\x00\x00\x00'
West,b'\xa6\x02\x00\x00\x00\x00\x00\x00',b'\x03\x00\x00\x00\x00\x00\x00\x00'
West,b'\xa6\x03\x00\x00\x00\x00\x00\x00',b'\x03\x00\x00\x00\x00\x00\x00\x00'
West,b'\xa7\x0e\x00\x00\x00\x00\x00\x00',b'\x03\x00\x00\x00\x00\x00\x00\x00'
Central,b'\xc3\x06\x00\x00\x00\x00\x00\x00',b'\x03\x00\x00\x00\x00\x00\x00\x00'
Central,b'\xc2%\x00\x00\x00\x00\x00\x00',b'\x03\x00\x00\x00\x00\x00\x00\x00'
Central,b's(\x00\x00\x00\x00\x00\x00',b'\x03\x00\x00\x00\x00\x00\x00\x00'
West,b'\xd0 \x00\x00\x00\x00\x00\x00',b'\x03\x00\x00\x00\x00\x00\x00\x00'
Central,b'v\n\x00\x00\x00\x00\x00\x00',b'\x03\x00\x00\x00\x00\x00\x00\x00'
Central,b'v&\x00\x00\x00\x00\x00\x00',b'\x03\x00\x00\x00\x00\x00\x00\x00'
Central,b'\xc2\x1a\x00\x00\x00\x00\x00\x00',b'\x03\x00\x00\x00\x00\x00\x00\x00'
Central,b'\xc1\x16\x00\x00\x00\x00\x00\x00',b'\x03\x00\x00\x00\x00\x00\x00\x00'
Central,b'\xc1\x0c\x00\x00\x00\x00\x00\x00',b'\x03\x00\x00\x00\x00\x00\x00\x00'
West,b'\xa8&\x00\x00\x00\x00\x00\x00',b'\x03\x00\x00\x00\x00\x00\x00\x00'
Central,b'\xc0\x0e\x00\x00\x00\x00\x00\x00',b'\x03\x00\x00\x00\x00\x00\x00\x00'
Central,b'w\x02\x00\x00\x00\x00\x00\x00',b'\x03\x00\x00\x00\x00\x00\x00\x00'
West,b'\xce\x13\x00\x00\x00\x00\x00\x00',b'\x03\x00\x00\x00\x00\x00\x00\x00'
West,b'\xaa\x0e\x00\x00\x00\x00\x00\x00',b'\x03\x00\x00\x00\x00\x00\x00\x00'
West,b'\xab\x1a\x00\x00\x00\x00\x00\x00',b'\x03\x00\x00\x00\x00\x00\x00\x00'
Central,b'~\r\x00\x00\x00\x00\x00\x00',b'\x03\x00\x00\x00\x00\x00\x00\x00'
West,b'\xa3\x0f\x00\x00\x00\x00\x00\x00',b'\x03\x00\x00\x00\x00\x00\x00\x00'
West,b'\xa2\x11\x00\x00\x00\x00\x00\x00',b'\x03\x00\x00\x00\x00\x00\x00\x00'
Central,b'\xca\x0b\x00\x00\x00\x00\x00\x00',b'\x03\x00\x00\x00\x00\x00\x00\x00'
Central,b'm\x11\x00\x00\x00\x00\x00\x00',b'\x03\x00\x00\x00\x00\x00\x00\x00'
West,b'\x94(\x00\x00\x00\x00\x00\x00',b'\x03\x00\x00\x00\x00\x00\x00\x00'
Central,b'\xdd\x05\x00\x00\x00\x00\x00\x00',b'\x03\x00\x00\x00\x00\x00\x00\x00'
West,b'\x95\x0c\x00\x00\x00\x00\x00\x00',b'\x03\x00\x00\x00\x00\x00\x00\x00'
Central,b'\xdc\x16\x00\x00\x00\x00\x00\x00',b'\x03\x00\x00\x00\x00\x00\x00\x00'
Central,b'l%\x00\x00\x00\x00\x00\x00',b'\x03\x00\x00\x00\x00\x00\x00\x00'
Central,b'l(\x00\x00\x00\x00\x00\x00',b'\x03\x00\x00\x00\x00\x00\x00\x00'
Central,b'\xda\x02\x00\x00\x00\x00\x00\x00',b'\x03\x00\x00\x00\x00\x00\x00\x00'
Central,b'm\r\x00\x00\x00\x00\x00\x00',b'\x03\x00\x00\x00\x00\x00\x00\x00'
West,b'\x96&\x00\x00\x00\x00\x00\x00',b'\x03\x00\x00\x00\x00\x00\x00\x00'
Central,b'\xd9%\x00\x00\x00\x00\x00\x00',b'\x03\x00\x00\x00\x00\x00\x00\x00'
West,b'\x97&\x00\x00\x00\x00\x00\x00',b'\x03\x00\x00\x00\x00\x00\x00\x00'
West,b'\x99\x05\x00\x00\x00\x00\x00\x00',b'\x03\x00\x00\x00\x00\x00\x00\x00'
Central,b'p\x10\x00\x00\x00\x00\x00\x00',b'\x03\x00\x00\x00\x00\x00\x00\x00'
Central,b'\xd4(\x00\x00\x00\x00\x00\x00',b'\x03\x00\x00\x00\x00\x00\x00\x00'
Central,b'\xd3\x03\x00\x00\x00\x00\x00\x00',b'\x03\x00\x00\x00\x00\x00\x00\x00'
Central,b'\xd2\x12\x00\x00\x00\x00\x00\x00',b'\x03\x00\x00\x00\x00\x00\x00\x00'
Central,b'p\x03\x00\x00\x00\x00\x00\x00',b'\x03\x00\x00\x00\x00\x00\x00\x00'
Central,"b""\xd0'\x00\x00\x00\x00\x00\x00""",b'\x03\x00\x00\x00\x00\x00\x00\x00'
Central,"b'\xd0""\x00\x00\x00\x00\x00\x00'",b'\x03\x00\x00\x00\x00\x00\x00\x00'
Central,b'\xd0 \x00\x00\x00\x00\x00\x00',b'\x03\x00\x00\x00\x00\x00\x00\x00'
West,b'\x9e\x02\x00\x00\x00\x00\x00\x00',b'\x03\x00\x00\x00\x00\x00\x00\x00'
Central,"b""\xcf'\x00\x00\x00\x00\x00\x00""",b'\x03\x00\x00\x00\x00\x00\x00\x00'
Central,b'\xcf!\x00\x00\x00\x00\x00\x00',b'\x03\x00\x00\x00\x00\x00\x00\x00'
Central,b'\xcf\x06\x00\x00\x00\x00\x00\x00',b'\x03\x00\x00\x00\x00\x00\x00\x00'
West,b'\xce\x06\x00\x00\x00\x00\x00\x00',b'\x03\x00\x00\x00\x00\x00\x00\x00'
West,b'\xac\x18\x00\x00\x00\x00\x00\x00',b'\x03\x00\x00\x00\x00\x00\x00\x00'
Central,b'\xba\x1e\x00\x00\x00\x00\x00\x00',b'\x03\x00\x00\x00\x00\x00\x00\x00'
West,b'\xbe)\x00\x00\x00\x00\x00\x00',b'\x03\x00\x00\x00\x00\x00\x00\x00'
Central,b'\x8c\x1f\x00\x00\x00\x00\x00\x00',b'\x03\x00\x00\x00\x00\x00\x00\x00'
Central,"b'\x9c""\x00\x00\x00\x00\x00\x00'",b'\x03\x00\x00\x00\x00\x00\x00\x00'
Central,b'\x9c\r\x00\x00\x00\x00\x00\x00',b'\x03\x00\x00\x00\x00\x00\x00\x00'
West,b'\xc4\x1e\x00\x00\x00\x00\x00\x00',b'\x03\x00\x00\x00\x00\x00\x00\x00'
Central,b'\x99\x13\x00\x00\x00\x00\x00\x00',b'\x03\x00\x00\x00\x00\x00\x00\x00'
Central,b'\x99\x06\x00\x00\x00\x00\x00\x00',b'\x03\x00\x00\x00\x00\x00\x00\x00'
Central,b'\x8f\x01\x00\x00\x00\x00\x00\x00',b'\x03\x00\x00\x00\x00\x00\x00\x00'
Central,b'\x98\x06\x00\x00\x00\x00\x00\x00',b'\x03\x00\x00\x00\x00\x00\x00\x00'
Central,b'\x8f\t\x00\x00\x00\x00\x00\x00',b'\x03\x00\x00\x00\x00\x00\x00\x00'
Central,b'\x97!\x00\x00\x00\x00\x00\x00',b'\x03\x00\x00\x00\x00\x00\x00\x00'
Central,b'\x97\n\x00\x00\x00\x00\x00\x00',b'\x03\x00\x00\x00\x00\x00\x00\x00'
Central,b'\x8f)\x00\x00\x00\x00\x00\x00',b'\x03\x00\x00\x00\x00\x00\x00\x00'
West,b'\xba\x12\x00\x00\x00\x00\x00\x00',b'\x03\x00\x00\x00\x00\x00\x00\x00'
Central,b'\x96%\x00\x00\x00\x00\x00\x00',b'\x03\x00\x00\x00\x00\x00\x00\x00'
West,b'\xbf\x1b\x00\x00\x00\x00\x00\x00',b'\x03\x00\x00\x00\x00\x00\x00\x00'
West,"b'\xbf""\x00\x00\x00\x00\x00\x00'",b'\x03\x00\x00\x00\x00\x00\x00\x00'
West,b'\xbf#\x00\x00\x00\x00\x00\x00',b'\x03\x00\x00\x00\x00\x00\x00\x00'
West,b'\xbf)\x00\x00\x00\x00\x00\x00',b'\x03\x00\x00\x00\x00\x00\x00\x00'
Central,b'\x96\x19\x00\x00\x00\x00\x00\x00',b'\x03\x00\x00\x00\x00\x00\x00\x00'
West,b'\xc0\x0e\x00\x00\x00\x00\x00\x00',b'\x03\x00\x00\x00\x00\x00\x00\x00'
Central,b'\x96\t\x00\x00\x00\x00\x00\x00',b'\x03\x00\x00\x00\x00\x00\x00\x00'
West,b'\xc0$\x00\x00\x00\x00\x00\x00',b'\x03\x00\x00\x00\x00\x00\x00\x00'
Central,b'\x95\x16\x00\x00\x00\x00\x00\x00',b'\x03\x00\x00\x00\x00\x00\x00\x00'
Central,b'\x95\x0f\x00\x00\x00\x00\x00\x00',b'\x03\x00\x00\x00\x00\x00\x00\x00'
Central,b'\xa0\x11\x00\x00\x00\x00\x00\x00',b'\x03\x00\x00\x00\x00\x00\x00\x00'
Central,b'\xa3\x1e\x00\x00\x00\x00\x00\x00',b'\x03\x00\x00\x00\x00\x00\x00\x00'
West,b'\xad(\x00\x00\x00\x00\x00\x00',b'\x03\x00\x00\x00\x00\x00\x00\x00'
West,b'\xb2\x18\x00\x00\x00\x00\x00\x00',b'\x03\x00\x00\x00\x00\x00\x00\x00'
West,b'\xca&\x00\x00\x00\x00\x00\x00',b'\x03\x00\x00\x00\x00\x00\x00\x00'
Central,b'\x85\x15\x00\x00\x00\x00\x00\x00',b'\x03\x00\x00\x00\x00\x00\x00\x00'
Central,b'\xb8\x00\x00\x00\x00\x00\x00\x00',b'\x03\x00\x00\x00\x00\x00\x00\x00'
Central,b'\xb7\x04\x00\x00\x00\x00\x00\x00',b'\x03\x00\x00\x00\x00\x00\x00\x00'
Central,b'\x86\x07\x00\x00\x00\x00\x00\x00',b'\x03\x00\x00\x00\x00\x00\x00\x00'
West,b'\xaf\n\x00\x00\x00\x00\x00\x00',b'\x03\x00\x00\x00\x00\x00\x00\x00'
Central,b'\x86!\x00\x00\x00\x00\x00\x00',b'\x03\x00\x00\x00\x00\x00\x00\x00'
West,b'\xb1!\x00\x00\x00\x00\x00\x00',b'\x03\x00\x00\x00\x00\x00\x00\x00'
Central,b'\xb4$\x00\x00\x00\x00\x00\x00',b'\x03\x00\x00\x00\x00\x00\x00\x00'
Central,b'\x88)\x00\x00\x00\x00\x00\x00',b'\x03\x00\x00\x00\x00\x00\x00\x00'
Central,b'\xb3\x04\x00\x00\x00\x00\x00\x00',b'\x03\x00\x00\x00\x00\x00\x00\x00'
West,b'\xb3\x00\x00\x00\x00\x00\x00\x00',b'\x03\x00\x00\x00\x00\x00\x00\x00'
Central,b'\xa3(\x00\x00\x00\x00\x00\x00',b'\x03\x00\x00\x00\x00\x00\x00\x00'
West,b'\xb3\x04\x00\x00\x00\x00\x00\x00',b'\x03\x00\x00\x00\x00\x00\x00\x00'
West,b'\xb4\n\x00\x00\x00\x00\x00\x00',b'\x03\x00\x00\x00\x00\x00\x00\x00'
Central,b'\x89\t\x00\x00\x00\x00\x00\x00',b'\x03\x00\x00\x00\x00\x00\x00\x00'
Central,b'\xaf\x1e\x00\x00\x00\x00\x00\x00',b'\x03\x00\x00\x00\x00\x00\x00\x00'
West,b'\xb5\x11\x00\x00\x00\x00\x00\x00',b'\x03\x00\x00\x00\x00\x00\x00\x00'
Central,b'\x8a\x08\x00\x00\x00\x00\x00\x00',b'\x03\x00\x00\x00\x00\x00\x00\x00'
West,b'\xc5)\x00\x00\x00\x00\x00\x00',b'\x03\x00\x00\x00\x00\x00\x00\x00'
Central,b'\x8c\x15\x00\x00\x00\x00\x00\x00',b'\x03\x00\x00\x00\x00\x00\x00\x00'
Central,b'\xaa \x00\x00\x00\x00\x00\x00',b'\x03\x00\x00\x00\x00\x00\x00\x00'
Central,b'\xa6\x03\x00\x00\x00\x00\x00\x00',b'\x03\x00\x00\x00\x00\x00\x00\x00'
Central,b'\xa5\x1d\x00\x00\x00\x00\x00\x00',b'\x03\x00\x00\x00\x00\x00\x00\x00'
West,b'\x94$\x00\x00\x00\x00\x00\x00',b'\x03\x00\x00\x00\x00\x00\x00\x00'
Central,b'j\n\x00\x00\x00\x00\x00\x00',b'\x03\x00\x00\x00\x00\x00\x00\x00'
Central,b'\xdf\x11\x00\x00\x00\x00\x00\x00',b'\x03\x00\x00\x00\x00\x00\x00\x00'
East,b'\x1d\x05\x00\x00\x00\x00\x00\x00',b'\x03\x00\x00\x00\x00\x00\x00\x00'
West,b'\xdd\n\x00\x00\x00\x00\x00\x00',b'\x03\x00\x00\x00\x00\x00\x00\x00'
East,"b""'\x1b\x00\x00\x00\x00\x00\x00""",b'\x03\x00\x00\x00\x00\x00\x00\x00'
Central,"b""O'\x00\x00\x00\x00\x00\x00""",b'\x03\x00\x00\x00\x00\x00\x00\x00'
East,b'&\x1b\x00\x00\x00\x00\x00\x00',b'\x03\x00\x00\x00\x00\x00\x00\x00'
East,"b""%'\x00\x00\x00\x00\x00\x00""",b'\x03\x00\x00\x00\x00\x00\x00\x00'
West,b'\xdd\x03\x00\x00\x00\x00\x00\x00',b'\x03\x00\x00\x00\x00\x00\x00\x00'
West,b't\x05\x00\x00\x00\x00\x00\x00',b'\x03\x00\x00\x00\x00\x00\x00\x00'
Central,b'P\x02\x00\x00\x00\x00\x00\x00',b'\x03\x00\x00\x00\x00\x00\x00\x00'
East,"b"" '\x00\x00\x00\x00\x00\x00""",b'\x03\x00\x00\x00\x00\x00\x00\x00'
East,b'\x1f\x1f\x00\x00\x00\x00\x00\x00',b'\x03\x00\x00\x00\x00\x00\x00\x00'
West,b'u\x1e\x00\x00\x00\x00\x00\x00',b'\x03\x00\x00\x00\x00\x00\x00\x00'
East,b'\x1c#\x00\x00\x00\x00\x00\x00',b'\x03\x00\x00\x00\x00\x00\x00\x00'
East,b'*\x1d\x00\x00\x00\x00\x00\x00',b'\x03\x00\x00\x00\x00\x00\x00\x00'
Central,b'P!\x00\x00\x00\x00\x00\x00',b'\x03\x00\x00\x00\x00\x00\x00\x00'
East,b'\x19\x02\x00\x00\x00\x00\x00\x00',b'\x03\x00\x00\x00\x00\x00\x00\x00'
East,b'\x16(\x00\x00\x00\x00\x00\x00',b'\x03\x00\x00\x00\x00\x00\x00\x00'
West,b'y%\x00\x00\x00\x00\x00\x00',b'\x03\x00\x00\x00\x00\x00\x00\x00'
Central,b'P)\x00\x00\x00\x00\x00\x00',b'\x03\x00\x00\x00\x00\x00\x00\x00'
West,b'z\x16\x00\x00\x00\x00\x00\x00',b'\x03\x00\x00\x00\x00\x00\x00\x00'
Central,b'V\x12\x00\x00\x00\x00\x00\x00',b'\x03\x00\x00\x00\x00\x00\x00\x00'
Central,b'V\x16\x00\x00\x00\x00\x00\x00',b'\x03\x00\x00\x00\x00\x00\x00\x00'
West,b'{\x14\x00\x00\x00\x00\x00\x00',b'\x03\x00\x00\x00\x00\x00\x00\x00'
East,b'\x0e\x08\x00\x00\x00\x00\x00\x00',b'\x03\x00\x00\x00\x00\x00\x00\x00'
East,b'\r\x14\x00\x00\x00\x00\x00\x00',b'\x03\x00\x00\x00\x00\x00\x00\x00'
West,b'r\x1f\x00\x00\x00\x00\x00\x00',b'\x03\x00\x00\x00\x00\x00\x00\x00'
East,b'+%\x00\x00\x00\x00\x00\x00',b'\x03\x00\x00\x00\x00\x00\x00\x00'
West,b'\xda\t\x00\x00\x00\x00\x00\x00',b'\x03\x00\x00\x00\x00\x00\x00\x00'
East,b'5\x1f\x00\x00\x00\x00\x00\x00',b'\x03\x00\x00\x00\x00\x00\x00\x00'
West,b'g\x1f\x00\x00\x00\x00\x00\x00',b'\x03\x00\x00\x00\x00\x00\x00\x00'
East,b'?\x0f\x00\x00\x00\x00\x00\x00',b'\x03\x00\x00\x00\x00\x00\x00\x00'
West,b'g)\x00\x00\x00\x00\x00\x00',b'\x03\x00\x00\x00\x00\x00\x00\x00'
West,b'\xc1\x14\x00\x00\x00\x00\x00\x00',b'\x03\x00\x00\x00\x00\x00\x00\x00'
West,b'\xe0#\x00\x00\x00\x00\x00\x00',b'\x03\x00\x00\x00\x00\x00\x00\x00'
East,b';\x1d\x00\x00\x00\x00\x00\x00',b'\x03\x00\x00\x00\x00\x00\x00\x00'
East,b'8\x00\x00\x00\x00\x00\x00\x00',b'\x03\x00\x00\x00\x00\x00\x00\x00'
East,b'7&\x00\x00\x00\x00\x00\x00',b'\x03\x00\x00\x00\x00\x00\x00\x00'
East,b'7\x1c\x00\x00\x00\x00\x00\x00',b'\x03\x00\x00\x00\x00\x00\x00\x00'
West,b'm\r\x00\x00\x00\x00\x00\x00',b'\x03\x00\x00\x00\x00\x00\x00\x00'
West,b'\xdf\x1d\x00\x00\x00\x00\x00\x00',b'\x03\x00\x00\x00\x00\x00\x00\x00'
East,b'5\x12\x00\x00\x00\x00\x00\x00',b'\x03\x00\x00\x00\x00\x00\x00\x00'
East,"b',\n\x00\x00\x00\x00\x00\x00'",b'\x03\x00\x00\x00\x00\x00\x00\x00'
Central,b'M\x07\x00\x00\x00\x00\x00\x00',b'\x03\x00\x00\x00\x00\x00\x00\x00'
West,b'm%\x00\x00\x00\x00\x00\x00',b'\x03\x00\x00\x00\x00\x00\x00\x00'
Central,b'M\x0c\x00\x00\x00\x00\x00\x00',b'\x03\x00\x00\x00\x00\x00\x00\x00'
West,b'n\x03\x00\x00\x00\x00\x00\x00',b'\x03\x00\x00\x00\x00\x00\x00\x00'
East,b'4\n\x00\x00\x00\x00\x00\x00',b'\x03\x00\x00\x00\x00\x00\x00\x00'
West,b'n&\x00\x00\x00\x00\x00\x00',b'\x03\x00\x00\x00\x00\x00\x00\x00'
East,b'1\x1d\x00\x00\x00\x00\x00\x00',b'\x03\x00\x00\x00\x00\x00\x00\x00'
West,b'\xdf\x06\x00\x00\x00\x00\x00\x00',b'\x03\x00\x00\x00\x00\x00\x00\x00'
East,"b'.""\x00\x00\x00\x00\x00\x00'",b'\x03\x00\x00\x00\x00\x00\x00\x00'
East,b'-!\x00\x00\x00\x00\x00\x00',b'\x03\x00\x00\x00\x00\x00\x00\x00'
West,b'\xdd\x0b\x00\x00\x00\x00\x00\x00',b'\x03\x00\x00\x00\x00\x00\x00\x00'
West,b'|\x15\x00\x00\x00\x00\x00\x00',b'\x03\x00\x00\x00\x00\x00\x00\x00'
East,b'\n)\x00\x00\x00\x00\x00\x00',b'\x03\x00\x00\x00\x00\x00\x00\x00'
West,b'\xd5\r\x00\x00\x00\x00\x00\x00',b'\x03\x00\x00\x00\x00\x00\x00\x00'
Central,b'\xe9\x1d\x00\x00\x00\x00\x00\x00',b'\x03\x00\x00\x00\x00\x00\x00\x00'
West,b'\x86\x19\x00\x00\x00\x00\x00\x00',b'\x03\x00\x00\x00\x00\x00\x00\x00'
East,b'\xe1\x19\x00\x00\x00\x00\x00\x00',b'\x03\x00\x00\x00\x00\x00\x00\x00'
Central,"b'^""\x00\x00\x00\x00\x00\x00'",b'\x03\x00\x00\x00\x00\x00\x00\x00'
Central,b'\xf0(\x00\x00\x00\x00\x00\x00',b'\x03\x00\x00\x00\x00\x00\x00\x00'
Central,b'\xf0$\x00\x00\x00\x00\x00\x00',b'\x03\x00\x00\x00\x00\x00\x00\x00'
Central,b'\xf0\x01\x00\x00\x00\x00\x00\x00',b'\x03\x00\x00\x00\x00\x00\x00\x00'
Central,b'`\x06\x00\x00\x00\x00\x00\x00',b'\x03\x00\x00\x00\x00\x00\x00\x00'
Central,b'\xee\x0e\x00\x00\x00\x00\x00\x00',b'\x03\x00\x00\x00\x00\x00\x00\x00'
Central,b'\xec#\x00\x00\x00\x00\x00\x00',b'\x03\x00\x00\x00\x00\x00\x00\x00'
Central,b'\xea\x17\x00\x00\x00\x00\x00\x00',b'\x03\x00\x00\x00\x00\x00\x00\x00'
Central,b'\xea\x04\x00\x00\x00\x00\x00\x00',b'\x03\x00\x00\x00\x00\x00\x00\x00'
West,b'\x8c\x0c\x00\x00\x00\x00\x00\x00',b'\x03\x00\x00\x00\x00\x00\x00\x00'
Central,b'\xf2\x06\x00\x00\x00\x00\x00\x00',b'\x03\x00\x00\x00\x00\x00\x00\x00'
Central,b'\xe9\x0b\x00\x00\x00\x00\x00\x00',b'\x03\x00\x00\x00\x00\x00\x00\x00'
Central,b'\xe8\x0e\x00\x00\x00\x00\x00\x00',b'\x03\x00\x00\x00\x00\x00\x00\x00'
Central,b'\xe7%\x00\x00\x00\x00\x00\x00',b'\x03\x00\x00\x00\x00\x00\x00\x00'
West,"b""\xd6'\x00\x00\x00\x00\x00\x00""",b'\x03\x00\x00\x00\x00\x00\x00\x00'
Central,b'\xe6\r\x00\x00\x00\x00\x00\x00',b'\x03\x00\x00\x00\x00\x00\x00\x00'
Central,b'\xe4\r\x00\x00\x00\x00\x00\x00',b'\x03\x00\x00\x00\x00\x00\x00\x00'
Central,b'\xe1\x19\x00\x00\x00\x00\x00\x00',b'\x03\x00\x00\x00\x00\x00\x00\x00'
Central,b'\xe0\x1e\x00\x00\x00\x00\x00\x00',b'\x03\x00\x00\x00\x00\x00\x00\x00'
Central,b'\xe0\x1b\x00\x00\x00\x00\x00\x00',b'\x03\x00\x00\x00\x00\x00\x00\x00'
West,b'\x93\x11\x00\x00\x00\x00\x00\x00',b'\x03\x00\x00\x00\x00\x00\x00\x00'
Central,b'\xdf\x1b\x00\x00\x00\x00\x00\x00',b'\x03\x00\x00\x00\x00\x00\x00\x00'
Central,b'\xf1(\x00\x00\x00\x00\x00\x00',b'\x03\x00\x00\x00\x00\x00\x00\x00'
West,b'\xd7(\x00\x00\x00\x00\x00\x00',b'\x03\x00\x00\x00\x00\x00\x00\x00'
East,b'\n\x1e\x00\x00\x00\x00\x00\x00',b'\x03\x00\x00\x00\x00\x00\x00\x00'
West,b'\x80%\x00\x00\x00\x00\x00\x00',b'\x03\x00\x00\x00\x00\x00\x00\x00'
East,b'\t$\x00\x00\x00\x00\x00\x00',b'\x03\x00\x00\x00\x00\x00\x00\x00'
East,b'\t\x1e\x00\x00\x00\x00\x00\x00',b'\x03\x00\x00\x00\x00\x00\x00\x00'
Central,"b""X'\x00\x00\x00\x00\x00\x00""",b'\x03\x00\x00\x00\x00\x00\x00\x00'
East,b'\x07$\x00\x00\x00\x00\x00\x00',b'\x03\x00\x00\x00\x00\x00\x00\x00'
Central,b'Y)\x00\x00\x00\x00\x00\x00',b'\x03\x00\x00\x00\x00\x00\x00\x00'
East,b'\x03\x19\x00\x00\x00\x00\x00\x00',b'\x03\x00\x00\x00\x00\x00\x00\x00'
East,b'\x02#\x00\x00\x00\x00\x00\x00',b'\x03\x00\x00\x00\x00\x00\x00\x00'
East,b'\x01(\x00\x00\x00\x00\x00\x00',b'\x03\x00\x00\x00\x00\x00\x00\x00'
West,b'\x80\x01\x00\x00\x00\x00\x00\x00',b'\x03\x00\x00\x00\x00\x00\x00\x00'
West,"b'\xd9""\x00\x00\x00\x00\x00\x00'",b'\x03\x00\x00\x00\x00\x00\x00\x00'
West,b'\x80\x1e\x00\x00\x00\x00\x00\x00',b'\x03\x00\x00\x00\x00\x00\x00\x00'
Central,b'\xfe\x14\x00\x00\x00\x00\x00\x00',b'\x03\x00\x00\x00\x00\x00\x00\x00'
Central,b'\xf5\x15\x00\x00\x00\x00\x00\x00',b'\x03\x00\x00\x00\x00\x00\x00\x00'
West,b'\xd9\x18\x00\x00\x00\x00\x00\x00',b'\x03\x00\x00\x00\x00\x00\x00\x00'
Central,"b""\xfd'\x00\x00\x00\x00\x00\x00""",b'\x03\x00\x00\x00\x00\x00\x00\x00'
Central,b'\xfd&\x00\x00\x00\x00\x00\x00',b'\x03\x00\x00\x00\x00\x00\x00\x00'
Central,b'Z\x02\x00\x00\x00\x00\x00\x00',b'\x03\x00\x00\x00\x00\x00\x00\x00'
Central,b'[\x13\x00\x00\x00\x00\x00\x00',b'\x03\x00\x00\x00\x00\x00\x00\x00'
Central,b'\xfc\x10\x00\x00\x00\x00\x00\x00',b'\x03\x00\x00\x00\x00\x00\x00\x00'
Central,b'\xfa\x17\x00\x00\x00\x00\x00\x00',b'\x03\x00\x00\x00\x00\x00\x00\x00'
Central,b'\xfa\r\x00\x00\x00\x00\x00\x00',b'\x03\x00\x00\x00\x00\x00\x00\x00'
Central,b']\x10\x00\x00\x00\x00\x00\x00',b'\x03\x00\x00\x00\x00\x00\x00\x00'
Central,b'\xf6\x04\x00\x00\x00\x00\x00\x00',b'\x03\x00\x00\x00\x00\x00\x00\x00'
Central,"b'\xf5""\x00\x00\x00\x00\x00\x00'",b'\x03\x00\x00\x00\x00\x00\x00\x00'
East,b'\xe0\x1b\x00\x00\x00\x00\x00\x00',b'\x03\x00\x00\x00\x00\x00\x00\x00'
South,b'\x92\x03\x00\x00\x00\x00\x00\x00',b'\x03\x00\x00\x00\x00\x00\x00\x00'
West,b'\x07*\x00\x00\x00\x00\x00\x00',b'\x03\x00\x00\x00\x00\x00\x00\x00'
South,b'K\x13\x00\x00\x00\x00\x00\x00',b'\x03\x00\x00\x00\x00\x00\x00\x00'
South,b'\xbd!\x00\x00\x00\x00\x00\x00',b'\x03\x00\x00\x00\x00\x00\x00\x00'
South,b'*\x1d\x00\x00\x00\x00\x00\x00',b'\x03\x00\x00\x00\x00\x00\x00\x00'
West,b'\x05&\x00\x00\x00\x00\x00\x00',b'\x03\x00\x00\x00\x00\x00\x00\x00'
East,b'\xf1&\x00\x00\x00\x00\x00\x00',b'\x03\x00\x00\x00\x00\x00\x00\x00'
West,b'\x05\x14\x00\x00\x00\x00\x00\x00',b'\x03\x00\x00\x00\x00\x00\x00\x00'
South,b'u \x00\x00\x00\x00\x00\x00',b'\x03\x00\x00\x00\x00\x00\x00\x00'
South,b'\xbd\x19\x00\x00\x00\x00\x00\x00',b'\x03\x00\x00\x00\x00\x00\x00\x00'
South,b'\xcf \x00\x00\x00\x00\x00\x00',b'\x03\x00\x00\x00\x00\x00\x00\x00'
South,b'\xac&\x00\x00\x00\x00\x00\x00',b'\x03\x00\x00\x00\x00\x00\x00\x00'
South,b'\xaf#\x00\x00\x00\x00\x00\x00',b'\x03\x00\x00\x00\x00\x00\x00\x00'
South,b'z\x11\x00\x00\x00\x00\x00\x00',b'\x03\x00\x00\x00\x00\x00\x00\x00'
South,b'i$\x00\x00\x00\x00\x00\x00',b'\x03\x00\x00\x00\x00\x00\x00\x00'
South,b')%\x00\x00\x00\x00\x00\x00',b'\x03\x00\x00\x00\x00\x00\x00\x00'
South,b'\xf3#\x00\x00\x00\x00\x00\x00',b'\x03\x00\x00\x00\x00\x00\x00\x00'
South,b'O#\x00\x00\x00\x00\x00\x00',b'\x03\x00\x00\x00\x00\x00\x00\x00'
South,b'\xaf\x14\x00\x00\x00\x00\x00\x00',b'\x03\x00\x00\x00\x00\x00\x00\x00'
South,"b""'(\x00\x00\x00\x00\x00\x00""",b'\x03\x00\x00\x00\x00\x00\x00\x00'
East,b'\xf4\x07\x00\x00\x00\x00\x00\x00',b'\x03\x00\x00\x00\x00\x00\x00\x00'
South,b'\xf4\x19\x00\x00\x00\x00\x00\x00',b'\x03\x00\x00\x00\x00\x00\x00\x00'
South,b'\xe9\x1d\x00\x00\x00\x00\x00\x00',b'\x03\x00\x00\x00\x00\x00\x00\x00'
South,b'\xa0\x11\x00\x00\x00\x00\x00\x00',b'\x03\x00\x00\x00\x00\x00\x00\x00'
South,b'&&\x00\x00\x00\x00\x00\x00',b'\x03\x00\x00\x00\x00\x00\x00\x00'
South,b'\n\x1d\x00\x00\x00\x00\x00\x00',b'\x03\x00\x00\x00\x00\x00\x00\x00'
South,b'\xe9\x0b\x00\x00\x00\x00\x00\x00',b'\x03\x00\x00\x00\x00\x00\x00\x00'
South,b'%\x1d\x00\x00\x00\x00\x00\x00',b'\x03\x00\x00\x00\x00\x00\x00\x00'
South,"b'\xd0""\x00\x00\x00\x00\x00\x00'",b'\x03\x00\x00\x00\x00\x00\x00\x00'
South,b'P(\x00\x00\x00\x00\x00\x00',b'\x03\x00\x00\x00\x00\x00\x00\x00'
South,"b'\x80""\x00\x00\x00\x00\x00\x00'",b'\x03\x00\x00\x00\x00\x00\x00\x00'
East,b'\xf5\n\x00\x00\x00\x00\x00\x00',b'\x03\x00\x00\x00\x00\x00\x00\x00'
South,b'_\x16\x00\x00\x00\x00\x00\x00',b'\x03\x00\x00\x00\x00\x00\x00\x00'
South,b'\x0c\x16\x00\x00\x00\x00\x00\x00',b'\x03\x00\x00\x00\x00\x00\x00\x00'
South,b'k\x19\x00\x00\x00\x00\x00\x00',b'\x03\x00\x00\x00\x00\x00\x00\x00'
West,b'\x08\x04\x00\x00\x00\x00\x00\x00',b'\x03\x00\x00\x00\x00\x00\x00\x00'
West,b'\n\x00\x00\x00\x00\x00\x00\x00',b'\x03\x00\x00\x00\x00\x00\x00\x00'
South,b'\x9c\x0f\x00\x00\x00\x00\x00\x00',b'\x03\x00\x00\x00\x00\x00\x00\x00'
South,b'\xea\x17\x00\x00\x00\x00\x00\x00',b'\x03\x00\x00\x00\x00\x00\x00\x00'
West,b'\t!\x00\x00\x00\x00\x00\x00',b'\x03\x00\x00\x00\x00\x00\x00\x00'
South,b'N\x0e\x00\x00\x00\x00\x00\x00',b'\x03\x00\x00\x00\x00\x00\x00\x00'
South,b'\xb2\x06\x00\x00\x00\x00\x00\x00',b'\x03\x00\x00\x00\x00\x00\x00\x00'
South,b'\xdf\x03\x00\x00\x00\x00\x00\x00',b'\x03\x00\x00\x00\x00\x00\x00\x00'
South,b'\xea\x0b\x00\x00\x00\x00\x00\x00',b'\x03\x00\x00\x00\x00\x00\x00\x00'
South,b'\xbf&\x00\x00\x00\x00\x00\x00',b'\x03\x00\x00\x00\x00\x00\x00\x00'
South,"b""='\x00\x00\x00\x00\x00\x00""",b'\x03\x00\x00\x00\x00\x00\x00\x00'
South,b'\x10\x14\x00\x00\x00\x00\x00\x00',b'\x03\x00\x00\x00\x00\x00\x00\x00'
South,b'\xd4)\x00\x00\x00\x00\x00\x00',b'\x03\x00\x00\x00\x00\x00\x00\x00'
South,b'y\x05\x00\x00\x00\x00\x00\x00',b'\x03\x00\x00\x00\x00\x00\x00\x00'
South,b'u\x03\x00\x00\x00\x00\x00\x00',b'\x03\x00\x00\x00\x00\x00\x00\x00'
South,b'u\x1e\x00\x00\x00\x00\x00\x00',b'\x03\x00\x00\x00\x00\x00\x00\x00'
South,b'\xf3\r\x00\x00\x00\x00\x00\x00',b'\x03\x00\x00\x00\x00\x00\x00\x00'
South,b'\xda\x07\x00\x00\x00\x00\x00\x00',b'\x03\x00\x00\x00\x00\x00\x00\x00'
South,b'\xba\x14\x00\x00\x00\x00\x00\x00',b'\x03\x00\x00\x00\x00\x00\x00\x00'
South,b'y\x18\x00\x00\x00\x00\x00\x00',b'\x03\x00\x00\x00\x00\x00\x00\x00'
South,b'\xbf#\x00\x00\x00\x00\x00\x00',b'\x03\x00\x00\x00\x00\x00\x00\x00'
South,"b',\x1f\x00\x00\x00\x00\x00\x00'",b'\x03\x00\x00\x00\x00\x00\x00\x00'
South,b'\xbf\x17\x00\x00\x00\x00\x00\x00',b'\x03\x00\x00\x00\x00\x00\x00\x00'
West,b'\x07\x1c\x00\x00\x00\x00\x00\x00',b'\x03\x00\x00\x00\x00\x00\x00\x00'
South,"b'\x83""\x00\x00\x00\x00\x00\x00'",b'\x03\x00\x00\x00\x00\x00\x00\x00'
South,b'\x04\x18\x00\x00\x00\x00\x00\x00',b'\x03\x00\x00\x00\x00\x00\x00\x00'
South,b'\xea\x04\x00\x00\x00\x00\x00\x00',b'\x03\x00\x00\x00\x00\x00\x00\x00'
West,b'\x06!\x00\x00\x00\x00\x00\x00',b'\x03\x00\x00\x00\x00\x00\x00\x00'
East,b'\xf1\x17\x00\x00\x00\x00\x00\x00',b'\x03\x00\x00\x00\x00\x00\x00\x00'
South,b'\x80\x1c\x00\x00\x00\x00\x00\x00',b'\x03\x00\x00\x00\x00\x00\x00\x00'
South,b'\xf5\x07\x00\x00\x00\x00\x00\x00',b'\x03\x00\x00\x00\x00\x00\x00\x00'
South,"b'"")\x00\x00\x00\x00\x00\x00'",b'\x03\x00\x00\x00\x00\x00\x00\x00'
South,b'Y\r\x00\x00\x00\x00\x00\x00',b'\x03\x00\x00\x00\x00\x00\x00\x00'
South,b'x\x00\x00\x00\x00\x00\x00\x00',b'\x03\x00\x00\x00\x00\x00\x00\x00'
East,b'\xfc#\x00\x00\x00\x00\x00\x00',b'\x03\x00\x00\x00\x00\x00\x00\x00'
South,b'\xbb\x1b\x00\x00\x00\x00\x00\x00',b'\x03\x00\x00\x00\x00\x00\x00\x00'
South,"b'\xfe""\x00\x00\x00\x00\x00\x00'",b'\x03\x00\x00\x00\x00\x00\x00\x00'
South,b'\xd3\x0e\x00\x00\x00\x00\x00\x00',b'\x03\x00\x00\x00\x00\x00\x00\x00'
South,b'\xa5\x1d\x00\x00\x00\x00\x00\x00',b'\x03\x00\x00\x00\x00\x00\x00\x00'
South,b'\xa5!\x00\x00\x00\x00\x00\x00',b'\x03\x00\x00\x00\x00\x00\x00\x00'
South,b'\xf6\x1f\x00\x00\x00\x00\x00\x00',b'\x03\x00\x00\x00\x00\x00\x00\x00'
South,b'm\x04\x00\x00\x00\x00\x00\x00',b'\x03\x00\x00\x00\x00\x00\x00\x00'
South,b'\xe5\x1d\x00\x00\x00\x00\x00\x00',b'\x03\x00\x00\x00\x00\x00\x00\x00'
South,b'\xa6\x03\x00\x00\x00\x00\x00\x00',b'\x03\x00\x00\x00\x00\x00\x00\x00'
South,"b'l""\x00\x00\x00\x00\x00\x00'",b'\x03\x00\x00\x00\x00\x00\x00\x00'
South,b'\xc5\x0c\x00\x00\x00\x00\x00\x00',b'\x03\x00\x00\x00\x00\x00\x00\x00'
South,"b""\xa6'\x00\x00\x00\x00\x00\x00""",b'\x03\x00\x00\x00\x00\x00\x00\x00'
South,"b'""\x1b\x00\x00\x00\x00\x00\x00'",b'\x03\x00\x00\x00\x00\x00\x00\x00'
South,b'\xa7\r\x00\x00\x00\x00\x00\x00',b'\x03\x00\x00\x00\x00\x00\x00\x00'
South,"b"" '\x00\x00\x00\x00\x00\x00""",b'\x03\x00\x00\x00\x00\x00\x00\x00'
South,b'\x07 \x00\x00\x00\x00\x00\x00',b'\x03\x00\x00\x00\x00\x00\x00\x00'
South,b'~\x11\x00\x00\x00\x00\x00\x00',b'\x03\x00\x00\x00\x00\x00\x00\x00'
South,"b'\x1d""\x00\x00\x00\x00\x00\x00'",b'\x03\x00\x00\x00\x00\x00\x00\x00'
East,b'\xff\x1a\x00\x00\x00\x00\x00\x00',b'\x03\x00\x00\x00\x00\x00\x00\x00'
South,b'\xe6\x04\x00\x00\x00\x00\x00\x00',b'\x03\x00\x00\x00\x00\x00\x00\x00'
South,b'\xd3\x1b\x00\x00\x00\x00\x00\x00',b'\x03\x00\x00\x00\x00\x00\x00\x00'
South,b'\xa7(\x00\x00\x00\x00\x00\x00',b'\x03\x00\x00\x00\x00\x00\x00\x00'
South,b'R$\x00\x00\x00\x00\x00\x00',b'\x03\x00\x00\x00\x00\x00\x00\x00'
South,b'\xe8#\x00\x00\x00\x00\x00\x00',b'\x03\x00\x00\x00\x00\x00\x00\x00'
South,b'k!\x00\x00\x00\x00\x00\x00',b'\x03\x00\x00\x00\x00\x00\x00\x00'
South,b'\xba(\x00\x00\x00\x00\x00\x00',b'\x03\x00\x00\x00\x00\x00\x00\x00'
South,"b'""\x0b\x00\x00\x00\x00\x00\x00'",b'\x03\x00\x00\x00\x00\x00\x00\x00'
South,b'\x7f\x18\x00\x00\x00\x00\x00\x00',b'\x03\x00\x00\x00\x00\x00\x00\x00'
South,b'\xa3\x05\x00\x00\x00\x00\x00\x00',b'\x03\x00\x00\x00\x00\x00\x00\x00'
South,b'v&\x00\x00\x00\x00\x00\x00',b'\x03\x00\x00\x00\x00\x00\x00\x00'
South,b'H)\x00\x00\x00\x00\x00\x00',b'\x03\x00\x00\x00\x00\x00\x00\x00'
South,"b'\t""\x00\x00\x00\x00\x00\x00'",b'\x03\x00\x00\x00\x00\x00\x00\x00'
South,b'\x08)\x00\x00\x00\x00\x00\x00',b'\x03\x00\x00\x00\x00\x00\x00\x00'
South,b'a!\x00\x00\x00\x00\x00\x00',b'\x03\x00\x00\x00\x00\x00\x00\x00'
South,b'\xa3\x1b\x00\x00\x00\x00\x00\x00',b'\x03\x00\x00\x00\x00\x00\x00\x00'
South,b'\xc2\r\x00\x00\x00\x00\x00\x00',b'\x03\x00\x00\x00\x00\x00\x00\x00'
South,b'G)\x00\x00\x00\x00\x00\x00',b'\x03\x00\x00\x00\x00\x00\x00\x00'
South,b'\xf7(\x00\x00\x00\x00\x00\x00',b'\x03\x00\x00\x00\x00\x00\x00\x00'
South,"b'\xf5""\x00\x00\x00\x00\x00\x00'",b'\x03\x00\x00\x00\x00\x00\x00\x00'
South,"b'""$\x00\x00\x00\x00\x00\x00'",b'\x03\x00\x00\x00\x00\x00\x00\x00'
South,b'u%\x00\x00\x00\x00\x00\x00',b'\x03\x00\x00\x00\x00\x00\x00\x00'
East,b'\xf5\x19\x00\x00\x00\x00\x00\x00',b'\x03\x00\x00\x00\x00\x00\x00\x00'
South,b'\xc8\x0c\x00\x00\x00\x00\x00\x00',b'\x03\x00\x00\x00\x00\x00\x00\x00'
South,b'\x80\x13\x00\x00\x00\x00\x00\x00',b'\x03\x00\x00\x00\x00\x00\x00\x00'
West,b'\x00!\x00\x00\x00\x00\x00\x00',b'\x03\x00\x00\x00\x00\x00\x00\x00'
South,b'c\x07\x00\x00\x00\x00\x00\x00',b'\x03\x00\x00\x00\x00\x00\x00\x00'
South,b'\xe3 \x00\x00\x00\x00\x00\x00',b'\x03\x00\x00\x00\x00\x00\x00\x00'
South,b'w\x02\x00\x00\x00\x00\x00\x00',b'\x03\x00\x00\x00\x00\x00\x00\x00'
South,b'G#\x00\x00\x00\x00\x00\x00',b'\x03\x00\x00\x00\x00\x00\x00\x00'
South,b'\x07)\x00\x00\x00\x00\x00\x00',b'\x03\x00\x00\x00\x00\x00\x00\x00'
West,b'\x01!\x00\x00\x00\x00\x00\x00',b'\x03\x00\x00\x00\x00\x00\x00\x00'
East,b'\xf7#\x00\x00\x00\x00\x00\x00',b'\x03\x00\x00\x00\x00\x00\x00\x00'
South,b'\xc2\x12\x00\x00\x00\x00\x00\x00',b'\x03\x00\x00\x00\x00\x00\x00\x00'
South,b'\xa4\x07\x00\x00\x00\x00\x00\x00',b'\x03\x00\x00\x00\x00\x00\x00\x00'
South,b'\xe8$\x00\x00\x00\x00\x00\x00',b'\x03\x00\x00\x00\x00\x00\x00\x00'
South,b'f\x02\x00\x00\x00\x00\x00\x00',b'\x03\x00\x00\x00\x00\x00\x00\x00'
South,b'\xd2\x0e\x00\x00\x00\x00\x00\x00',b'\x03\x00\x00\x00\x00\x00\x00\x00'
South,b'\x7f \x00\x00\x00\x00\x00\x00',b'\x03\x00\x00\x00\x00\x00\x00\x00'
South,b'\x9c\r\x00\x00\x00\x00\x00\x00',b'\x03\x00\x00\x00\x00\x00\x00\x00'
South,"b""D'\x00\x00\x00\x00\x00\x00""",b'\x03\x00\x00\x00\x00\x00\x00\x00'
South,b'\x12\t\x00\x00\x00\x00\x00\x00',b'\x03\x00\x00\x00\x00\x00\x00\x00'
South,b'\xda\t\x00\x00\x00\x00\x00\x00',b'\x03\x00\x00\x00\x00\x00\x00\x00'
South,b's \x00\x00\x00\x00\x00\x00',b'\x03\x00\x00\x00\x00\x00\x00\x00'
South,b's(\x00\x00\x00\x00\x00\x00',b'\x03\x00\x00\x00\x00\x00\x00\x00'
South,b'\xb4\n\x00\x00\x00\x00\x00\x00',b'\x03\x00\x00\x00\x00\x00\x00\x00'
South,b'\xdd\n\x00\x00\x00\x00\x00\x00',b'\x03\x00\x00\x00\x00\x00\x00\x00'
South,b'\x97\n\x00\x00\x00\x00\x00\x00',b'\x03\x00\x00\x00\x00\x00\x00\x00'
South,b'\x13$\x00\x00\x00\x00\x00\x00',b'\x03\x00\x00\x00\x00\x00\x00\x00'
South,b'\xd5!\x00\x00\x00\x00\x00\x00',b'\x03\x00\x00\x00\x00\x00\x00\x00'
South,b'\xf1\r\x00\x00\x00\x00\x00\x00',b'\x03\x00\x00\x00\x00\x00\x00\x00'
East,b'\xe7%\x00\x00\x00\x00\x00\x00',b'\x03\x00\x00\x00\x00\x00\x00\x00'
South,b'2\x19\x00\x00\x00\x00\x00\x00',b'\x03\x00\x00\x00\x00\x00\x00\x00'
South,b'1%\x00\x00\x00\x00\x00\x00',b'\x03\x00\x00\x00\x00\x00\x00\x00'
South,b'\x13\n\x00\x00\x00\x00\x00\x00',b'\x03\x00\x00\x00\x00\x00\x00\x00'
South,b'\x87\x12\x00\x00\x00\x00\x00\x00',b'\x03\x00\x00\x00\x00\x00\x00\x00'
South,b'\x98\x0c\x00\x00\x00\x00\x00\x00',b'\x03\x00\x00\x00\x00\x00\x00\x00'
South,b'Y%\x00\x00\x00\x00\x00\x00',b'\x03\x00\x00\x00\x00\x00\x00\x00'
South,b'\\\x1d\x00\x00\x00\x00\x00\x00',b'\x03\x00\x00\x00\x00\x00\x00\x00'
South,b'/)\x00\x00\x00\x00\x00\x00',b'\x03\x00\x00\x00\x00\x00\x00\x00'
South,b'\x8e$\x00\x00\x00\x00\x00\x00',b'\x03\x00\x00\x00\x00\x00\x00\x00'
South,b'\xf8\x18\x00\x00\x00\x00\x00\x00',b'\x03\x00\x00\x00\x00\x00\x00\x00'
South,b'\xdd#\x00\x00\x00\x00\x00\x00',b'\x03\x00\x00\x00\x00\x00\x00\x00'
South,b'? \x00\x00\x00\x00\x00\x00',b'\x03\x00\x00\x00\x00\x00\x00\x00'
South,b'\xec\x19\x00\x00\x00\x00\x00\x00',b'\x03\x00\x00\x00\x00\x00\x00\x00'
South,b'\xdd&\x00\x00\x00\x00\x00\x00',b'\x03\x00\x00\x00\x00\x00\x00\x00'
South,b'\x03 \x00\x00\x00\x00\x00\x00',b'\x03\x00\x00\x00\x00\x00\x00\x00'
South,b'?\x07\x00\x00\x00\x00\x00\x00',b'\x03\x00\x00\x00\x00\x00\x00\x00'
East,"b""\xe8'\x00\x00\x00\x00\x00\x00""",b'\x03\x00\x00\x00\x00\x00\x00\x00'
South,b'\x18\x00\x00\x00\x00\x00\x00\x00',b'\x03\x00\x00\x00\x00\x00\x00\x00'
South,b'L\x08\x00\x00\x00\x00\x00\x00',b'\x03\x00\x00\x00\x00\x00\x00\x00'
South,b'M\x07\x00\x00\x00\x00\x00\x00',b'\x03\x00\x00\x00\x00\x00\x00\x00'
South,b'\x16\x13\x00\x00\x00\x00\x00\x00',b'\x03\x00\x00\x00\x00\x00\x00\x00'
South,b'\xdb\x1d\x00\x00\x00\x00\x00\x00',b'\x03\x00\x00\x00\x00\x00\x00\x00'
South,b'V\x16\x00\x00\x00\x00\x00\x00',b'\x03\x00\x00\x00\x00\x00\x00\x00'
West,b'\x0e(\x00\x00\x00\x00\x00\x00',b'\x03\x00\x00\x00\x00\x00\x00\x00'
South,b'\xdb(\x00\x00\x00\x00\x00\x00',b'\x03\x00\x00\x00\x00\x00\x00\x00'
South,b'2%\x00\x00\x00\x00\x00\x00',b'\x03\x00\x00\x00\x00\x00\x00\x00'
South,"b""\xee'\x00\x00\x00\x00\x00\x00""",b'\x03\x00\x00\x00\x00\x00\x00\x00'
West,b'\x0f\x0f\x00\x00\x00\x00\x00\x00',b'\x03\x00\x00\x00\x00\x00\x00\x00'
South,b'\xdc\x0e\x00\x00\x00\x00\x00\x00',b'\x03\x00\x00\x00\x00\x00\x00\x00'
South,b'\x8b%\x00\x00\x00\x00\x00\x00',b'\x03\x00\x00\x00\x00\x00\x00\x00'
South,b'\x02)\x00\x00\x00\x00\x00\x00',b'\x03\x00\x00\x00\x00\x00\x00\x00'
South,"b""\xc0'\x00\x00\x00\x00\x00\x00""",b'\x03\x00\x00\x00\x00\x00\x00\x00'
South,b'\xdc\x1d\x00\x00\x00\x00\x00\x00',b'\x03\x00\x00\x00\x00\x00\x00\x00'
West,b'\x10\x14\x00\x00\x00\x00\x00\x00',b'\x03\x00\x00\x00\x00\x00\x00\x00'
South,b'\x96\x18\x00\x00\x00\x00\x00\x00',b'\x03\x00\x00\x00\x00\x00\x00\x00'
South,b'q\x0c\x00\x00\x00\x00\x00\x00',b'\x03\x00\x00\x00\x00\x00\x00\x00'
South,b'\x15\x15\x00\x00\x00\x00\x00\x00',b'\x03\x00\x00\x00\x00\x00\x00\x00'
South,b'\x8a\x08\x00\x00\x00\x00\x00\x00',b'\x03\x00\x00\x00\x00\x00\x00\x00'
South,b'\\\x0f\x00\x00\x00\x00\x00\x00',b'\x03\x00\x00\x00\x00\x00\x00\x00'
South,b'\x94$\x00\x00\x00\x00\x00\x00',b'\x03\x00\x00\x00\x00\x00\x00\x00'
South,b'\xf0\x00\x00\x00\x00\x00\x00\x00',b'\x03\x00\x00\x00\x00\x00\x00\x00'
South,b'\x93&\x00\x00\x00\x00\x00\x00',b'\x03\x00\x00\x00\x00\x00\x00\x00'
South,b'\x04&\x00\x00\x00\x00\x00\x00',b'\x03\x00\x00\x00\x00\x00\x00\x00'
South,b'\xeb\x08\x00\x00\x00\x00\x00\x00',b'\x03\x00\x00\x00\x00\x00\x00\x00'
South,b']%\x00\x00\x00\x00\x00\x00',b'\x03\x00\x00\x00\x00\x00\x00\x00'
South,b'U\x10\x00\x00\x00\x00\x00\x00',b'\x03\x00\x00\x00\x00\x00\x00\x00'
South,b'7\r\x00\x00\x00\x00\x00\x00',b'\x03\x00\x00\x00\x00\x00\x00\x00'
South,b'S\x16\x00\x00\x00\x00\x00\x00',b'\x03\x00\x00\x00\x00\x00\x00\x00'
South,b'\xc1&\x00\x00\x00\x00\x00\x00',b'\x03\x00\x00\x00\x00\x00\x00\x00'
East,b'\xea\x04\x00\x00\x00\x00\x00\x00',b'\x03\x00\x00\x00\x00\x00\x00\x00'
South,b'\x12&\x00\x00\x00\x00\x00\x00',b'\x03\x00\x00\x00\x00\x00\x00\x00'
South,b'\xe8\t\x00\x00\x00\x00\x00\x00',b'\x03\x00\x00\x00\x00\x00\x00\x00'
South,"b'\x9b""\x00\x00\x00\x00\x00\x00'",b'\x03\x00\x00\x00\x00\x00\x00\x00'
South,b'\xde\t\x00\x00\x00\x00\x00\x00',b'\x03\x00\x00\x00\x00\x00\x00\x00'
South,b'\x93\x11\x00\x00\x00\x00\x00\x00',b'\x03\x00\x00\x00\x00\x00\x00\x00'
South,b'\x9a\x15\x00\x00\x00\x00\x00\x00',b'\x03\x00\x00\x00\x00\x00\x00\x00'
South,b'>\x16\x00\x00\x00\x00\x00\x00',b'\x03\x00\x00\x00\x00\x00\x00\x00'
East,b'\xea\x17\x00\x00\x00\x00\x00\x00',b'\x03\x00\x00\x00\x00\x00\x00\x00'
South,b'\xcd\x1d\x00\x00\x00\x00\x00\x00',b'\x03\x00\x00\x00\x00\x00\x00\x00'
South,b'S\x00\x00\x00\x00\x00\x00\x00',b'\x03\x00\x00\x00\x00\x00\x00\x00'
South,"b'\xec""\x00\x00\x00\x00\x00\x00'",b'\x03\x00\x00\x00\x00\x00\x00\x00'
South,b'-)\x00\x00\x00\x00\x00\x00',b'\x03\x00\x00\x00\x00\x00\x00\x00'
South,b'V\x1f\x00\x00\x00\x00\x00\x00',b'\x03\x00\x00\x00\x00\x00\x00\x00'
South,b't\x05\x00\x00\x00\x00\x00\x00',b'\x03\x00\x00\x00\x00\x00\x00\x00'
South,b'\x01\x15\x00\x00\x00\x00\x00\x00',b'\x03\x00\x00\x00\x00\x00\x00\x00'
East,b'\xe3\x14\x00\x00\x00\x00\x00\x00',b'\x03\x00\x00\x00\x00\x00\x00\x00'
South,b'\x86\x0c\x00\x00\x00\x00\x00\x00',b'\x03\x00\x00\x00\x00\x00\x00\x00'
South,b'\x86\x00\x00\x00\x00\x00\x00\x00',b'\x03\x00\x00\x00\x00\x00\x00\x00'
South,b'j#\x00\x00\x00\x00\x00\x00',b'\x03\x00\x00\x00\x00\x00\x00\x00'
South,b'\xd7\x07\x00\x00\x00\x00\x00\x00',b'\x03\x00\x00\x00\x00\x00\x00\x00'
South,b'\xac\x18\x00\x00\x00\x00\x00\x00',b'\x03\x00\x00\x00\x00\x00\x00\x00'
South,b'\x04\x0f\x00\x00\x00\x00\x00\x00',b'\x03\x00\x00\x00\x00\x00\x00\x00'
South,b'\xf1&\x00\x00\x00\x00\x00\x00',b'\x03\x00\x00\x00\x00\x00\x00\x00'
South,b'\xc1\x14\x00\x00\x00\x00\x00\x00',b'\x03\x00\x00\x00\x00\x00\x00\x00'
South,b'j\x00\x00\x00\x00\x00\x00\x00',b'\x03\x00\x00\x00\x00\x00\x00\x00'
East,b'\x17)\x00\x00\x00\x00\x00\x00',b'\x02\x00\x00\x00\x00\x00\x00\x00\x08\x00\x00\x00\x00\x00\x00\x00\x02\x00\x00\x00\x00\x00\x00\x00'
Central,b'\x8a!\x00\x00\x00\x00\x00\x00',b'\x02\x00\x00\x00\x00\x00\x00\x00\x07\x00\x00\x00\x00\x00\x00\x00\x06\x00\x00\x00\x00\x00\x00\x00'
West,b'? \x00\x00\x00\x00\x00\x00',b'\x02\x00\x00\x00\x00\x00\x00\x00\x07\x00\x00\x00\x00\x00\x00\x00\x05\x00\x00\x00\x00\x00\x00\x00\x01\x00\x00\x00\x00\x00\x00\x00'
West,b'\xbf\x17\x00\x00\x00\x00\x00\x00',b'\x02\x00\x00\x00\x00\x00\x00\x00\x07\x00\x00\x00\x00\x00\x00\x00\x05\x00\x00\x00\x00\x00\x00\x00\x01\x00\x00\x00\x00\x00\x00\x00'
West,b'\xe0!\x00\x00\x00\x00\x00\x00',b'\x02\x00\x00\x00\x00\x00\x00\x00\x07\x00\x00\x00\x00\x00\x00\x00\x04\x00\x00\x00\x00\x00\x00\x00\x02\x00\x00\x00\x00\x00\x00\x00'
Central,b'I\x0f\x00\x00\x00\x00\x00\x00',b'\x02\x00\x00\x00\x00\x00\x00\x00\x07\x00\x00\x00\x00\x00\x00\x00\x04\x00\x00\x00\x00\x00\x00\x00'
Central,b'\x9b\x08\x00\x00\x00\x00\x00\x00',b'\x02\x00\x00\x00\x00\x00\x00\x00\x07\x00\x00\x00\x00\x00\x00\x00\x03\x00\x00\x00\x00\x00\x00\x00'
East,b'\xdd\x0b\x00\x00\x00\x00\x00\x00',b'\x02\x00\x00\x00\x00\x00\x00\x00\x07\x00\x00\x00\x00\x00\x00\x00\x03\x00\x00\x00\x00\x00\x00\x00'
East,b'v\x1e\x00\x00\x00\x00\x00\x00',b'\x02\x00\x00\x00\x00\x00\x00\x00\x07\x00\x00\x00\x00\x00\x00\x00\x03\x00\x00\x00\x00\x00\x00\x00'
South,"b""*'\x00\x00\x00\x00\x00\x00""",b'\x02\x00\x00\x00\x00\x00\x00\x00\x07\x00\x00\x00\x00\x00\x00\x00\x02\x00\x00\x00\x00\x00\x00\x00'
West,b'K)\x00\x00\x00\x00\x00\x00',b'\x02\x00\x00\x00\x00\x00\x00\x00\x07\x00\x00\x00\x00\x00\x00\x00'
Central,b'\xc9&\x00\x00\x00\x00\x00\x00',b'\x02\x00\x00\x00\x00\x00\x00\x00\x07\x00\x00\x00\x00\x00\x00\x00'
South,b'\x0c\r\x00\x00\x00\x00\x00\x00',b'\x02\x00\x00\x00\x00\x00\x00\x00\x07\x00\x00\x00\x00\x00\x00\x00'
West,b'X\x1c\x00\x00\x00\x00\x00\x00',b'\x02\x00\x00\x00\x00\x00\x00\x00\x07\x00\x00\x00\x00\x00\x00\x00'
Central,b'1\x04\x00\x00\x00\x00\x00\x00',b'\x02\x00\x00\x00\x00\x00\x00\x00\x06\x00\x00\x00\x00\x00\x00\x00'
Central,b'\xda\x10\x00\x00\x00\x00\x00\x00',b'\x02\x00\x00\x00\x00\x00\x00\x00\x06\x00\x00\x00\x00\x00\x00\x00'
West,b'2\n\x00\x00\x00\x00\x00\x00',b'\x02\x00\x00\x00\x00\x00\x00\x00\x06\x00\x00\x00\x00\x00\x00\x00'
East,b'u!\x00\x00\x00\x00\x00\x00',b'\x02\x00\x00\x00\x00\x00\x00\x00\x06\x00\x00\x00\x00\x00\x00\x00'
West,b'\x99\x13\x00\x00\x00\x00\x00\x00',b'\x02\x00\x00\x00\x00\x00\x00\x00\x06\x00\x00\x00\x00\x00\x00\x00'
West,b'] \x00\x00\x00\x00\x00\x00',b'\x02\x00\x00\x00\x00\x00\x00\x00\x06\x00\x00\x00\x00\x00\x00\x00'
East,b'$\x01\x00\x00\x00\x00\x00\x00',b'\x02\x00\x00\x00\x00\x00\x00\x00\x05\x00\x00\x00\x00\x00\x00\x00\n\x00\x00\x00\x00\x00\x00\x00\x01\x00\x00\x00\x00\x00\x00\x00'
East,"b'""\x03\x00\x00\x00\x00\x00\x00'",b'\x02\x00\x00\x00\x00\x00\x00\x00\x05\x00\x00\x00\x00\x00\x00\x00\n\x00\x00\x00\x00\x00\x00\x00\x01\x00\x00\x00\x00\x00\x00\x00'
Central,b'%\x19\x00\x00\x00\x00\x00\x00',b'\x02\x00\x00\x00\x00\x00\x00\x00\x05\x00\x00\x00\x00\x00\x00\x00\n\x00\x00\x00\x00\x00\x00\x00'
Central,b'H\x1a\x00\x00\x00\x00\x00\x00',b'\x02\x00\x00\x00\x00\x00\x00\x00\x05\x00\x00\x00\x00\x00\x00\x00\t\x00\x00\x00\x00\x00\x00\x00'
West,b'\x7f\x00\x00\x00\x00\x00\x00\x00',b'\x02\x00\x00\x00\x00\x00\x00\x00\x05\x00\x00\x00\x00\x00\x00\x00\x05\x00\x00\x00\x00\x00\x00\x00\x03\x00\x00\x00\x00\x00\x00\x00'
Central,b't(\x00\x00\x00\x00\x00\x00',b'\x02\x00\x00\x00\x00\x00\x00\x00\x05\x00\x00\x00\x00\x00\x00\x00\x04\x00\x00\x00\x00\x00\x00\x00\x01\x00\x00\x00\x00\x00\x00\x00'
Central,b'\xfe\x17\x00\x00\x00\x00\x00\x00',b'\x02\x00\x00\x00\x00\x00\x00\x00\x05\x00\x00\x00\x00\x00\x00\x00\x04\x00\x00\x00\x00\x00\x00\x00\x01\x00\x00\x00\x00\x00\x00\x00'
West,"b""\xd7'\x00\x00\x00\x00\x00\x00""",b'\x02\x00\x00\x00\x00\x00\x00\x00\x05\x00\x00\x00\x00\x00\x00\x00\x03\x00\x00\x00\x00\x00\x00\x00\x06\x00\x00\x00\x00\x00\x00\x00\x01\x00\x00\x00\x00\x00\x00\x00'
West,b'\xd3\x1a\x00\x00\x00\x00\x00\x00',b'\x02\x00\x00\x00\x00\x00\x00\x00\x05\x00\x00\x00\x00\x00\x00\x00\x03\x00\x00\x00\x00\x00\x00\x00\x06\x00\x00\x00\x00\x00\x00\x00\x01\x00\x00\x00\x00\x00\x00\x00'
Central,b'g\x11\x00\x00\x00\x00\x00\x00',b'\x02\x00\x00\x00\x00\x00\x00\x00\x05\x00\x00\x00\x00\x00\x00\x00\x03\x00\x00\x00\x00\x00\x00\x00\x01\x00\x00\x00\x00\x00\x00\x00'
West,b'\xad\x07\x00\x00\x00\x00\x00\x00',b'\x02\x00\x00\x00\x00\x00\x00\x00\x05\x00\x00\x00\x00\x00\x00\x00\x03\x00\x00\x00\x00\x00\x00\x00'
West,"b""\x9d'\x00\x00\x00\x00\x00\x00""",b'\x02\x00\x00\x00\x00\x00\x00\x00\x05\x00\x00\x00\x00\x00\x00\x00\x03\x00\x00\x00\x00\x00\x00\x00'
Central,b'\xd6!\x00\x00\x00\x00\x00\x00',b'\x02\x00\x00\x00\x00\x00\x00\x00\x05\x00\x00\x00\x00\x00\x00\x00\x03\x00\x00\x00\x00\x00\x00\x00'
Central,b'\xd7\x15\x00\x00\x00\x00\x00\x00',b'\x02\x00\x00\x00\x00\x00\x00\x00\x05\x00\x00\x00\x00\x00\x00\x00\x02\x00\x00\x00\x00\x00\x00\x00\x04\x00\x00\x00\x00\x00\x00\x00'
South,b'\x96)\x00\x00\x00\x00\x00\x00',b'\x02\x00\x00\x00\x00\x00\x00\x00\x05\x00\x00\x00\x00\x00\x00\x00\x02\x00\x00\x00\x00\x00\x00\x00'
West,b'~\r\x00\x00\x00\x00\x00\x00',b'\x02\x00\x00\x00\x00\x00\x00\x00\x05\x00\x00\x00\x00\x00\x00\x00\x02\x00\x00\x00\x00\x00\x00\x00'
Central,b'\xb6\x1f\x00\x00\x00\x00\x00\x00',b'\x02\x00\x00\x00\x00\x00\x00\x00\x05\x00\x00\x00\x00\x00\x00\x00\x01\x00\x00\x00\x00\x00\x00\x00'
West,b'l\x0b\x00\x00\x00\x00\x00\x00',b'\x02\x00\x00\x00\x00\x00\x00\x00\x05\x00\x00\x00\x00\x00\x00\x00\x01\x00\x00\x00\x00\x00\x00\x00'
West,b'W\x17\x00\x00\x00\x00\x00\x00',b'\x02\x00\x00\x00\x00\x00\x00\x00\x05\x00\x00\x00\x00\x00\x00\x00\x01\x00\x00\x00\x00\x00\x00\x00'
West,"b""J'\x00\x00\x00\x00\x00\x00""",b'\x02\x00\x00\x00\x00\x00\x00\x00\x05\x00\x00\x00\x00\x00\x00\x00'
West,b'\xb3\x08\x00\x00\x00\x00\x00\x00',b'\x02\x00\x00\x00\x00\x00\x00\x00\x05\x00\x00\x00\x00\x00\x00\x00'
South,b'\xe5\n\x00\x00\x00\x00\x00\x00',b'\x02\x00\x00\x00\x00\x00\x00\x00\x05\x00\x00\x00\x00\x00\x00\x00'
Central,b'\x94\x07\x00\x00\x00\x00\x00\x00',b'\x02\x00\x00\x00\x00\x00\x00\x00\x05\x00\x00\x00\x00\x00\x00\x00'
South,b'7)\x00\x00\x00\x00\x00\x00',b'\x02\x00\x00\x00\x00\x00\x00\x00\x05\x00\x00\x00\x00\x00\x00\x00'
West,"b""\xdb'\x00\x00\x00\x00\x00\x00""",b'\x02\x00\x00\x00\x00\x00\x00\x00\x05\x00\x00\x00\x00\x00\x00\x00'
West,b'\xf7\x13\x00\x00\x00\x00\x00\x00',b'\x02\x00\x00\x00\x00\x00\x00\x00\x05\x00\x00\x00\x00\x00\x00\x00'
East,b'\xe9$\x00\x00\x00\x00\x00\x00',b'\x02\x00\x00\x00\x00\x00\x00\x00\x05\x00\x00\x00\x00\x00\x00\x00'
East,b'\x17\x13\x00\x00\x00\x00\x00\x00',b'\x02\x00\x00\x00\x00\x00\x00\x00\x05\x00\x00\x00\x00\x00\x00\x00'
West,b' \x00\x00\x00\x00\x00\x00\x00',b'\x02\x00\x00\x00\x00\x00\x00\x00\x05\x00\x00\x00\x00\x00\x00\x00'
South,b'\xa9\x1e\x00\x00\x00\x00\x00\x00',b'\x02\x00\x00\x00\x00\x00\x00\x00\x05\x00\x00\x00\x00\x00\x00\x00'
Central,b'\xca\x00\x00\x00\x00\x00\x00\x00',b'\x02\x00\x00\x00\x00\x00\x00\x00\x05\x00\x00\x00\x00\x00\x00\x00'
Central,b'\xb5\x0e\x00\x00\x00\x00\x00\x00',b'\x02\x00\x00\x00\x00\x00\x00\x00\x05\x00\x00\x00\x00\x00\x00\x00'
West,b's\x00\x00\x00\x00\x00\x00\x00',b'\x02\x00\x00\x00\x00\x00\x00\x00\x05\x00\x00\x00\x00\x00\x00\x00'
Central,"b'\x8f""\x00\x00\x00\x00\x00\x00'",b'\x02\x00\x00\x00\x00\x00\x00\x00\x05\x00\x00\x00\x00\x00\x00\x00'
Central,b'\x16\x11\x00\x00\x00\x00\x00\x00',b'\x02\x00\x00\x00\x00\x00\x00\x00\x05\x00\x00\x00\x00\x00\x00\x00'
East,b'\x80&\x00\x00\x00\x00\x00\x00',b'\x02\x00\x00\x00\x00\x00\x00\x00\x05\x00\x00\x00\x00\x00\x00\x00'
West,"b""\xaf'\x00\x00\x00\x00\x00\x00""",b'\x02\x00\x00\x00\x00\x00\x00\x00\x05\x00\x00\x00\x00\x00\x00\x00'
West,b'\xb9)\x00\x00\x00\x00\x00\x00',b'\x02\x00\x00\x00\x00\x00\x00\x00\x05\x00\x00\x00\x00\x00\x00\x00'
East,b'\xe9\x1d\x00\x00\x00\x00\x00\x00',b'\x02\x00\x00\x00\x00\x00\x00\x00\x05\x00\x00\x00\x00\x00\x00\x00'
East,"b'""#\x00\x00\x00\x00\x00\x00'",b'\x02\x00\x00\x00\x00\x00\x00\x00\x05\x00\x00\x00\x00\x00\x00\x00'
South,b'\x9b\x08\x00\x00\x00\x00\x00\x00',b'\x02\x00\x00\x00\x00\x00\x00\x00\x05\x00\x00\x00\x00\x00\x00\x00'
East,b'\x9d\x11\x00\x00\x00\x00\x00\x00',b'\x02\x00\x00\x00\x00\x00\x00\x00\x05\x00\x00\x00\x00\x00\x00\x00'
South,b'\xe3$\x00\x00\x00\x00\x00\x00',b'\x02\x00\x00\x00\x00\x00\x00\x00\x05\x00\x00\x00\x00\x00\x00\x00'
Central,b'\xad\x17\x00\x00\x00\x00\x00\x00',b'\x02\x00\x00\x00\x00\x00\x00\x00\x05\x00\x00\x00\x00\x00\x00\x00'
South,b'\xc0)\x00\x00\x00\x00\x00\x00',b'\x02\x00\x00\x00\x00\x00\x00\x00\x05\x00\x00\x00\x00\x00\x00\x00'
West,b'\x86&\x00\x00\x00\x00\x00\x00',b'\x02\x00\x00\x00\x00\x00\x00\x00\x05\x00\x00\x00\x00\x00\x00\x00'
East,b'\x01%\x00\x00\x00\x00\x00\x00',b'\x02\x00\x00\x00\x00\x00\x00\x00\x05\x00\x00\x00\x00\x00\x00\x00'
Central,b'\xf1\x00\x00\x00\x00\x00\x00\x00',b'\x02\x00\x00\x00\x00\x00\x00\x00\x05\x00\x00\x00\x00\x00\x00\x00'
South,b'\xc2\x1a\x00\x00\x00\x00\x00\x00',b'\x02\x00\x00\x00\x00\x00\x00\x00\x04\x00\x00\x00\x00\x00\x00\x00\x07\x00\x00\x00\x00\x00\x00\x00\x04\x00\x00\x00\x00\x00\x00\x00'
South,b'\xa7\x03\x00\x00\x00\x00\x00\x00',b'\x02\x00\x00\x00\x00\x00\x00\x00\x04\x00\x00\x00\x00\x00\x00\x00\x05\x00\x00\x00\x00\x00\x00\x00\x02\x00\x00\x00\x00\x00\x00\x00'
West,"b'""$\x00\x00\x00\x00\x00\x00'",b'\x02\x00\x00\x00\x00\x00\x00\x00\x04\x00\x00\x00\x00\x00\x00\x00\x04\x00\x00\x00\x00\x00\x00\x00'
East,b'\xce\x1d\x00\x00\x00\x00\x00\x00',b'\x02\x00\x00\x00\x00\x00\x00\x00\x04\x00\x00\x00\x00\x00\x00\x00\x04\x00\x00\x00\x00\x00\x00\x00'
West,b'\x80\x10\x00\x00\x00\x00\x00\x00',b'\x02\x00\x00\x00\x00\x00\x00\x00\x04\x00\x00\x00\x00\x00\x00\x00\x03\x00\x00\x00\x00\x00\x00\x00\x05\x00\x00\x00\x00\x00\x00\x00'
West,b'&\x1b\x00\x00\x00\x00\x00\x00',b'\x02\x00\x00\x00\x00\x00\x00\x00\x04\x00\x00\x00\x00\x00\x00\x00\x03\x00\x00\x00\x00\x00\x00\x00\x05\x00\x00\x00\x00\x00\x00\x00'
West,b'\xca\x1a\x00\x00\x00\x00\x00\x00',b'\x02\x00\x00\x00\x00\x00\x00\x00\x04\x00\x00\x00\x00\x00\x00\x00\x03\x00\x00\x00\x00\x00\x00\x00'
Central,b'\xad\x10\x00\x00\x00\x00\x00\x00',b'\x02\x00\x00\x00\x00\x00\x00\x00\x04\x00\x00\x00\x00\x00\x00\x00\x03\x00\x00\x00\x00\x00\x00\x00'
West,b'\xac\x12\x00\x00\x00\x00\x00\x00',b'\x02\x00\x00\x00\x00\x00\x00\x00\x04\x00\x00\x00\x00\x00\x00\x00\x03\x00\x00\x00\x00\x00\x00\x00'
West,b'\xf5\n\x00\x00\x00\x00\x00\x00',b'\x02\x00\x00\x00\x00\x00\x00\x00\x04\x00\x00\x00\x00\x00\x00\x00\x03\x00\x00\x00\x00\x00\x00\x00'
East,"b""\x91'\x00\x00\x00\x00\x00\x00""",b'\x02\x00\x00\x00\x00\x00\x00\x00\x04\x00\x00\x00\x00\x00\x00\x00\x03\x00\x00\x00\x00\x00\x00\x00'
West,b'\xba\x01\x00\x00\x00\x00\x00\x00',b'\x02\x00\x00\x00\x00\x00\x00\x00\x04\x00\x00\x00\x00\x00\x00\x00\x03\x00\x00\x00\x00\x00\x00\x00'
West,b'>\x0b\x00\x00\x00\x00\x00\x00',b'\x02\x00\x00\x00\x00\x00\x00\x00\x04\x00\x00\x00\x00\x00\x00\x00\x03\x00\x00\x00\x00\x00\x00\x00'
East,b'\x84\x10\x00\x00\x00\x00\x00\x00',b'\x02\x00\x00\x00\x00\x00\x00\x00\x04\x00\x00\x00\x00\x00\x00\x00\x02\x00\x00\x00\x00\x00\x00\x00'
East,"b""\x1c'\x00\x00\x00\x00\x00\x00""",b'\x02\x00\x00\x00\x00\x00\x00\x00\x04\x00\x00\x00\x00\x00\x00\x00\x02\x00\x00\x00\x00\x00\x00\x00'
Central,"b""\xb2'\x00\x00\x00\x00\x00\x00""",b'\x02\x00\x00\x00\x00\x00\x00\x00\x04\x00\x00\x00\x00\x00\x00\x00\x02\x00\x00\x00\x00\x00\x00\x00'
Central,b'\x91\x10\x00\x00\x00\x00\x00\x00',b'\x02\x00\x00\x00\x00\x00\x00\x00\x04\x00\x00\x00\x00\x00\x00\x00\x02\x00\x00\x00\x00\x00\x00\x00'
East,b'\xd3(\x00\x00\x00\x00\x00\x00',b'\x02\x00\x00\x00\x00\x00\x00\x00\x04\x00\x00\x00\x00\x00\x00\x00\x01\x00\x00\x00\x00\x00\x00\x00'
West,b'\x9d\x02\x00\x00\x00\x00\x00\x00',b'\x02\x00\x00\x00\x00\x00\x00\x00\x04\x00\x00\x00\x00\x00\x00\x00\x01\x00\x00\x00\x00\x00\x00\x00'
South,b' \x1e\x00\x00\x00\x00\x00\x00',b'\x02\x00\x00\x00\x00\x00\x00\x00\x04\x00\x00\x00\x00\x00\x00\x00'
West,b'R#\x00\x00\x00\x00\x00\x00',b'\x02\x00\x00\x00\x00\x00\x00\x00\x04\x00\x00\x00\x00\x00\x00\x00'
East,b'\x80 \x00\x00\x00\x00\x00\x00',b'\x02\x00\x00\x00\x00\x00\x00\x00\x04\x00\x00\x00\x00\x00\x00\x00'
South,b'\x07\x1c\x00\x00\x00\x00\x00\x00',b'\x02\x00\x00\x00\x00\x00\x00\x00\x04\x00\x00\x00\x00\x00\x00\x00'
Central,b'\xd6\x19\x00\x00\x00\x00\x00\x00',b'\x02\x00\x00\x00\x00\x00\x00\x00\x04\x00\x00\x00\x00\x00\x00\x00'
South,b'6\x10\x00\x00\x00\x00\x00\x00',b'\x02\x00\x00\x00\x00\x00\x00\x00\x04\x00\x00\x00\x00\x00\x00\x00'
South,b'\x17%\x00\x00\x00\x00\x00\x00',b'\x02\x00\x00\x00\x00\x00\x00\x00\x04\x00\x00\x00\x00\x00\x00\x00'
East,b'\x02\x0c\x00\x00\x00\x00\x00\x00',b'\x02\x00\x00\x00\x00\x00\x00\x00\x04\x00\x00\x00\x00\x00\x00\x00'
South,b'\x86%\x00\x00\x00\x00\x00\x00',b'\x02\x00\x00\x00\x00\x00\x00\x00\x04\x00\x00\x00\x00\x00\x00\x00'
West,b'\x99\x1f\x00\x00\x00\x00\x00\x00',b'\x02\x00\x00\x00\x00\x00\x00\x00\x04\x00\x00\x00\x00\x00\x00\x00'
Central,b'!\x10\x00\x00\x00\x00\x00\x00',b'\x02\x00\x00\x00\x00\x00\x00\x00\x04\x00\x00\x00\x00\x00\x00\x00'
East,b'\xae)\x00\x00\x00\x00\x00\x00',b'\x02\x00\x00\x00\x00\x00\x00\x00\x04\x00\x00\x00\x00\x00\x00\x00'
Central,b'l\x11\x00\x00\x00\x00\x00\x00',b'\x02\x00\x00\x00\x00\x00\x00\x00\x04\x00\x00\x00\x00\x00\x00\x00'
West,b'\xbe\x0b\x00\x00\x00\x00\x00\x00',b'\x02\x00\x00\x00\x00\x00\x00\x00\x04\x00\x00\x00\x00\x00\x00\x00'
Central,b'\x88\x1e\x00\x00\x00\x00\x00\x00',b'\x02\x00\x00\x00\x00\x00\x00\x00\x04\x00\x00\x00\x00\x00\x00\x00'
East,b'u)\x00\x00\x00\x00\x00\x00',b'\x02\x00\x00\x00\x00\x00\x00\x00\x04\x00\x00\x00\x00\x00\x00\x00'
East,b'\x1d#\x00\x00\x00\x00\x00\x00',b'\x02\x00\x00\x00\x00\x00\x00\x00\x03\x00\x00\x00\x00\x00\x00\x00\t\x00\x00\x00\x00\x00\x00\x00'
East,b'U\x1d\x00\x00\x00\x00\x00\x00',b'\x02\x00\x00\x00\x00\x00\x00\x00\x03\x00\x00\x00\x00\x00\x00\x00\x08\x00\x00\x00\x00\x00\x00\x00\x02\x00\x00\x00\x00\x00\x00\x00'
Central,b'\x8d\x00\x00\x00\x00\x00\x00\x00',b'\x02\x00\x00\x00\x00\x00\x00\x00\x03\x00\x00\x00\x00\x00\x00\x00\x08\x00\x00\x00\x00\x00\x00\x00'
South,b'z\n\x00\x00\x00\x00\x00\x00',b'\x02\x00\x00\x00\x00\x00\x00\x00\x03\x00\x00\x00\x00\x00\x00\x00\x07\x00\x00\x00\x00\x00\x00\x00'
West,b'\x0e&\x00\x00\x00\x00\x00\x00',b'\x02\x00\x00\x00\x00\x00\x00\x00\x03\x00\x00\x00\x00\x00\x00\x00\x05\x00\x00\x00\x00\x00\x00\x00\x03\x00\x00\x00\x00\x00\x00\x00'
West,b'\x97!\x00\x00\x00\x00\x00\x00',b'\x02\x00\x00\x00\x00\x00\x00\x00\x03\x00\x00\x00\x00\x00\x00\x00\x05\x00\x00\x00\x00\x00\x00\x00\x03\x00\x00\x00\x00\x00\x00\x00'
West,b'\xd8&\x00\x00\x00\x00\x00\x00',b'\x02\x00\x00\x00\x00\x00\x00\x00\x03\x00\x00\x00\x00\x00\x00\x00\x05\x00\x00\x00\x00\x00\x00\x00\x02\x00\x00\x00\x00\x00\x00\x00'
Central,b'\xde\x14\x00\x00\x00\x00\x00\x00',b'\x02\x00\x00\x00\x00\x00\x00\x00\x03\x00\x00\x00\x00\x00\x00\x00\x05\x00\x00\x00\x00\x00\x00\x00'
West,b'\xa9\t\x00\x00\x00\x00\x00\x00',b'\x02\x00\x00\x00\x00\x00\x00\x00\x03\x00\x00\x00\x00\x00\x00\x00\x04\x00\x00\x00\x00\x00\x00\x00'
East,b'\xb1$\x00\x00\x00\x00\x00\x00',b'\x02\x00\x00\x00\x00\x00\x00\x00\x03\x00\x00\x00\x00\x00\x00\x00\x03\x00\x00\x00\x00\x00\x00\x00\x04\x00\x00\x00\x00\x00\x00\x00'
East,b'\x18\x0b\x00\x00\x00\x00\x00\x00',b'\x02\x00\x00\x00\x00\x00\x00\x00\x03\x00\x00\x00\x00\x00\x00\x00\x03\x00\x00\x00\x00\x00\x00\x00\x04\x00\x00\x00\x00\x00\x00\x00'
West,b'\x0c\x06\x00\x00\x00\x00\x00\x00',b'\x02\x00\x00\x00\x00\x00\x00\x00\x03\x00\x00\x00\x00\x00\x00\x00\x03\x00\x00\x00\x00\x00\x00\x00\x03\x00\x00\x00\x00\x00\x00\x00'
Central,b'\xbd\x1f\x00\x00\x00\x00\x00\x00',b'\x02\x00\x00\x00\x00\x00\x00\x00\x03\x00\x00\x00\x00\x00\x00\x00\x03\x00\x00\x00\x00\x00\x00\x00\x02\x00\x00\x00\x00\x00\x00\x00'
East,b'\xbb\x1b\x00\x00\x00\x00\x00\x00',b'\x02\x00\x00\x00\x00\x00\x00\x00\x03\x00\x00\x00\x00\x00\x00\x00\x03\x00\x00\x00\x00\x00\x00\x00\x02\x00\x00\x00\x00\x00\x00\x00'
East,b'\xfb\x1e\x00\x00\x00\x00\x00\x00',b'\x02\x00\x00\x00\x00\x00\x00\x00\x03\x00\x00\x00\x00\x00\x00\x00\x03\x00\x00\x00\x00\x00\x00\x00\x01\x00\x00\x00\x00\x00\x00\x00'
Central,"b'"")\x00\x00\x00\x00\x00\x00'",b'\x02\x00\x00\x00\x00\x00\x00\x00\x03\x00\x00\x00\x00\x00\x00\x00\x03\x00\x00\x00\x00\x00\x00\x00\x01\x00\x00\x00\x00\x00\x00\x00'
East,b'k%\x00\x00\x00\x00\x00\x00',b'\x02\x00\x00\x00\x00\x00\x00\x00\x03\x00\x00\x00\x00\x00\x00\x00\x03\x00\x00\x00\x00\x00\x00\x00'
East,b'_\t\x00\x00\x00\x00\x00\x00',b'\x02\x00\x00\x00\x00\x00\x00\x00\x03\x00\x00\x00\x00\x00\x00\x00\x03\x00\x00\x00\x00\x00\x00\x00'
East,b'L\t\x00\x00\x00\x00\x00\x00',b'\x02\x00\x00\x00\x00\x00\x00\x00\x03\x00\x00\x00\x00\x00\x00\x00\x03\x00\x00\x00\x00\x00\x00\x00'
South,b'\xc0\x0e\x00\x00\x00\x00\x00\x00',b'\x02\x00\x00\x00\x00\x00\x00\x00\x03\x00\x00\x00\x00\x00\x00\x00\x03\x00\x00\x00\x00\x00\x00\x00'
East,b'\x82%\x00\x00\x00\x00\x00\x00',b'\x02\x00\x00\x00\x00\x00\x00\x00\x03\x00\x00\x00\x00\x00\x00\x00\x03\x00\x00\x00\x00\x00\x00\x00'
East,"b""Q'\x00\x00\x00\x00\x00\x00""",b'\x02\x00\x00\x00\x00\x00\x00\x00\x03\x00\x00\x00\x00\x00\x00\x00\x03\x00\x00\x00\x00\x00\x00\x00'
West,b'\xe3&\x00\x00\x00\x00\x00\x00',b'\x02\x00\x00\x00\x00\x00\x00\x00\x03\x00\x00\x00\x00\x00\x00\x00\x02\x00\x00\x00\x00\x00\x00\x00\x02\x00\x00\x00\x00\x00\x00\x00\x02\x00\x00\x00\x00\x00\x00\x00'
South,b'\x19(\x00\x00\x00\x00\x00\x00',b'\x02\x00\x00\x00\x00\x00\x00\x00\x03\x00\x00\x00\x00\x00\x00\x00\x02\x00\x00\x00\x00\x00\x00\x00\x02\x00\x00\x00\x00\x00\x00\x00'
East,b'G&\x00\x00\x00\x00\x00\x00',b'\x02\x00\x00\x00\x00\x00\x00\x00\x03\x00\x00\x00\x00\x00\x00\x00\x02\x00\x00\x00\x00\x00\x00\x00\x02\x00\x00\x00\x00\x00\x00\x00'
East,b'\xb9\x10\x00\x00\x00\x00\x00\x00',b'\x02\x00\x00\x00\x00\x00\x00\x00\x03\x00\x00\x00\x00\x00\x00\x00\x02\x00\x00\x00\x00\x00\x00\x00\x01\x00\x00\x00\x00\x00\x00\x00\x01\x00\x00\x00\x00\x00\x00\x00'
East,"b""`'\x00\x00\x00\x00\x00\x00""",b'\x02\x00\x00\x00\x00\x00\x00\x00\x03\x00\x00\x00\x00\x00\x00\x00\x02\x00\x00\x00\x00\x00\x00\x00\x01\x00\x00\x00\x00\x00\x00\x00'
East,b'3%\x00\x00\x00\x00\x00\x00',b'\x02\x00\x00\x00\x00\x00\x00\x00\x03\x00\x00\x00\x00\x00\x00\x00\x02\x00\x00\x00\x00\x00\x00\x00\x01\x00\x00\x00\x00\x00\x00\x00'
East,b'\x08\x04\x00\x00\x00\x00\x00\x00',b'\x02\x00\x00\x00\x00\x00\x00\x00\x03\x00\x00\x00\x00\x00\x00\x00\x02\x00\x00\x00\x00\x00\x00\x00'
West,b't\x1c\x00\x00\x00\x00\x00\x00',b'\x02\x00\x00\x00\x00\x00\x00\x00\x03\x00\x00\x00\x00\x00\x00\x00\x02\x00\x00\x00\x00\x00\x00\x00'
West,"b""\xd2'\x00\x00\x00\x00\x00\x00""",b'\x02\x00\x00\x00\x00\x00\x00\x00\x03\x00\x00\x00\x00\x00\x00\x00\x02\x00\x00\x00\x00\x00\x00\x00'
East,"b's""\x00\x00\x00\x00\x00\x00'",b'\x02\x00\x00\x00\x00\x00\x00\x00\x03\x00\x00\x00\x00\x00\x00\x00\x02\x00\x00\x00\x00\x00\x00\x00'
Central,b'\xd4)\x00\x00\x00\x00\x00\x00',b'\x02\x00\x00\x00\x00\x00\x00\x00\x03\x00\x00\x00\x00\x00\x00\x00\x02\x00\x00\x00\x00\x00\x00\x00'
Central,b'<\r\x00\x00\x00\x00\x00\x00',b'\x02\x00\x00\x00\x00\x00\x00\x00\x03\x00\x00\x00\x00\x00\x00\x00\x02\x00\x00\x00\x00\x00\x00\x00'
South,b'R#\x00\x00\x00\x00\x00\x00',b'\x02\x00\x00\x00\x00\x00\x00\x00\x03\x00\x00\x00\x00\x00\x00\x00\x02\x00\x00\x00\x00\x00\x00\x00'
Central,b'\xcb\x18\x00\x00\x00\x00\x00\x00',b'\x02\x00\x00\x00\x00\x00\x00\x00\x03\x00\x00\x00\x00\x00\x00\x00\x02\x00\x00\x00\x00\x00\x00\x00'
East,b'n\x03\x00\x00\x00\x00\x00\x00',b'\x02\x00\x00\x00\x00\x00\x00\x00\x03\x00\x00\x00\x00\x00\x00\x00\x02\x00\x00\x00\x00\x00\x00\x00'
Central,b'\x7f\x14\x00\x00\x00\x00\x00\x00',b'\x02\x00\x00\x00\x00\x00\x00\x00\x03\x00\x00\x00\x00\x00\x00\x00\x02\x00\x00\x00\x00\x00\x00\x00'
Central,b'\x02$\x00\x00\x00\x00\x00\x00',b'\x02\x00\x00\x00\x00\x00\x00\x00\x03\x00\x00\x00\x00\x00\x00\x00\x02\x00\x00\x00\x00\x00\x00\x00'
Central,b'\xe4\x03\x00\x00\x00\x00\x00\x00',b'\x02\x00\x00\x00\x00\x00\x00\x00\x03\x00\x00\x00\x00\x00\x00\x00\x02\x00\x00\x00\x00\x00\x00\x00'
East,b'\xad\x0b\x00\x00\x00\x00\x00\x00',b'\x02\x00\x00\x00\x00\x00\x00\x00\x03\x00\x00\x00\x00\x00\x00\x00\x01\x00\x00\x00\x00\x00\x00\x00\x02\x00\x00\x00\x00\x00\x00\x00'
West,b'\x04&\x00\x00\x00\x00\x00\x00',b'\x02\x00\x00\x00\x00\x00\x00\x00\x03\x00\x00\x00\x00\x00\x00\x00\x01\x00\x00\x00\x00\x00\x00\x00\x01\x00\x00\x00\x00\x00\x00\x00'
East,b'u\x03\x00\x00\x00\x00\x00\x00',b'\x02\x00\x00\x00\x00\x00\x00\x00\x03\x00\x00\x00\x00\x00\x00\x00\x01\x00\x00\x00\x00\x00\x00\x00\x01\x00\x00\x00\x00\x00\x00\x00'
East,b'\x8a\x1f\x00\x00\x00\x00\x00\x00',b'\x02\x00\x00\x00\x00\x00\x00\x00\x03\x00\x00\x00\x00\x00\x00\x00\x01\x00\x00\x00\x00\x00\x00\x00'
South,b'M\x11\x00\x00\x00\x00\x00\x00',b'\x02\x00\x00\x00\x00\x00\x00\x00\x03\x00\x00\x00\x00\x00\x00\x00\x01\x00\x00\x00\x00\x00\x00\x00'
East,b'\x90(\x00\x00\x00\x00\x00\x00',b'\x02\x00\x00\x00\x00\x00\x00\x00\x03\x00\x00\x00\x00\x00\x00\x00\x01\x00\x00\x00\x00\x00\x00\x00'
South,b't\x15\x00\x00\x00\x00\x00\x00',b'\x02\x00\x00\x00\x00\x00\x00\x00\x03\x00\x00\x00\x00\x00\x00\x00'
Central,b'~\x11\x00\x00\x00\x00\x00\x00',b'\x02\x00\x00\x00\x00\x00\x00\x00\x03\x00\x00\x00\x00\x00\x00\x00'
Central,b'\n$\x00\x00\x00\x00\x00\x00',b'\x02\x00\x00\x00\x00\x00\x00\x00\x03\x00\x00\x00\x00\x00\x00\x00'
Central,b'\xeb\x19\x00\x00\x00\x00\x00\x00',b'\x02\x00\x00\x00\x00\x00\x00\x00\x03\x00\x00\x00\x00\x00\x00\x00'
Central,b'\xd7\x1a\x00\x00\x00\x00\x00\x00',b'\x02\x00\x00\x00\x00\x00\x00\x00\x03\x00\x00\x00\x00\x00\x00\x00'
West,b'\xf2\x03\x00\x00\x00\x00\x00\x00',b'\x02\x00\x00\x00\x00\x00\x00\x00\x03\x00\x00\x00\x00\x00\x00\x00'
South,b'o)\x00\x00\x00\x00\x00\x00',b'\x02\x00\x00\x00\x00\x00\x00\x00\x03\x00\x00\x00\x00\x00\x00\x00'
Central,b'&\x1b\x00\x00\x00\x00\x00\x00',b'\x02\x00\x00\x00\x00\x00\x00\x00\x03\x00\x00\x00\x00\x00\x00\x00'
West,b'\x11\x17\x00\x00\x00\x00\x00\x00',b'\x02\x00\x00\x00\x00\x00\x00\x00\x03\x00\x00\x00\x00\x00\x00\x00'
South,b'U\x05\x00\x00\x00\x00\x00\x00',b'\x02\x00\x00\x00\x00\x00\x00\x00\x03\x00\x00\x00\x00\x00\x00\x00'
South,b'C\x01\x00\x00\x00\x00\x00\x00',b'\x02\x00\x00\x00\x00\x00\x00\x00\x03\x00\x00\x00\x00\x00\x00\x00'
Central,b'u\r\x00\x00\x00\x00\x00\x00',b'\x02\x00\x00\x00\x00\x00\x00\x00\x03\x00\x00\x00\x00\x00\x00\x00'
East,b'\xbc)\x00\x00\x00\x00\x00\x00',b'\x02\x00\x00\x00\x00\x00\x00\x00\x03\x00\x00\x00\x00\x00\x00\x00'
Central,b'\x9c\x0b\x00\x00\x00\x00\x00\x00',b'\x02\x00\x00\x00\x00\x00\x00\x00\x03\x00\x00\x00\x00\x00\x00\x00'
Central,b'(\x03\x00\x00\x00\x00\x00\x00',b'\x02\x00\x00\x00\x00\x00\x00\x00\x03\x00\x00\x00\x00\x00\x00\x00'
Central,b'\xd7&\x00\x00\x00\x00\x00\x00',b'\x02\x00\x00\x00\x00\x00\x00\x00\x03\x00\x00\x00\x00\x00\x00\x00'
South,b'^&\x00\x00\x00\x00\x00\x00',b'\x02\x00\x00\x00\x00\x00\x00\x00\x03\x00\x00\x00\x00\x00\x00\x00'
East,b'\x03\n\x00\x00\x00\x00\x00\x00',b'\x02\x00\x00\x00\x00\x00\x00\x00\x03\x00\x00\x00\x00\x00\x00\x00'
Central,b'\xc7\x10\x00\x00\x00\x00\x00\x00',b'\x02\x00\x00\x00\x00\x00\x00\x00\x03\x00\x00\x00\x00\x00\x00\x00'
West,b'\xd9 \x00\x00\x00\x00\x00\x00',b'\x02\x00\x00\x00\x00\x00\x00\x00\x03\x00\x00\x00\x00\x00\x00\x00'
West,b'w\x02\x00\x00\x00\x00\x00\x00',b'\x02\x00\x00\x00\x00\x00\x00\x00\x03\x00\x00\x00\x00\x00\x00\x00'
West,b'\xb7\x10\x00\x00\x00\x00\x00\x00',b'\x02\x00\x00\x00\x00\x00\x00\x00\x03\x00\x00\x00\x00\x00\x00\x00'
West,b'w)\x00\x00\x00\x00\x00\x00',b'\x02\x00\x00\x00\x00\x00\x00\x00\x03\x00\x00\x00\x00\x00\x00\x00'
West,b'Y\r\x00\x00\x00\x00\x00\x00',b'\x02\x00\x00\x00\x00\x00\x00\x00\x03\x00\x00\x00\x00\x00\x00\x00'
South,b'\x16\x11\x00\x00\x00\x00\x00\x00',b'\x02\x00\x00\x00\x00\x00\x00\x00\x03\x00\x00\x00\x00\x00\x00\x00'
West,b'}!\x00\x00\x00\x00\x00\x00',b'\x02\x00\x00\x00\x00\x00\x00\x00\x03\x00\x00\x00\x00\x00\x00\x00'
West,b'\xf9\x1e\x00\x00\x00\x00\x00\x00',b'\x02\x00\x00\x00\x00\x00\x00\x00\x03\x00\x00\x00\x00\x00\x00\x00'
Central,b'\xd2\x0e\x00\x00\x00\x00\x00\x00',b'\x02\x00\x00\x00\x00\x00\x00\x00\x03\x00\x00\x00\x00\x00\x00\x00'
Central,"b""\x0c'\x00\x00\x00\x00\x00\x00""",b'\x02\x00\x00\x00\x00\x00\x00\x00\x03\x00\x00\x00\x00\x00\x00\x00'
Central,b'{\x1f\x00\x00\x00\x00\x00\x00',b'\x02\x00\x00\x00\x00\x00\x00\x00\x03\x00\x00\x00\x00\x00\x00\x00'
Central,b'\x80\x10\x00\x00\x00\x00\x00\x00',b'\x02\x00\x00\x00\x00\x00\x00\x00\x03\x00\x00\x00\x00\x00\x00\x00'
South,b'\x94\x07\x00\x00\x00\x00\x00\x00',b'\x02\x00\x00\x00\x00\x00\x00\x00\x03\x00\x00\x00\x00\x00\x00\x00'
Central,"b""\xd2'\x00\x00\x00\x00\x00\x00""",b'\x02\x00\x00\x00\x00\x00\x00\x00\x03\x00\x00\x00\x00\x00\x00\x00'
Central,b'\x82\x06\x00\x00\x00\x00\x00\x00',b'\x02\x00\x00\x00\x00\x00\x00\x00\x03\x00\x00\x00\x00\x00\x00\x00'
West,b'\xb9\x1f\x00\x00\x00\x00\x00\x00',b'\x02\x00\x00\x00\x00\x00\x00\x00\x03\x00\x00\x00\x00\x00\x00\x00'
West,b'\x87%\x00\x00\x00\x00\x00\x00',b'\x02\x00\x00\x00\x00\x00\x00\x00\x03\x00\x00\x00\x00\x00\x00\x00'
East,b'\xe6\r\x00\x00\x00\x00\x00\x00',b'\x02\x00\x00\x00\x00\x00\x00\x00\x03\x00\x00\x00\x00\x00\x00\x00'
West,"b""X'\x00\x00\x00\x00\x00\x00""",b'\x02\x00\x00\x00\x00\x00\x00\x00\x03\x00\x00\x00\x00\x00\x00\x00'
Central,"b'\x83""\x00\x00\x00\x00\x00\x00'",b'\x02\x00\x00\x00\x00\x00\x00\x00\x03\x00\x00\x00\x00\x00\x00\x00'
East,b'\xd3$\x00\x00\x00\x00\x00\x00',b'\x02\x00\x00\x00\x00\x00\x00\x00\x03\x00\x00\x00\x00\x00\x00\x00'
Central,b'y\x02\x00\x00\x00\x00\x00\x00',b'\x02\x00\x00\x00\x00\x00\x00\x00\x03\x00\x00\x00\x00\x00\x00\x00'
Central,b'\xd9\x04\x00\x00\x00\x00\x00\x00',b'\x02\x00\x00\x00\x00\x00\x00\x00\x03\x00\x00\x00\x00\x00\x00\x00'
West,b'\x9c\x0b\x00\x00\x00\x00\x00\x00',b'\x02\x00\x00\x00\x00\x00\x00\x00\x03\x00\x00\x00\x00\x00\x00\x00'
West,b'\xf6\x0e\x00\x00\x00\x00\x00\x00',b'\x02\x00\x00\x00\x00\x00\x00\x00\x03\x00\x00\x00\x00\x00\x00\x00'
Central,"b""\xd3'\x00\x00\x00\x00\x00\x00""",b'\x02\x00\x00\x00\x00\x00\x00\x00\x03\x00\x00\x00\x00\x00\x00\x00'
South,b'n(\x00\x00\x00\x00\x00\x00',b'\x02\x00\x00\x00\x00\x00\x00\x00\x03\x00\x00\x00\x00\x00\x00\x00'
West,b'_\t\x00\x00\x00\x00\x00\x00',b'\x02\x00\x00\x00\x00\x00\x00\x00\x03\x00\x00\x00\x00\x00\x00\x00'
Central,b'\xba%\x00\x00\x00\x00\x00\x00',b'\x02\x00\x00\x00\x00\x00\x00\x00\x03\x00\x00\x00\x00\x00\x00\x00'
West,b'8\x08\x00\x00\x00\x00\x00\x00',b'\x02\x00\x00\x00\x00\x00\x00\x00\x03\x00\x00\x00\x00\x00\x00\x00'
Central,b'>\x02\x00\x00\x00\x00\x00\x00',b'\x02\x00\x00\x00\x00\x00\x00\x00\x03\x00\x00\x00\x00\x00\x00\x00'
Central,b'\xc4\x01\x00\x00\x00\x00\x00\x00',b'\x02\x00\x00\x00\x00\x00\x00\x00\x03\x00\x00\x00\x00\x00\x00\x00'
West,b'k)\x00\x00\x00\x00\x00\x00',b'\x02\x00\x00\x00\x00\x00\x00\x00\x03\x00\x00\x00\x00\x00\x00\x00'
South,b'\x1b!\x00\x00\x00\x00\x00\x00',b'\x02\x00\x00\x00\x00\x00\x00\x00\x03\x00\x00\x00\x00\x00\x00\x00'
South,b';(\x00\x00\x00\x00\x00\x00',b'\x02\x00\x00\x00\x00\x00\x00\x00\x03\x00\x00\x00\x00\x00\x00\x00'
Central,b'\xc1\x04\x00\x00\x00\x00\x00\x00',b'\x02\x00\x00\x00\x00\x00\x00\x00\x03\x00\x00\x00\x00\x00\x00\x00'
South,b'\xd7&\x00\x00\x00\x00\x00\x00',b'\x02\x00\x00\x00\x00\x00\x00\x00\x03\x00\x00\x00\x00\x00\x00\x00'
East,b'\xff\x06\x00\x00\x00\x00\x00\x00',b'\x02\x00\x00\x00\x00\x00\x00\x00\x03\x00\x00\x00\x00\x00\x00\x00'
East,"b'\xfe""\x00\x00\x00\x00\x00\x00'",b'\x02\x00\x00\x00\x00\x00\x00\x00\x03\x00\x00\x00\x00\x00\x00\x00'
West,b'\xe0\x1e\x00\x00\x00\x00\x00\x00',b'\x02\x00\x00\x00\x00\x00\x00\x00\x03\x00\x00\x00\x00\x00\x00\x00'
South,b'y\x02\x00\x00\x00\x00\x00\x00',b'\x02\x00\x00\x00\x00\x00\x00\x00\x03\x00\x00\x00\x00\x00\x00\x00'
South,b'!\x05\x00\x00\x00\x00\x00\x00',b'\x02\x00\x00\x00\x00\x00\x00\x00\x03\x00\x00\x00\x00\x00\x00\x00'
Central,b'a!\x00\x00\x00\x00\x00\x00',b'\x02\x00\x00\x00\x00\x00\x00\x00\x03\x00\x00\x00\x00\x00\x00\x00'
South,b'\xad!\x00\x00\x00\x00\x00\x00',b'\x02\x00\x00\x00\x00\x00\x00\x00\x03\x00\x00\x00\x00\x00\x00\x00'
West,b'\xaf)\x00\x00\x00\x00\x00\x00',b'\x02\x00\x00\x00\x00\x00\x00\x00\x03\x00\x00\x00\x00\x00\x00\x00'
West,b'6\x10\x00\x00\x00\x00\x00\x00',b'\x02\x00\x00\x00\x00\x00\x00\x00\x03\x00\x00\x00\x00\x00\x00\x00'
West,b'L\t\x00\x00\x00\x00\x00\x00',b'\x02\x00\x00\x00\x00\x00\x00\x00\x03\x00\x00\x00\x00\x00\x00\x00'
Central,b'6$\x00\x00\x00\x00\x00\x00',b'\x02\x00\x00\x00\x00\x00\x00\x00\x03\x00\x00\x00\x00\x00\x00\x00'
South,b'\xbd\x05\x00\x00\x00\x00\x00\x00',b'\x02\x00\x00\x00\x00\x00\x00\x00\x03\x00\x00\x00\x00\x00\x00\x00'
West,b'\xd8\x12\x00\x00\x00\x00\x00\x00',b'\x02\x00\x00\x00\x00\x00\x00\x00\x03\x00\x00\x00\x00\x00\x00\x00'
East,b'\xae%\x00\x00\x00\x00\x00\x00',b'\x02\x00\x00\x00\x00\x00\x00\x00\x03\x00\x00\x00\x00\x00\x00\x00'
East,b'>\x0c\x00\x00\x00\x00\x00\x00',b'\x02\x00\x00\x00\x00\x00\x00\x00\x03\x00\x00\x00\x00\x00\x00\x00'
West,b'Q\x13\x00\x00\x00\x00\x00\x00',b'\x02\x00\x00\x00\x00\x00\x00\x00\x03\x00\x00\x00\x00\x00\x00\x00'
East,b'=%\x00\x00\x00\x00\x00\x00',b'\x02\x00\x00\x00\x00\x00\x00\x00\x03\x00\x00\x00\x00\x00\x00\x00'
East,"b""'\x1e\x00\x00\x00\x00\x00\x00""",b'\x02\x00\x00\x00\x00\x00\x00\x00\x03\x00\x00\x00\x00\x00\x00\x00'
Central,b'i)\x00\x00\x00\x00\x00\x00',b'\x02\x00\x00\x00\x00\x00\x00\x00\x03\x00\x00\x00\x00\x00\x00\x00'
West,"b""\x91'\x00\x00\x00\x00\x00\x00""",b'\x02\x00\x00\x00\x00\x00\x00\x00\x03\x00\x00\x00\x00\x00\x00\x00'
Central,b'i\x1c\x00\x00\x00\x00\x00\x00',b'\x02\x00\x00\x00\x00\x00\x00\x00\x03\x00\x00\x00\x00\x00\x00\x00'
West,"b""\x8e'\x00\x00\x00\x00\x00\x00""",b'\x02\x00\x00\x00\x00\x00\x00\x00\x03\x00\x00\x00\x00\x00\x00\x00'
East,b'v\x1b\x00\x00\x00\x00\x00\x00',b'\x02\x00\x00\x00\x00\x00\x00\x00\x03\x00\x00\x00\x00\x00\x00\x00'
West,"b'\xc2""\x00\x00\x00\x00\x00\x00'",b'\x02\x00\x00\x00\x00\x00\x00\x00\x03\x00\x00\x00\x00\x00\x00\x00'
Central,"b""4'\x00\x00\x00\x00\x00\x00""",b'\x02\x00\x00\x00\x00\x00\x00\x00\x03\x00\x00\x00\x00\x00\x00\x00'
Central,b'\xfd\t\x00\x00\x00\x00\x00\x00',b'\x02\x00\x00\x00\x00\x00\x00\x00\x02\x00\x00\x00\x00\x00\x00\x00\x06\x00\x00\x00\x00\x00\x00\x00'
Central,b'#)\x00\x00\x00\x00\x00\x00',b'\x02\x00\x00\x00\x00\x00\x00\x00\x02\x00\x00\x00\x00\x00\x00\x00\x05\x00\x00\x00\x00\x00\x00\x00'
East,b'\xf0%\x00\x00\x00\x00\x00\x00',b'\x02\x00\x00\x00\x00\x00\x00\x00\x02\x00\x00\x00\x00\x00\x00\x00\x05\x00\x00\x00\x00\x00\x00\x00'
East,b'\x19\x1f\x00\x00\x00\x00\x00\x00',b'\x02\x00\x00\x00\x00\x00\x00\x00\x02\x00\x00\x00\x00\x00\x00\x00\x05\x00\x00\x00\x00\x00\x00\x00'
Central,b'\xf3\n\x00\x00\x00\x00\x00\x00',b'\x02\x00\x00\x00\x00\x00\x00\x00\x02\x00\x00\x00\x00\x00\x00\x00\x04\x00\x00\x00\x00\x00\x00\x00\x05\x00\x00\x00\x00\x00\x00\x00\x01\x00\x00\x00\x00\x00\x00\x00\x01\x00\x00\x00\x00\x00\x00\x00'
West,b'?!\x00\x00\x00\x00\x00\x00',b'\x02\x00\x00\x00\x00\x00\x00\x00\x02\x00\x00\x00\x00\x00\x00\x00\x04\x00\x00\x00\x00\x00\x00\x00\x03\x00\x00\x00\x00\x00\x00\x00'
East,"b""\xe6'\x00\x00\x00\x00\x00\x00""",b'\x02\x00\x00\x00\x00\x00\x00\x00\x02\x00\x00\x00\x00\x00\x00\x00\x04\x00\x00\x00\x00\x00\x00\x00'
East,b'\xab\x1a\x00\x00\x00\x00\x00\x00',b'\x02\x00\x00\x00\x00\x00\x00\x00\x02\x00\x00\x00\x00\x00\x00\x00\x03\x00\x00\x00\x00\x00\x00\x00\x02\x00\x00\x00\x00\x00\x00\x00'
Central,b';%\x00\x00\x00\x00\x00\x00',b'\x02\x00\x00\x00\x00\x00\x00\x00\x02\x00\x00\x00\x00\x00\x00\x00\x02\x00\x00\x00\x00\x00\x00\x00\x02\x00\x00\x00\x00\x00\x00\x00'
East,b'\xea\x06\x00\x00\x00\x00\x00\x00',b'\x02\x00\x00\x00\x00\x00\x00\x00\x02\x00\x00\x00\x00\x00\x00\x00\x02\x00\x00\x00\x00\x00\x00\x00\x02\x00\x00\x00\x00\x00\x00\x00'
West,"b',\x1f\x00\x00\x00\x00\x00\x00'",b'\x02\x00\x00\x00\x00\x00\x00\x00\x02\x00\x00\x00\x00\x00\x00\x00\x02\x00\x00\x00\x00\x00\x00\x00\x01\x00\x00\x00\x00\x00\x00\x00'
East,b'Q)\x00\x00\x00\x00\x00\x00',b'\x02\x00\x00\x00\x00\x00\x00\x00\x02\x00\x00\x00\x00\x00\x00\x00\x02\x00\x00\x00\x00\x00\x00\x00\x01\x00\x00\x00\x00\x00\x00\x00'
Central,b'\xca&\x00\x00\x00\x00\x00\x00',b'\x02\x00\x00\x00\x00\x00\x00\x00\x02\x00\x00\x00\x00\x00\x00\x00\x02\x00\x00\x00\x00\x00\x00\x00'
West,b'\x18\x16\x00\x00\x00\x00\x00\x00',b'\x02\x00\x00\x00\x00\x00\x00\x00\x02\x00\x00\x00\x00\x00\x00\x00\x02\x00\x00\x00\x00\x00\x00\x00'
West,b'I\x0f\x00\x00\x00\x00\x00\x00',b'\x02\x00\x00\x00\x00\x00\x00\x00\x02\x00\x00\x00\x00\x00\x00\x00\x02\x00\x00\x00\x00\x00\x00\x00'
Central,b'1\x02\x00\x00\x00\x00\x00\x00',b'\x02\x00\x00\x00\x00\x00\x00\x00\x02\x00\x00\x00\x00\x00\x00\x00\x02\x00\x00\x00\x00\x00\x00\x00'
South,b'\xcd\x18\x00\x00\x00\x00\x00\x00',b'\x02\x00\x00\x00\x00\x00\x00\x00\x02\x00\x00\x00\x00\x00\x00\x00\x02\x00\x00\x00\x00\x00\x00\x00'
South,b'\xca&\x00\x00\x00\x00\x00\x00',b'\x02\x00\x00\x00\x00\x00\x00\x00\x02\x00\x00\x00\x00\x00\x00\x00\x02\x00\x00\x00\x00\x00\x00\x00'
West,b'O\x0b\x00\x00\x00\x00\x00\x00',b'\x02\x00\x00\x00\x00\x00\x00\x00\x02\x00\x00\x00\x00\x00\x00\x00\x02\x00\x00\x00\x00\x00\x00\x00'
East,b'\xd0\x11\x00\x00\x00\x00\x00\x00',b'\x02\x00\x00\x00\x00\x00\x00\x00\x02\x00\x00\x00\x00\x00\x00\x00\x02\x00\x00\x00\x00\x00\x00\x00'
West,b'n\x15\x00\x00\x00\x00\x00\x00',b'\x02\x00\x00\x00\x00\x00\x00\x00\x02\x00\x00\x00\x00\x00\x00\x00\x01\x00\x00\x00\x00\x00\x00\x00\x03\x00\x00\x00\x00\x00\x00\x00'
Central,b'()\x00\x00\x00\x00\x00\x00',b'\x02\x00\x00\x00\x00\x00\x00\x00\x02\x00\x00\x00\x00\x00\x00\x00\x01\x00\x00\x00\x00\x00\x00\x00\x02\x00\x00\x00\x00\x00\x00\x00'
East,b'\xae&\x00\x00\x00\x00\x00\x00',b'\x02\x00\x00\x00\x00\x00\x00\x00\x02\x00\x00\x00\x00\x00\x00\x00\x01\x00\x00\x00\x00\x00\x00\x00'
West,b'P\n\x00\x00\x00\x00\x00\x00',b'\x02\x00\x00\x00\x00\x00\x00\x00\x02\x00\x00\x00\x00\x00\x00\x00\x01\x00\x00\x00\x00\x00\x00\x00'
East,b'\xff&\x00\x00\x00\x00\x00\x00',b'\x02\x00\x00\x00\x00\x00\x00\x00\x02\x00\x00\x00\x00\x00\x00\x00\x01\x00\x00\x00\x00\x00\x00\x00'
Central,b'\x85)\x00\x00\x00\x00\x00\x00',b'\x02\x00\x00\x00\x00\x00\x00\x00\x02\x00\x00\x00\x00\x00\x00\x00'
East,b'=\x0f\x00\x00\x00\x00\x00\x00',b'\x02\x00\x00\x00\x00\x00\x00\x00\x02\x00\x00\x00\x00\x00\x00\x00'
West,b'j\n\x00\x00\x00\x00\x00\x00',b'\x02\x00\x00\x00\x00\x00\x00\x00\x02\x00\x00\x00\x00\x00\x00\x00'
East,"b',\x14\x00\x00\x00\x00\x00\x00'",b'\x02\x00\x00\x00\x00\x00\x00\x00\x02\x00\x00\x00\x00\x00\x00\x00'
East,b'\x06\x07\x00\x00\x00\x00\x00\x00',b'\x02\x00\x00\x00\x00\x00\x00\x00\x02\x00\x00\x00\x00\x00\x00\x00'
Central,b'\xf3\x0f\x00\x00\x00\x00\x00\x00',b'\x02\x00\x00\x00\x00\x00\x00\x00\x02\x00\x00\x00\x00\x00\x00\x00'
South,b'W\x1b\x00\x00\x00\x00\x00\x00',b'\x02\x00\x00\x00\x00\x00\x00\x00\x02\x00\x00\x00\x00\x00\x00\x00'
West,b'\x80 \x00\x00\x00\x00\x00\x00',b'\x02\x00\x00\x00\x00\x00\x00\x00\x02\x00\x00\x00\x00\x00\x00\x00'
South,b'#)\x00\x00\x00\x00\x00\x00',b'\x02\x00\x00\x00\x00\x00\x00\x00\x02\x00\x00\x00\x00\x00\x00\x00'
South,b'k%\x00\x00\x00\x00\x00\x00',b'\x02\x00\x00\x00\x00\x00\x00\x00\x02\x00\x00\x00\x00\x00\x00\x00'
West,b'u \x00\x00\x00\x00\x00\x00',b'\x02\x00\x00\x00\x00\x00\x00\x00\x02\x00\x00\x00\x00\x00\x00\x00'
South,b';%\x00\x00\x00\x00\x00\x00',b'\x02\x00\x00\x00\x00\x00\x00\x00\x02\x00\x00\x00\x00\x00\x00\x00'
West,b'{&\x00\x00\x00\x00\x00\x00',b'\x02\x00\x00\x00\x00\x00\x00\x00\x02\x00\x00\x00\x00\x00\x00\x00'
South,b'\xe2&\x00\x00\x00\x00\x00\x00',b'\x02\x00\x00\x00\x00\x00\x00\x00\x02\x00\x00\x00\x00\x00\x00\x00'
Central,b'\x9c!\x00\x00\x00\x00\x00\x00',b'\x02\x00\x00\x00\x00\x00\x00\x00\x02\x00\x00\x00\x00\x00\x00\x00'
South,"b'""%\x00\x00\x00\x00\x00\x00'",b'\x02\x00\x00\x00\x00\x00\x00\x00\x02\x00\x00\x00\x00\x00\x00\x00'
South,b'\xb7\x10\x00\x00\x00\x00\x00\x00',b'\x02\x00\x00\x00\x00\x00\x00\x00\x02\x00\x00\x00\x00\x00\x00\x00'
Central,b'\x9d&\x00\x00\x00\x00\x00\x00',b'\x02\x00\x00\x00\x00\x00\x00\x00\x02\x00\x00\x00\x00\x00\x00\x00'
West,b'\xca!\x00\x00\x00\x00\x00\x00',b'\x02\x00\x00\x00\x00\x00\x00\x00\x02\x00\x00\x00\x00\x00\x00\x00'
West,b'\xcb\x18\x00\x00\x00\x00\x00\x00',b'\x02\x00\x00\x00\x00\x00\x00\x00\x02\x00\x00\x00\x00\x00\x00\x00'
Central,b'\x9f\x13\x00\x00\x00\x00\x00\x00',b'\x02\x00\x00\x00\x00\x00\x00\x00\x02\x00\x00\x00\x00\x00\x00\x00'
East,b'\x18\x17\x00\x00\x00\x00\x00\x00',b'\x02\x00\x00\x00\x00\x00\x00\x00\x02\x00\x00\x00\x00\x00\x00\x00'
West,b'e\x08\x00\x00\x00\x00\x00\x00',b'\x02\x00\x00\x00\x00\x00\x00\x00\x02\x00\x00\x00\x00\x00\x00\x00'
East,b'\x0e\x1b\x00\x00\x00\x00\x00\x00',b'\x02\x00\x00\x00\x00\x00\x00\x00\x02\x00\x00\x00\x00\x00\x00\x00'
West,b'\xb5\x0e\x00\x00\x00\x00\x00\x00',b'\x02\x00\x00\x00\x00\x00\x00\x00\x02\x00\x00\x00\x00\x00\x00\x00'
South,b'\xad\x17\x00\x00\x00\x00\x00\x00',b'\x02\x00\x00\x00\x00\x00\x00\x00\x02\x00\x00\x00\x00\x00\x00\x00'
East,b'R\x19\x00\x00\x00\x00\x00\x00',b'\x02\x00\x00\x00\x00\x00\x00\x00\x02\x00\x00\x00\x00\x00\x00\x00'
West,b'\x8e\x04\x00\x00\x00\x00\x00\x00',b'\x02\x00\x00\x00\x00\x00\x00\x00\x02\x00\x00\x00\x00\x00\x00\x00'
East,b'\xb8\x07\x00\x00\x00\x00\x00\x00',b'\x02\x00\x00\x00\x00\x00\x00\x00\x02\x00\x00\x00\x00\x00\x00\x00'
West,b'*\t\x00\x00\x00\x00\x00\x00',b'\x02\x00\x00\x00\x00\x00\x00\x00\x02\x00\x00\x00\x00\x00\x00\x00'
West,b'\x07\x03\x00\x00\x00\x00\x00\x00',b'\x02\x00\x00\x00\x00\x00\x00\x00\x02\x00\x00\x00\x00\x00\x00\x00'
West,b'+%\x00\x00\x00\x00\x00\x00',b'\x02\x00\x00\x00\x00\x00\x00\x00\x02\x00\x00\x00\x00\x00\x00\x00'
West,b'\xec\x14\x00\x00\x00\x00\x00\x00',b'\x02\x00\x00\x00\x00\x00\x00\x00\x02\x00\x00\x00\x00\x00\x00\x00'
West,b'\xa4\x1e\x00\x00\x00\x00\x00\x00',b'\x02\x00\x00\x00\x00\x00\x00\x00\x02\x00\x00\x00\x00\x00\x00\x00'
East,b'\xaf\x1e\x00\x00\x00\x00\x00\x00',b'\x02\x00\x00\x00\x00\x00\x00\x00\x02\x00\x00\x00\x00\x00\x00\x00'
Central,b'\xdc\x0f\x00\x00\x00\x00\x00\x00',b'\x02\x00\x00\x00\x00\x00\x00\x00\x02\x00\x00\x00\x00\x00\x00\x00'
South,"b""\xd0'\x00\x00\x00\x00\x00\x00""",b'\x02\x00\x00\x00\x00\x00\x00\x00\x02\x00\x00\x00\x00\x00\x00\x00'
East,b'\xa8&\x00\x00\x00\x00\x00\x00',b'\x02\x00\x00\x00\x00\x00\x00\x00\x02\x00\x00\x00\x00\x00\x00\x00'
West,"b""4'\x00\x00\x00\x00\x00\x00""",b'\x02\x00\x00\x00\x00\x00\x00\x00\x02\x00\x00\x00\x00\x00\x00\x00'
East,b'\xf5\x0f\x00\x00\x00\x00\x00\x00',b'\x02\x00\x00\x00\x00\x00\x00\x00\x02\x00\x00\x00\x00\x00\x00\x00'
West,b'\x01\x17\x00\x00\x00\x00\x00\x00',b'\x02\x00\x00\x00\x00\x00\x00\x00\x02\x00\x00\x00\x00\x00\x00\x00'
East,b'S\x16\x00\x00\x00\x00\x00\x00',b'\x02\x00\x00\x00\x00\x00\x00\x00\x02\x00\x00\x00\x00\x00\x00\x00'
West,b'\x00)\x00\x00\x00\x00\x00\x00',b'\x02\x00\x00\x00\x00\x00\x00\x00\x02\x00\x00\x00\x00\x00\x00\x00'
West,b'\x00(\x00\x00\x00\x00\x00\x00',b'\x02\x00\x00\x00\x00\x00\x00\x00\x02\x00\x00\x00\x00\x00\x00\x00'
West,b'\x93\x12\x00\x00\x00\x00\x00\x00',b'\x02\x00\x00\x00\x00\x00\x00\x00\x02\x00\x00\x00\x00\x00\x00\x00'
Central,b'\xc2\x02\x00\x00\x00\x00\x00\x00',b'\x02\x00\x00\x00\x00\x00\x00\x00\x02\x00\x00\x00\x00\x00\x00\x00'
South,b'\x7f\x14\x00\x00\x00\x00\x00\x00',b'\x02\x00\x00\x00\x00\x00\x00\x00\x02\x00\x00\x00\x00\x00\x00\x00'
East,b'\x94 \x00\x00\x00\x00\x00\x00',b'\x02\x00\x00\x00\x00\x00\x00\x00\x02\x00\x00\x00\x00\x00\x00\x00'
South,b'\xfe\x00\x00\x00\x00\x00\x00\x00',b'\x02\x00\x00\x00\x00\x00\x00\x00\x02\x00\x00\x00\x00\x00\x00\x00'
Central,b'\xc0)\x00\x00\x00\x00\x00\x00',b'\x02\x00\x00\x00\x00\x00\x00\x00\x02\x00\x00\x00\x00\x00\x00\x00'
Central,b'\xe2(\x00\x00\x00\x00\x00\x00',b'\x02\x00\x00\x00\x00\x00\x00\x00\x02\x00\x00\x00\x00\x00\x00\x00'
East,b'\x8f\x08\x00\x00\x00\x00\x00\x00',b'\x02\x00\x00\x00\x00\x00\x00\x00\x02\x00\x00\x00\x00\x00\x00\x00'
West,b'\xde\x03\x00\x00\x00\x00\x00\x00',b'\x02\x00\x00\x00\x00\x00\x00\x00\x02\x00\x00\x00\x00\x00\x00\x00'
Central,b'\xc0\t\x00\x00\x00\x00\x00\x00',b'\x02\x00\x00\x00\x00\x00\x00\x00\x02\x00\x00\x00\x00\x00\x00\x00'
East,b'\xff%\x00\x00\x00\x00\x00\x00',b'\x02\x00\x00\x00\x00\x00\x00\x00\x02\x00\x00\x00\x00\x00\x00\x00'
East,b'\x8a\x18\x00\x00\x00\x00\x00\x00',b'\x02\x00\x00\x00\x00\x00\x00\x00\x02\x00\x00\x00\x00\x00\x00\x00'
Central,b'T\x1f\x00\x00\x00\x00\x00\x00',b'\x02\x00\x00\x00\x00\x00\x00\x00\x02\x00\x00\x00\x00\x00\x00\x00'
West,b'(\x0b\x00\x00\x00\x00\x00\x00',b'\x02\x00\x00\x00\x00\x00\x00\x00\x02\x00\x00\x00\x00\x00\x00\x00'
West,b'\x98\x0b\x00\x00\x00\x00\x00\x00',b'\x02\x00\x00\x00\x00\x00\x00\x00\x02\x00\x00\x00\x00\x00\x00\x00'
East,b'\xc0$\x00\x00\x00\x00\x00\x00',b'\x02\x00\x00\x00\x00\x00\x00\x00\x02\x00\x00\x00\x00\x00\x00\x00'
East,b'\xe7#\x00\x00\x00\x00\x00\x00',b'\x02\x00\x00\x00\x00\x00\x00\x00\x02\x00\x00\x00\x00\x00\x00\x00'
East,b'\xe2(\x00\x00\x00\x00\x00\x00',b'\x02\x00\x00\x00\x00\x00\x00\x00\x02\x00\x00\x00\x00\x00\x00\x00'
East,b'\xe4\x03\x00\x00\x00\x00\x00\x00',b'\x02\x00\x00\x00\x00\x00\x00\x00\x02\x00\x00\x00\x00\x00\x00\x00'
West,b'\xfc\x0b\x00\x00\x00\x00\x00\x00',b'\x02\x00\x00\x00\x00\x00\x00\x00\x02\x00\x00\x00\x00\x00\x00\x00'
West,b'\x13\x14\x00\x00\x00\x00\x00\x00',b'\x02\x00\x00\x00\x00\x00\x00\x00\x02\x00\x00\x00\x00\x00\x00\x00'
West,b'\x14\x08\x00\x00\x00\x00\x00\x00',b'\x02\x00\x00\x00\x00\x00\x00\x00\x02\x00\x00\x00\x00\x00\x00\x00'
Central,b'\xd0(\x00\x00\x00\x00\x00\x00',b'\x02\x00\x00\x00\x00\x00\x00\x00\x02\x00\x00\x00\x00\x00\x00\x00'
East,b'\xd8\t\x00\x00\x00\x00\x00\x00',b'\x02\x00\x00\x00\x00\x00\x00\x00\x02\x00\x00\x00\x00\x00\x00\x00'
East,b'\xe5\n\x00\x00\x00\x00\x00\x00',b'\x02\x00\x00\x00\x00\x00\x00\x00\x02\x00\x00\x00\x00\x00\x00\x00'
East,"b""\xd6'\x00\x00\x00\x00\x00\x00""",b'\x02\x00\x00\x00\x00\x00\x00\x00\x02\x00\x00\x00\x00\x00\x00\x00'
South,b'\x8a!\x00\x00\x00\x00\x00\x00',b'\x02\x00\x00\x00\x00\x00\x00\x00\x02\x00\x00\x00\x00\x00\x00\x00'
West,b'\x0c\x1d\x00\x00\x00\x00\x00\x00',b'\x02\x00\x00\x00\x00\x00\x00\x00\x02\x00\x00\x00\x00\x00\x00\x00'
West,b'\x9c\x11\x00\x00\x00\x00\x00\x00',b'\x02\x00\x00\x00\x00\x00\x00\x00\x02\x00\x00\x00\x00\x00\x00\x00'
East,b'\xe6\x10\x00\x00\x00\x00\x00\x00',b'\x02\x00\x00\x00\x00\x00\x00\x00\x02\x00\x00\x00\x00\x00\x00\x00'
West,b'\x9b(\x00\x00\x00\x00\x00\x00',b'\x02\x00\x00\x00\x00\x00\x00\x00\x02\x00\x00\x00\x00\x00\x00\x00'
West,b'\xf1$\x00\x00\x00\x00\x00\x00',b'\x02\x00\x00\x00\x00\x00\x00\x00\x02\x00\x00\x00\x00\x00\x00\x00'
East,b'\xe8#\x00\x00\x00\x00\x00\x00',b'\x02\x00\x00\x00\x00\x00\x00\x00\x02\x00\x00\x00\x00\x00\x00\x00'
West,b'\xf4\x13\x00\x00\x00\x00\x00\x00',b'\x02\x00\x00\x00\x00\x00\x00\x00\x02\x00\x00\x00\x00\x00\x00\x00'
East,b'\xc9)\x00\x00\x00\x00\x00\x00',b'\x02\x00\x00\x00\x00\x00\x00\x00\x02\x00\x00\x00\x00\x00\x00\x00'
East,b'\xc8\x0c\x00\x00\x00\x00\x00\x00',b'\x02\x00\x00\x00\x00\x00\x00\x00\x02\x00\x00\x00\x00\x00\x00\x00'
Central,"b'\x1b""\x00\x00\x00\x00\x00\x00'",b'\x02\x00\x00\x00\x00\x00\x00\x00\x02\x00\x00\x00\x00\x00\x00\x00'
South,b'\xcb\x18\x00\x00\x00\x00\x00\x00',b'\x02\x00\x00\x00\x00\x00\x00\x00\x02\x00\x00\x00\x00\x00\x00\x00'
East,b'\xc5\x1c\x00\x00\x00\x00\x00\x00',b'\x02\x00\x00\x00\x00\x00\x00\x00\x02\x00\x00\x00\x00\x00\x00\x00'
Central,b'\xd5\x08\x00\x00\x00\x00\x00\x00',b'\x02\x00\x00\x00\x00\x00\x00\x00\x02\x00\x00\x00\x00\x00\x00\x00'
Central,b'\xc9\x10\x00\x00\x00\x00\x00\x00',b'\x02\x00\x00\x00\x00\x00\x00\x00\x02\x00\x00\x00\x00\x00\x00\x00'
West,"b""!'\x00\x00\x00\x00\x00\x00""",b'\x02\x00\x00\x00\x00\x00\x00\x00\x02\x00\x00\x00\x00\x00\x00\x00'
East,b'\xc4%\x00\x00\x00\x00\x00\x00',b'\x02\x00\x00\x00\x00\x00\x00\x00\x02\x00\x00\x00\x00\x00\x00\x00'
West,"b'""\x11\x00\x00\x00\x00\x00\x00'",b'\x02\x00\x00\x00\x00\x00\x00\x00\x02\x00\x00\x00\x00\x00\x00\x00'
East,"b""\xc3'\x00\x00\x00\x00\x00\x00""",b'\x02\x00\x00\x00\x00\x00\x00\x00\x02\x00\x00\x00\x00\x00\x00\x00'
East,b'\x85%\x00\x00\x00\x00\x00\x00',b'\x02\x00\x00\x00\x00\x00\x00\x00\x02\x00\x00\x00\x00\x00\x00\x00'
West,b'\x7f\x14\x00\x00\x00\x00\x00\x00',b'\x02\x00\x00\x00\x00\x00\x00\x00\x02\x00\x00\x00\x00\x00\x00\x00'
West,b'V\x12\x00\x00\x00\x00\x00\x00',b'\x02\x00\x00\x00\x00\x00\x00\x00\x02\x00\x00\x00\x00\x00\x00\x00'
West,"b'\x8b""\x00\x00\x00\x00\x00\x00'",b'\x02\x00\x00\x00\x00\x00\x00\x00\x02\x00\x00\x00\x00\x00\x00\x00'
South,b'\xd3#\x00\x00\x00\x00\x00\x00',b'\x02\x00\x00\x00\x00\x00\x00\x00\x02\x00\x00\x00\x00\x00\x00\x00'
South,b'A\x1f\x00\x00\x00\x00\x00\x00',b'\x02\x00\x00\x00\x00\x00\x00\x00\x02\x00\x00\x00\x00\x00\x00\x00'
South,b'\xf6(\x00\x00\x00\x00\x00\x00',b'\x02\x00\x00\x00\x00\x00\x00\x00\x02\x00\x00\x00\x00\x00\x00\x00'
West,b'\xd7$\x00\x00\x00\x00\x00\x00',b'\x02\x00\x00\x00\x00\x00\x00\x00\x02\x00\x00\x00\x00\x00\x00\x00'
West,b'U\x1e\x00\x00\x00\x00\x00\x00',b'\x02\x00\x00\x00\x00\x00\x00\x00\x02\x00\x00\x00\x00\x00\x00\x00'
East,b'v&\x00\x00\x00\x00\x00\x00',b'\x02\x00\x00\x00\x00\x00\x00\x00\x02\x00\x00\x00\x00\x00\x00\x00'
West,b'S\x16\x00\x00\x00\x00\x00\x00',b'\x02\x00\x00\x00\x00\x00\x00\x00\x02\x00\x00\x00\x00\x00\x00\x00'
South,b'\r\x14\x00\x00\x00\x00\x00\x00',b'\x02\x00\x00\x00\x00\x00\x00\x00\x02\x00\x00\x00\x00\x00\x00\x00'
South,b'\x06!\x00\x00\x00\x00\x00\x00',b'\x02\x00\x00\x00\x00\x00\x00\x00\x02\x00\x00\x00\x00\x00\x00\x00'
Central,b'\xba\x14\x00\x00\x00\x00\x00\x00',b'\x02\x00\x00\x00\x00\x00\x00\x00\x02\x00\x00\x00\x00\x00\x00\x00'
East,b'u\r\x00\x00\x00\x00\x00\x00',b'\x02\x00\x00\x00\x00\x00\x00\x00\x02\x00\x00\x00\x00\x00\x00\x00'
South,b'\xae&\x00\x00\x00\x00\x00\x00',b'\x02\x00\x00\x00\x00\x00\x00\x00\x02\x00\x00\x00\x00\x00\x00\x00'
East,"b""r'\x00\x00\x00\x00\x00\x00""",b'\x02\x00\x00\x00\x00\x00\x00\x00\x02\x00\x00\x00\x00\x00\x00\x00'
East,b't(\x00\x00\x00\x00\x00\x00',b'\x02\x00\x00\x00\x00\x00\x00\x00\x02\x00\x00\x00\x00\x00\x00\x00'
West,b'\xd5!\x00\x00\x00\x00\x00\x00',b'\x02\x00\x00\x00\x00\x00\x00\x00\x02\x00\x00\x00\x00\x00\x00\x00'
Central,b'g\x08\x00\x00\x00\x00\x00\x00',b'\x02\x00\x00\x00\x00\x00\x00\x00\x02\x00\x00\x00\x00\x00\x00\x00'
West,b'W\x0e\x00\x00\x00\x00\x00\x00',b'\x02\x00\x00\x00\x00\x00\x00\x00\x02\x00\x00\x00\x00\x00\x00\x00'
West,b'O\x14\x00\x00\x00\x00\x00\x00',b'\x02\x00\x00\x00\x00\x00\x00\x00\x02\x00\x00\x00\x00\x00\x00\x00'
West,b'\xd8\x1a\x00\x00\x00\x00\x00\x00',b'\x02\x00\x00\x00\x00\x00\x00\x00\x02\x00\x00\x00\x00\x00\x00\x00'
South,b'\xf0\x07\x00\x00\x00\x00\x00\x00',b'\x02\x00\x00\x00\x00\x00\x00\x00\x02\x00\x00\x00\x00\x00\x00\x00'
South,b'U\x18\x00\x00\x00\x00\x00\x00',b'\x02\x00\x00\x00\x00\x00\x00\x00\x02\x00\x00\x00\x00\x00\x00\x00'
West,b'\xcf \x00\x00\x00\x00\x00\x00',b'\x02\x00\x00\x00\x00\x00\x00\x00\x02\x00\x00\x00\x00\x00\x00\x00'
South,b'p\x1c\x00\x00\x00\x00\x00\x00',b'\x02\x00\x00\x00\x00\x00\x00\x00\x02\x00\x00\x00\x00\x00\x00\x00'
West,b'\x87\x00\x00\x00\x00\x00\x00\x00',b'\x02\x00\x00\x00\x00\x00\x00\x00\x01\x00\x00\x00\x00\x00\x00\x00\x03\x00\x00\x00\x00\x00\x00\x00\x03\x00\x00\x00\x00\x00\x00\x00'
South,b'\x7f\x00\x00\x00\x00\x00\x00\x00',b'\x02\x00\x00\x00\x00\x00\x00\x00\x01\x00\x00\x00\x00\x00\x00\x00\x02\x00\x00\x00\x00\x00\x00\x00'
East,b'\x9c\r\x00\x00\x00\x00\x00\x00',b'\x02\x00\x00\x00\x00\x00\x00\x00\x01\x00\x00\x00\x00\x00\x00\x00\x02\x00\x00\x00\x00\x00\x00\x00'
South,b'@\x1b\x00\x00\x00\x00\x00\x00',b'\x02\x00\x00\x00\x00\x00\x00\x00\x01\x00\x00\x00\x00\x00\x00\x00\x02\x00\x00\x00\x00\x00\x00\x00'
Central,"b""'(\x00\x00\x00\x00\x00\x00""",b'\x02\x00\x00\x00\x00\x00\x00\x00\x01\x00\x00\x00\x00\x00\x00\x00\x02\x00\x00\x00\x00\x00\x00\x00'
West,b'\x93(\x00\x00\x00\x00\x00\x00',b'\x02\x00\x00\x00\x00\x00\x00\x00\x01\x00\x00\x00\x00\x00\x00\x00\x02\x00\x00\x00\x00\x00\x00\x00'
East,b'8\x0b\x00\x00\x00\x00\x00\x00',b'\x02\x00\x00\x00\x00\x00\x00\x00\x01\x00\x00\x00\x00\x00\x00\x00\x02\x00\x00\x00\x00\x00\x00\x00'
Central,b'\xe3\r\x00\x00\x00\x00\x00\x00',b'\x02\x00\x00\x00\x00\x00\x00\x00\x01\x00\x00\x00\x00\x00\x00\x00\x02\x00\x00\x00\x00\x00\x00\x00'
South,b'\xb7\x00\x00\x00\x00\x00\x00\x00',b'\x02\x00\x00\x00\x00\x00\x00\x00\x01\x00\x00\x00\x00\x00\x00\x00\x01\x00\x00\x00\x00\x00\x00\x00'
Central,b'k\x15\x00\x00\x00\x00\x00\x00',b'\x02\x00\x00\x00\x00\x00\x00\x00\x01\x00\x00\x00\x00\x00\x00\x00\x01\x00\x00\x00\x00\x00\x00\x00'
South,b'\xa0\x0c\x00\x00\x00\x00\x00\x00',b'\x02\x00\x00\x00\x00\x00\x00\x00\x01\x00\x00\x00\x00\x00\x00\x00\x01\x00\x00\x00\x00\x00\x00\x00'
West,b'\xe9\x0e\x00\x00\x00\x00\x00\x00',b'\x02\x00\x00\x00\x00\x00\x00\x00\x01\x00\x00\x00\x00\x00\x00\x00\x01\x00\x00\x00\x00\x00\x00\x00'
East,b'q\x1f\x00\x00\x00\x00\x00\x00',b'\x02\x00\x00\x00\x00\x00\x00\x00\x01\x00\x00\x00\x00\x00\x00\x00'
Central,"b'\xcf""\x00\x00\x00\x00\x00\x00'",b'\x02\x00\x00\x00\x00\x00\x00\x00\x01\x00\x00\x00\x00\x00\x00\x00'
West,b'\xce$\x00\x00\x00\x00\x00\x00',b'\x02\x00\x00\x00\x00\x00\x00\x00\x01\x00\x00\x00\x00\x00\x00\x00'
East,b'\xf1\x1f\x00\x00\x00\x00\x00\x00',b'\x02\x00\x00\x00\x00\x00\x00\x00\x01\x00\x00\x00\x00\x00\x00\x00'
East,b'\xc3\x1c\x00\x00\x00\x00\x00\x00',b'\x02\x00\x00\x00\x00\x00\x00\x00\x01\x00\x00\x00\x00\x00\x00\x00'
Central,b'\x07\x03\x00\x00\x00\x00\x00\x00',b'\x02\x00\x00\x00\x00\x00\x00\x00\x01\x00\x00\x00\x00\x00\x00\x00'
West,b'\x98\x05\x00\x00\x00\x00\x00\x00',b'\x02\x00\x00\x00\x00\x00\x00\x00\x01\x00\x00\x00\x00\x00\x00\x00'
Central,b'{%\x00\x00\x00\x00\x00\x00',b'\x02\x00\x00\x00\x00\x00\x00\x00\x01\x00\x00\x00\x00\x00\x00\x00'
East,b'\xba\x0c\x00\x00\x00\x00\x00\x00',b'\x02\x00\x00\x00\x00\x00\x00\x00\x01\x00\x00\x00\x00\x00\x00\x00'
East,b'\xb5\x0f\x00\x00\x00\x00\x00\x00',b'\x02\x00\x00\x00\x00\x00\x00\x00\x01\x00\x00\x00\x00\x00\x00\x00'
East,b'\xd8\x0e\x00\x00\x00\x00\x00\x00',b'\x02\x00\x00\x00\x00\x00\x00\x00\x01\x00\x00\x00\x00\x00\x00\x00'
East,b'\xf1\x06\x00\x00\x00\x00\x00\x00',b'\x02\x00\x00\x00\x00\x00\x00\x00\x01\x00\x00\x00\x00\x00\x00\x00'
East,b'\x04\x0f\x00\x00\x00\x00\x00\x00',b'\x02\x00\x00\x00\x00\x00\x00\x00\x01\x00\x00\x00\x00\x00\x00\x00'
South,b'\xcd\x06\x00\x00\x00\x00\x00\x00',b'\x02\x00\x00\x00\x00\x00\x00\x00\x01\x00\x00\x00\x00\x00\x00\x00'
East,b'a(\x00\x00\x00\x00\x00\x00',b'\x02\x00\x00\x00\x00\x00\x00\x00\x01\x00\x00\x00\x00\x00\x00\x00'
West,b'\x0e\x08\x00\x00\x00\x00\x00\x00',b'\x02\x00\x00\x00\x00\x00\x00\x00\x01\x00\x00\x00\x00\x00\x00\x00'
Central,b'\x18%\x00\x00\x00\x00\x00\x00',b'\x02\x00\x00\x00\x00\x00\x00\x00\x01\x00\x00\x00\x00\x00\x00\x00'
Central,b'\xca\x1e\x00\x00\x00\x00\x00\x00',b'\x02\x00\x00\x00\x00\x00\x00\x00\x01\x00\x00\x00\x00\x00\x00\x00'
East,b'\x0e!\x00\x00\x00\x00\x00\x00',b'\x02\x00\x00\x00\x00\x00\x00\x00\x01\x00\x00\x00\x00\x00\x00\x00'
West,b'\x18%\x00\x00\x00\x00\x00\x00',b'\x02\x00\x00\x00\x00\x00\x00\x00\x01\x00\x00\x00\x00\x00\x00\x00'
East,b'\xd0(\x00\x00\x00\x00\x00\x00',b'\x02\x00\x00\x00\x00\x00\x00\x00\x01\x00\x00\x00\x00\x00\x00\x00'
East,"b""\xcf'\x00\x00\x00\x00\x00\x00""",b'\x02\x00\x00\x00\x00\x00\x00\x00\x01\x00\x00\x00\x00\x00\x00\x00'
South,b'\x18\x0b\x00\x00\x00\x00\x00\x00',b'\x02\x00\x00\x00\x00\x00\x00\x00\x01\x00\x00\x00\x00\x00\x00\x00'
East,b'\x16\x00\x00\x00\x00\x00\x00\x00',b'\x02\x00\x00\x00\x00\x00\x00\x00\x01\x00\x00\x00\x00\x00\x00\x00'
East,b'\xce\x04\x00\x00\x00\x00\x00\x00',b'\x02\x00\x00\x00\x00\x00\x00\x00\x01\x00\x00\x00\x00\x00\x00\x00'
South,b'\x86!\x00\x00\x00\x00\x00\x00',b'\x02\x00\x00\x00\x00\x00\x00\x00\x01\x00\x00\x00\x00\x00\x00\x00'
Central,b'\x87%\x00\x00\x00\x00\x00\x00',b'\x02\x00\x00\x00\x00\x00\x00\x00\x01\x00\x00\x00\x00\x00\x00\x00'
South,b'\xb1$\x00\x00\x00\x00\x00\x00',b'\x02\x00\x00\x00\x00\x00\x00\x00\x01\x00\x00\x00\x00\x00\x00\x00'
Central,b'u\x12\x00\x00\x00\x00\x00\x00',b'\x02\x00\x00\x00\x00\x00\x00\x00\x01\x00\x00\x00\x00\x00\x00\x00'
East,b'\x18\x16\x00\x00\x00\x00\x00\x00',b'\x02\x00\x00\x00\x00\x00\x00\x00\x01\x00\x00\x00\x00\x00\x00\x00'
West,b'\xf3\x1c\x00\x00\x00\x00\x00\x00',b'\x02\x00\x00\x00\x00\x00\x00\x00\x01\x00\x00\x00\x00\x00\x00\x00'
East,b'\x0c\x16\x00\x00\x00\x00\x00\x00',b'\x02\x00\x00\x00\x00\x00\x00\x00\x01\x00\x00\x00\x00\x00\x00\x00'
West,b'x\x0b\x00\x00\x00\x00\x00\x00',b'\x02\x00\x00\x00\x00\x00\x00\x00\x01\x00\x00\x00\x00\x00\x00\x00'
East,b'\xd6!\x00\x00\x00\x00\x00\x00',b'\x02\x00\x00\x00\x00\x00\x00\x00\x01\x00\x00\x00\x00\x00\x00\x00'
East,b'\xc6\x00\x00\x00\x00\x00\x00\x00',b'\x02\x00\x00\x00\x00\x00\x00\x00\x01\x00\x00\x00\x00\x00\x00\x00'
Central,b'\xf1\x1f\x00\x00\x00\x00\x00\x00',b'\x02\x00\x00\x00\x00\x00\x00\x00\x01\x00\x00\x00\x00\x00\x00\x00'
West,"b""`'\x00\x00\x00\x00\x00\x00""",b'\x02\x00\x00\x00\x00\x00\x00\x00\x01\x00\x00\x00\x00\x00\x00\x00'
West,"b',\x16\x00\x00\x00\x00\x00\x00'",b'\x02\x00\x00\x00\x00\x00\x00\x00\x01\x00\x00\x00\x00\x00\x00\x00'
East,b'\xf7(\x00\x00\x00\x00\x00\x00',b'\x02\x00\x00\x00\x00\x00\x00\x00\x01\x00\x00\x00\x00\x00\x00\x00'
Central,b'@\x1b\x00\x00\x00\x00\x00\x00',b'\x02\x00\x00\x00\x00\x00\x00\x00\x01\x00\x00\x00\x00\x00\x00\x00'
West,b'3%\x00\x00\x00\x00\x00\x00',b'\x02\x00\x00\x00\x00\x00\x00\x00\x01\x00\x00\x00\x00\x00\x00\x00'
West,b'\xad\x10\x00\x00\x00\x00\x00\x00',b'\x02\x00\x00\x00\x00\x00\x00\x00\x01\x00\x00\x00\x00\x00\x00\x00'
South,b'\x00\x1c\x00\x00\x00\x00\x00\x00',b'\x02\x00\x00\x00\x00\x00\x00\x00\x01\x00\x00\x00\x00\x00\x00\x00'
East,b'E\t\x00\x00\x00\x00\x00\x00',b'\x02\x00\x00\x00\x00\x00\x00\x00\x01\x00\x00\x00\x00\x00\x00\x00'
West,b'f\x0b\x00\x00\x00\x00\x00\x00',b'\x02\x00\x00\x00\x00\x00\x00\x00\x01\x00\x00\x00\x00\x00\x00\x00'
East,b'\x93$\x00\x00\x00\x00\x00\x00',b'\x02\x00\x00\x00\x00\x00\x00\x00\x01\x00\x00\x00\x00\x00\x00\x00'
South,b' \x04\x00\x00\x00\x00\x00\x00',b'\x02\x00\x00\x00\x00\x00\x00\x00\x01\x00\x00\x00\x00\x00\x00\x00'
Central,b'@\x16\x00\x00\x00\x00\x00\x00',b'\x02\x00\x00\x00\x00\x00\x00\x00\x01\x00\x00\x00\x00\x00\x00\x00'
Central,b'<\x05\x00\x00\x00\x00\x00\x00',b'\x02\x00\x00\x00\x00\x00\x00\x00\x01\x00\x00\x00\x00\x00\x00\x00'
South,b'=!\x00\x00\x00\x00\x00\x00',b'\x02\x00\x00\x00\x00\x00\x00\x00\x01\x00\x00\x00\x00\x00\x00\x00'
East,b'\xa2\t\x00\x00\x00\x00\x00\x00',b'\x02\x00\x00\x00\x00\x00\x00\x00\x01\x00\x00\x00\x00\x00\x00\x00'
South,b'\xa8\x1f\x00\x00\x00\x00\x00\x00',b'\x02\x00\x00\x00\x00\x00\x00\x00\x01\x00\x00\x00\x00\x00\x00\x00'
Central,b'\xfc\x00\x00\x00\x00\x00\x00\x00',b'\x02\x00\x00\x00\x00\x00\x00\x00\x01\x00\x00\x00\x00\x00\x00\x00'
West,b'\xb0\x04\x00\x00\x00\x00\x00\x00',b'\x02\x00\x00\x00\x00\x00\x00\x00\x01\x00\x00\x00\x00\x00\x00\x00'
East,b'>\x03\x00\x00\x00\x00\x00\x00',b'\x02\x00\x00\x00\x00\x00\x00\x00\x01\x00\x00\x00\x00\x00\x00\x00'
South,b'\xfa\r\x00\x00\x00\x00\x00\x00',b'\x02\x00\x00\x00\x00\x00\x00\x00\x01\x00\x00\x00\x00\x00\x00\x00'
South,b'O\x1c\x00\x00\x00\x00\x00\x00',b'\x02\x00\x00\x00\x00\x00\x00\x00\x01\x00\x00\x00\x00\x00\x00\x00'
East,b'>(\x00\x00\x00\x00\x00\x00',b'\x02\x00\x00\x00\x00\x00\x00\x00\x01\x00\x00\x00\x00\x00\x00\x00'
West,"b'G""\x00\x00\x00\x00\x00\x00'",b'\x02\x00\x00\x00\x00\x00\x00\x00\x01\x00\x00\x00\x00\x00\x00\x00'
West,b'k(\x00\x00\x00\x00\x00\x00',b'\x02\x00\x00\x00\x00\x00\x00\x00\x01\x00\x00\x00\x00\x00\x00\x00'
Central,b'\x96&\x00\x00\x00\x00\x00\x00',b'\x02\x00\x00\x00\x00\x00\x00\x00\x01\x00\x00\x00\x00\x00\x00\x00'
South,b'\xe4\x1f\x00\x00\x00\x00\x00\x00',b'\x02\x00\x00\x00\x00\x00\x00\x00\x01\x00\x00\x00\x00\x00\x00\x00'
East,b'*\x1a\x00\x00\x00\x00\x00\x00',b'\x02\x00\x00\x00\x00\x00\x00\x00\x01\x00\x00\x00\x00\x00\x00\x00'
West,b'\xd8\t\x00\x00\x00\x00\x00\x00',b'\x02\x00\x00\x00\x00\x00\x00\x00\x01\x00\x00\x00\x00\x00\x00\x00'
East,b'\xaa\x04\x00\x00\x00\x00\x00\x00',b'\x02\x00\x00\x00\x00\x00\x00\x00\x01\x00\x00\x00\x00\x00\x00\x00'
South,b'\xc6\x00\x00\x00\x00\x00\x00\x00',b'\x02\x00\x00\x00\x00\x00\x00\x00'
South,b'Y\x04\x00\x00\x00\x00\x00\x00',b'\x02\x00\x00\x00\x00\x00\x00\x00'
Central,b'\xcd\x11\x00\x00\x00\x00\x00\x00',b'\x02\x00\x00\x00\x00\x00\x00\x00'
South,b'\xc6\x14\x00\x00\x00\x00\x00\x00',b'\x02\x00\x00\x00\x00\x00\x00\x00'
West,b'\xae\x10\x00\x00\x00\x00\x00\x00',b'\x02\x00\x00\x00\x00\x00\x00\x00'
Central,b'\xae\x00\x00\x00\x00\x00\x00\x00',b'\x02\x00\x00\x00\x00\x00\x00\x00'
Central,b'\xb2(\x00\x00\x00\x00\x00\x00',b'\x02\x00\x00\x00\x00\x00\x00\x00'
Central,b'\xbd#\x00\x00\x00\x00\x00\x00',b'\x02\x00\x00\x00\x00\x00\x00\x00'
South,b'N\x12\x00\x00\x00\x00\x00\x00',b'\x02\x00\x00\x00\x00\x00\x00\x00'
Central,b'\xbd\x16\x00\x00\x00\x00\x00\x00',b'\x02\x00\x00\x00\x00\x00\x00\x00'
South,b'\xc4\x1f\x00\x00\x00\x00\x00\x00',b'\x02\x00\x00\x00\x00\x00\x00\x00'
Central,b'\xbc\t\x00\x00\x00\x00\x00\x00',b'\x02\x00\x00\x00\x00\x00\x00\x00'
West,b'\xac&\x00\x00\x00\x00\x00\x00',b'\x02\x00\x00\x00\x00\x00\x00\x00'
South,b'\xc4 \x00\x00\x00\x00\x00\x00',b'\x02\x00\x00\x00\x00\x00\x00\x00'
Central,b'\xb7\t\x00\x00\x00\x00\x00\x00',b'\x02\x00\x00\x00\x00\x00\x00\x00'
South,b'\xc2)\x00\x00\x00\x00\x00\x00',b'\x02\x00\x00\x00\x00\x00\x00\x00'
Central,b'\xb3\x11\x00\x00\x00\x00\x00\x00',b'\x02\x00\x00\x00\x00\x00\x00\x00'
Central,b'\xcd\x1d\x00\x00\x00\x00\x00\x00',b'\x02\x00\x00\x00\x00\x00\x00\x00'
Central,b'\xbb)\x00\x00\x00\x00\x00\x00',b'\x02\x00\x00\x00\x00\x00\x00\x00'
Central,b'\xce\x0b\x00\x00\x00\x00\x00\x00',b'\x02\x00\x00\x00\x00\x00\x00\x00'
Central,b'\xbb\x07\x00\x00\x00\x00\x00\x00',b'\x02\x00\x00\x00\x00\x00\x00\x00'
Central,b'\xce\x17\x00\x00\x00\x00\x00\x00',b'\x02\x00\x00\x00\x00\x00\x00\x00'
Central,b'\xad\x07\x00\x00\x00\x00\x00\x00',b'\x02\x00\x00\x00\x00\x00\x00\x00'
Central,b'\xcf\x00\x00\x00\x00\x00\x00\x00',b'\x02\x00\x00\x00\x00\x00\x00\x00'
Central,b'\xc0\x05\x00\x00\x00\x00\x00\x00',b'\x02\x00\x00\x00\x00\x00\x00\x00'
South,b'M\x14\x00\x00\x00\x00\x00\x00',b'\x02\x00\x00\x00\x00\x00\x00\x00'
South,b'Y)\x00\x00\x00\x00\x00\x00',b'\x02\x00\x00\x00\x00\x00\x00\x00'
Central,b'\xb5\x11\x00\x00\x00\x00\x00\x00',b'\x02\x00\x00\x00\x00\x00\x00\x00'
Central,b'\xc6%\x00\x00\x00\x00\x00\x00',b'\x02\x00\x00\x00\x00\x00\x00\x00'
West,b'\xac#\x00\x00\x00\x00\x00\x00',b'\x02\x00\x00\x00\x00\x00\x00\x00'
South,b'P%\x00\x00\x00\x00\x00\x00',b'\x02\x00\x00\x00\x00\x00\x00\x00'
South,b'\xca!\x00\x00\x00\x00\x00\x00',b'\x02\x00\x00\x00\x00\x00\x00\x00'
South,b'Y\x11\x00\x00\x00\x00\x00\x00',b'\x02\x00\x00\x00\x00\x00\x00\x00'
West,b'\xa3(\x00\x00\x00\x00\x00\x00',b'\x02\x00\x00\x00\x00\x00\x00\x00'
Central,b'\xc4\x1f\x00\x00\x00\x00\x00\x00',b'\x02\x00\x00\x00\x00\x00\x00\x00'
Central,b'\xba\x12\x00\x00\x00\x00\x00\x00',b'\x02\x00\x00\x00\x00\x00\x00\x00'
South,b'\xc9$\x00\x00\x00\x00\x00\x00',b'\x02\x00\x00\x00\x00\x00\x00\x00'
Central,b'\xb6\x1d\x00\x00\x00\x00\x00\x00',b'\x02\x00\x00\x00\x00\x00\x00\x00'
Central,b'\xc8\x0c\x00\x00\x00\x00\x00\x00',b'\x02\x00\x00\x00\x00\x00\x00\x00'
South,"b""S'\x00\x00\x00\x00\x00\x00""",b'\x02\x00\x00\x00\x00\x00\x00\x00'
Central,b'\xc8#\x00\x00\x00\x00\x00\x00',b'\x02\x00\x00\x00\x00\x00\x00\x00'
South,b'\xc9\x11\x00\x00\x00\x00\x00\x00',b'\x02\x00\x00\x00\x00\x00\x00\x00'
Central,b'\xc2\r\x00\x00\x00\x00\x00\x00',b'\x02\x00\x00\x00\x00\x00\x00\x00'
Central,b'\xb6\x08\x00\x00\x00\x00\x00\x00',b'\x02\x00\x00\x00\x00\x00\x00\x00'
Central,b'\xba\x0c\x00\x00\x00\x00\x00\x00',b'\x02\x00\x00\x00\x00\x00\x00\x00'
West,b'\xad\x11\x00\x00\x00\x00\x00\x00',b'\x02\x00\x00\x00\x00\x00\x00\x00'
West,b'\xae\x07\x00\x00\x00\x00\x00\x00',b'\x02\x00\x00\x00\x00\x00\x00\x00'
South,b'\xc7(\x00\x00\x00\x00\x00\x00',b'\x02\x00\x00\x00\x00\x00\x00\x00'
Central,b'\xc1\x14\x00\x00\x00\x00\x00\x00',b'\x02\x00\x00\x00\x00\x00\x00\x00'
West,b'\xb4!\x00\x00\x00\x00\x00\x00',b'\x02\x00\x00\x00\x00\x00\x00\x00'
Central,b'\xac\x00\x00\x00\x00\x00\x00\x00',b'\x02\x00\x00\x00\x00\x00\x00\x00'
Central,b'\xc0\x17\x00\x00\x00\x00\x00\x00',b'\x02\x00\x00\x00\x00\x00\x00\x00'
Central,b'\xc6\x11\x00\x00\x00\x00\x00\x00',b'\x02\x00\x00\x00\x00\x00\x00\x00'
West,b'\xaf\x08\x00\x00\x00\x00\x00\x00',b'\x02\x00\x00\x00\x00\x00\x00\x00'
South,b'W\x1a\x00\x00\x00\x00\x00\x00',b'\x02\x00\x00\x00\x00\x00\x00\x00'
South,b'\xcc(\x00\x00\x00\x00\x00\x00',b'\x02\x00\x00\x00\x00\x00\x00\x00'
Central,b'\xca\x14\x00\x00\x00\x00\x00\x00',b'\x02\x00\x00\x00\x00\x00\x00\x00'
South,b'\xc3 \x00\x00\x00\x00\x00\x00',b'\x02\x00\x00\x00\x00\x00\x00\x00'
South,b'?)\x00\x00\x00\x00\x00\x00',b'\x02\x00\x00\x00\x00\x00\x00\x00'
Central,b'\xab\x18\x00\x00\x00\x00\x00\x00',b'\x02\x00\x00\x00\x00\x00\x00\x00'
Central,b'=%\x00\x00\x00\x00\x00\x00',b'\x02\x00\x00\x00\x00\x00\x00\x00'
Central,b'<\x1e\x00\x00\x00\x00\x00\x00',b'\x02\x00\x00\x00\x00\x00\x00\x00'
Central,b';\x0e\x00\x00\x00\x00\x00\x00',b'\x02\x00\x00\x00\x00\x00\x00\x00'
West,b'\xe6\x11\x00\x00\x00\x00\x00\x00',b'\x02\x00\x00\x00\x00\x00\x00\x00'
South,b'\xa3\x14\x00\x00\x00\x00\x00\x00',b'\x02\x00\x00\x00\x00\x00\x00\x00'
West,b'\xe6%\x00\x00\x00\x00\x00\x00',b'\x02\x00\x00\x00\x00\x00\x00\x00'
South,b'\xa2 \x00\x00\x00\x00\x00\x00',b'\x02\x00\x00\x00\x00\x00\x00\x00'
South,b'\xa1\x16\x00\x00\x00\x00\x00\x00',b'\x02\x00\x00\x00\x00\x00\x00\x00'
South,b'\x81\x1b\x00\x00\x00\x00\x00\x00',b'\x02\x00\x00\x00\x00\x00\x00\x00'
South,b'\xa1\x05\x00\x00\x00\x00\x00\x00',b'\x02\x00\x00\x00\x00\x00\x00\x00'
West,b'\xe8#\x00\x00\x00\x00\x00\x00',b'\x02\x00\x00\x00\x00\x00\x00\x00'
Central,b'6\x1f\x00\x00\x00\x00\x00\x00',b'\x02\x00\x00\x00\x00\x00\x00\x00'
West,b'\xe9\x01\x00\x00\x00\x00\x00\x00',b'\x02\x00\x00\x00\x00\x00\x00\x00'
South,b'\x82\x06\x00\x00\x00\x00\x00\x00',b'\x02\x00\x00\x00\x00\x00\x00\x00'
Central,b'3\x1c\x00\x00\x00\x00\x00\x00',b'\x02\x00\x00\x00\x00\x00\x00\x00'
West,b'\xe9!\x00\x00\x00\x00\x00\x00',b'\x02\x00\x00\x00\x00\x00\x00\x00'
South,b'\x82\x18\x00\x00\x00\x00\x00\x00',b'\x02\x00\x00\x00\x00\x00\x00\x00'
Central,b'1\x12\x00\x00\x00\x00\x00\x00',b'\x02\x00\x00\x00\x00\x00\x00\x00'
Central,b'1\x00\x00\x00\x00\x00\x00\x00',b'\x02\x00\x00\x00\x00\x00\x00\x00'
West,b'\xeb\x0b\x00\x00\x00\x00\x00\x00',b'\x02\x00\x00\x00\x00\x00\x00\x00'
West,b'\xeb\x19\x00\x00\x00\x00\x00\x00',b'\x02\x00\x00\x00\x00\x00\x00\x00'
West,b'\xec\x17\x00\x00\x00\x00\x00\x00',b'\x02\x00\x00\x00\x00\x00\x00\x00'
Central,b'<%\x00\x00\x00\x00\x00\x00',b'\x02\x00\x00\x00\x00\x00\x00\x00'
Central,b'A\x13\x00\x00\x00\x00\x00\x00',b'\x02\x00\x00\x00\x00\x00\x00\x00'
South,"b""\x9d'\x00\x00\x00\x00\x00\x00""",b'\x02\x00\x00\x00\x00\x00\x00\x00'
South,b'\x80\x05\x00\x00\x00\x00\x00\x00',b'\x02\x00\x00\x00\x00\x00\x00\x00'
South,b'|#\x00\x00\x00\x00\x00\x00',b'\x02\x00\x00\x00\x00\x00\x00\x00'
South,b'}$\x00\x00\x00\x00\x00\x00',b'\x02\x00\x00\x00\x00\x00\x00\x00'
West,b'\xdd\x13\x00\x00\x00\x00\x00\x00',b'\x02\x00\x00\x00\x00\x00\x00\x00'
Central,b'O#\x00\x00\x00\x00\x00\x00',b'\x02\x00\x00\x00\x00\x00\x00\x00'
Central,b'O\x1d\x00\x00\x00\x00\x00\x00',b'\x02\x00\x00\x00\x00\x00\x00\x00'
Central,b'O\x18\x00\x00\x00\x00\x00\x00',b'\x02\x00\x00\x00\x00\x00\x00\x00'
Central,b'O\x07\x00\x00\x00\x00\x00\x00',b'\x02\x00\x00\x00\x00\x00\x00\x00'
West,b'\xdd&\x00\x00\x00\x00\x00\x00',b'\x02\x00\x00\x00\x00\x00\x00\x00'
Central,b'N\x08\x00\x00\x00\x00\x00\x00',b'\x02\x00\x00\x00\x00\x00\x00\x00'
South,b'~\x0c\x00\x00\x00\x00\x00\x00',b'\x02\x00\x00\x00\x00\x00\x00\x00'
South,b'\xa7 \x00\x00\x00\x00\x00\x00',b'\x02\x00\x00\x00\x00\x00\x00\x00'
South,b'~)\x00\x00\x00\x00\x00\x00',b'\x02\x00\x00\x00\x00\x00\x00\x00'
West,b'\xe0$\x00\x00\x00\x00\x00\x00',b'\x02\x00\x00\x00\x00\x00\x00\x00'
South,b'\x7f\x13\x00\x00\x00\x00\x00\x00',b'\x02\x00\x00\x00\x00\x00\x00\x00'
Central,b'E\n\x00\x00\x00\x00\x00\x00',b'\x02\x00\x00\x00\x00\x00\x00\x00'
Central,"b""D'\x00\x00\x00\x00\x00\x00""",b'\x02\x00\x00\x00\x00\x00\x00\x00'
West,b'\xe1&\x00\x00\x00\x00\x00\x00',b'\x02\x00\x00\x00\x00\x00\x00\x00'
West,b'\xe2\x1f\x00\x00\x00\x00\x00\x00',b'\x02\x00\x00\x00\x00\x00\x00\x00'
Central,"b""C'\x00\x00\x00\x00\x00\x00""",b'\x02\x00\x00\x00\x00\x00\x00\x00'
West,b'\xe2(\x00\x00\x00\x00\x00\x00',b'\x02\x00\x00\x00\x00\x00\x00\x00'
Central,b'B\x16\x00\x00\x00\x00\x00\x00',b'\x02\x00\x00\x00\x00\x00\x00\x00'
West,"b'\xec""\x00\x00\x00\x00\x00\x00'",b'\x02\x00\x00\x00\x00\x00\x00\x00'
Central,b'+\x08\x00\x00\x00\x00\x00\x00',b'\x02\x00\x00\x00\x00\x00\x00\x00'
West,b'\xdc(\x00\x00\x00\x00\x00\x00',b'\x02\x00\x00\x00\x00\x00\x00\x00'
Central,b'\x15\x13\x00\x00\x00\x00\x00\x00',b'\x02\x00\x00\x00\x00\x00\x00\x00'
Central,b'\x14\x02\x00\x00\x00\x00\x00\x00',b'\x02\x00\x00\x00\x00\x00\x00\x00'
South,b'\x88\t\x00\x00\x00\x00\x00\x00',b'\x02\x00\x00\x00\x00\x00\x00\x00'
South,b'\x89\x1c\x00\x00\x00\x00\x00\x00',b'\x02\x00\x00\x00\x00\x00\x00\x00'
Central,b'\x11\x1d\x00\x00\x00\x00\x00\x00',b'\x02\x00\x00\x00\x00\x00\x00\x00'
Central,b'\x11\x17\x00\x00\x00\x00\x00\x00',b'\x02\x00\x00\x00\x00\x00\x00\x00'
Central,b'\x10*\x00\x00\x00\x00\x00\x00',b'\x02\x00\x00\x00\x00\x00\x00\x00'
Central,b'\x0f\t\x00\x00\x00\x00\x00\x00',b'\x02\x00\x00\x00\x00\x00\x00\x00'
South,b'\x8a%\x00\x00\x00\x00\x00\x00',b'\x02\x00\x00\x00\x00\x00\x00\x00'
Central,b'\x0c\x16\x00\x00\x00\x00\x00\x00',b'\x02\x00\x00\x00\x00\x00\x00\x00'
West,b'\xf9(\x00\x00\x00\x00\x00\x00',b'\x02\x00\x00\x00\x00\x00\x00\x00'
South,b'\x8c\x0c\x00\x00\x00\x00\x00\x00',b'\x02\x00\x00\x00\x00\x00\x00\x00'
South,b'\x8c(\x00\x00\x00\x00\x00\x00',b'\x02\x00\x00\x00\x00\x00\x00\x00'
West,b'\xfa(\x00\x00\x00\x00\x00\x00',b'\x02\x00\x00\x00\x00\x00\x00\x00'
Central,b'\x0c\x10\x00\x00\x00\x00\x00\x00',b'\x02\x00\x00\x00\x00\x00\x00\x00'
South,b'\x94)\x00\x00\x00\x00\x00\x00',b'\x02\x00\x00\x00\x00\x00\x00\x00'
Central,b'\x0b\x02\x00\x00\x00\x00\x00\x00',b'\x02\x00\x00\x00\x00\x00\x00\x00'
South,b'\x93(\x00\x00\x00\x00\x00\x00',b'\x02\x00\x00\x00\x00\x00\x00\x00'
Central,b'\x04\x0f\x00\x00\x00\x00\x00\x00',b'\x02\x00\x00\x00\x00\x00\x00\x00'
Central,b'\x03%\x00\x00\x00\x00\x00\x00',b'\x02\x00\x00\x00\x00\x00\x00\x00'
South,b'\x90\x19\x00\x00\x00\x00\x00\x00',b'\x02\x00\x00\x00\x00\x00\x00\x00'
Central,b'\x02\x04\x00\x00\x00\x00\x00\x00',b'\x02\x00\x00\x00\x00\x00\x00\x00'
South,b'\x87\x16\x00\x00\x00\x00\x00\x00',b'\x02\x00\x00\x00\x00\x00\x00\x00'
Central,b'\x16\x13\x00\x00\x00\x00\x00\x00',b'\x02\x00\x00\x00\x00\x00\x00\x00'
Central,b'*\x1d\x00\x00\x00\x00\x00\x00',b'\x02\x00\x00\x00\x00\x00\x00\x00'
South,b'\x98\x14\x00\x00\x00\x00\x00\x00',b'\x02\x00\x00\x00\x00\x00\x00\x00'
Central,b'*\x08\x00\x00\x00\x00\x00\x00',b'\x02\x00\x00\x00\x00\x00\x00\x00'
South,b'\x84\x02\x00\x00\x00\x00\x00\x00',b'\x02\x00\x00\x00\x00\x00\x00\x00'
West,b'\xee(\x00\x00\x00\x00\x00\x00',b'\x02\x00\x00\x00\x00\x00\x00\x00'
South,b'\x9c\x1a\x00\x00\x00\x00\x00\x00',b'\x02\x00\x00\x00\x00\x00\x00\x00'
Central,"b""'\x1f\x00\x00\x00\x00\x00\x00""",b'\x02\x00\x00\x00\x00\x00\x00\x00'
South,b'\x84\x16\x00\x00\x00\x00\x00\x00',b'\x02\x00\x00\x00\x00\x00\x00\x00'
Central,"b""'\x1e\x00\x00\x00\x00\x00\x00""",b'\x02\x00\x00\x00\x00\x00\x00\x00'
Central,"b""'\x05\x00\x00\x00\x00\x00\x00""",b'\x02\x00\x00\x00\x00\x00\x00\x00'
Central,b'$(\x00\x00\x00\x00\x00\x00',b'\x02\x00\x00\x00\x00\x00\x00\x00'
Central,b'$\x17\x00\x00\x00\x00\x00\x00',b'\x02\x00\x00\x00\x00\x00\x00\x00'
South,b'\x84\x1c\x00\x00\x00\x00\x00\x00',b'\x02\x00\x00\x00\x00\x00\x00\x00'
Central,"b'""#\x00\x00\x00\x00\x00\x00'",b'\x02\x00\x00\x00\x00\x00\x00\x00'
Central,"b""!'\x00\x00\x00\x00\x00\x00""",b'\x02\x00\x00\x00\x00\x00\x00\x00'
Central,b' %\x00\x00\x00\x00\x00\x00',b'\x02\x00\x00\x00\x00\x00\x00\x00'
Central,b'\x1e\x04\x00\x00\x00\x00\x00\x00',b'\x02\x00\x00\x00\x00\x00\x00\x00'
West,b'\xf3\x04\x00\x00\x00\x00\x00\x00',b'\x02\x00\x00\x00\x00\x00\x00\x00'
South,b'\x99)\x00\x00\x00\x00\x00\x00',b'\x02\x00\x00\x00\x00\x00\x00\x00'
Central,b'\x1a\x08\x00\x00\x00\x00\x00\x00',b'\x02\x00\x00\x00\x00\x00\x00\x00'
Central,b'\x19\x19\x00\x00\x00\x00\x00\x00',b'\x02\x00\x00\x00\x00\x00\x00\x00'
Central,b'\x17)\x00\x00\x00\x00\x00\x00',b'\x02\x00\x00\x00\x00\x00\x00\x00'
Central,b'\x17\x11\x00\x00\x00\x00\x00\x00',b'\x02\x00\x00\x00\x00\x00\x00\x00'
South,"b""{'\x00\x00\x00\x00\x00\x00""",b'\x02\x00\x00\x00\x00\x00\x00\x00'
Central,b'P\x14\x00\x00\x00\x00\x00\x00',b'\x02\x00\x00\x00\x00\x00\x00\x00'
Central,b'\xaa\x0b\x00\x00\x00\x00\x00\x00',b'\x02\x00\x00\x00\x00\x00\x00\x00'
West,b'\xc1\x04\x00\x00\x00\x00\x00\x00',b'\x02\x00\x00\x00\x00\x00\x00\x00'
West,b'\xc1\x16\x00\x00\x00\x00\x00\x00',b'\x02\x00\x00\x00\x00\x00\x00\x00'
Central,b'\x93&\x00\x00\x00\x00\x00\x00',b'\x02\x00\x00\x00\x00\x00\x00\x00'
Central,b'\x92&\x00\x00\x00\x00\x00\x00',b'\x02\x00\x00\x00\x00\x00\x00\x00'
West,b'\xc2 \x00\x00\x00\x00\x00\x00',b'\x02\x00\x00\x00\x00\x00\x00\x00'
Central,b'\x8f\x08\x00\x00\x00\x00\x00\x00',b'\x02\x00\x00\x00\x00\x00\x00\x00'
Central,b'\x8e&\x00\x00\x00\x00\x00\x00',b'\x02\x00\x00\x00\x00\x00\x00\x00'
West,b'\xc4\x06\x00\x00\x00\x00\x00\x00',b'\x02\x00\x00\x00\x00\x00\x00\x00'
Central,b'\x8e#\x00\x00\x00\x00\x00\x00',b'\x02\x00\x00\x00\x00\x00\x00\x00'
Central,b'\x8e\x02\x00\x00\x00\x00\x00\x00',b'\x02\x00\x00\x00\x00\x00\x00\x00'
Central,b'\x8d\x1c\x00\x00\x00\x00\x00\x00',b'\x02\x00\x00\x00\x00\x00\x00\x00'
West,b'\xc5&\x00\x00\x00\x00\x00\x00',b'\x02\x00\x00\x00\x00\x00\x00\x00'
Central,b'\x8c\x0c\x00\x00\x00\x00\x00\x00',b'\x02\x00\x00\x00\x00\x00\x00\x00'
Central,b'\x8b(\x00\x00\x00\x00\x00\x00',b'\x02\x00\x00\x00\x00\x00\x00\x00'
Central,b'\x8a%\x00\x00\x00\x00\x00\x00',b'\x02\x00\x00\x00\x00\x00\x00\x00'
West,b'\xc6(\x00\x00\x00\x00\x00\x00',b'\x02\x00\x00\x00\x00\x00\x00\x00'
Central,b'\x89\x19\x00\x00\x00\x00\x00\x00',b'\x02\x00\x00\x00\x00\x00\x00\x00'
South,b'\xb8\x07\x00\x00\x00\x00\x00\x00',b'\x02\x00\x00\x00\x00\x00\x00\x00'
West,b'\xc7(\x00\x00\x00\x00\x00\x00',b'\x02\x00\x00\x00\x00\x00\x00\x00'
Central,b'\x87\x00\x00\x00\x00\x00\x00\x00',b'\x02\x00\x00\x00\x00\x00\x00\x00'
Central,b'\x86%\x00\x00\x00\x00\x00\x00',b'\x02\x00\x00\x00\x00\x00\x00\x00'
South,b'm\r\x00\x00\x00\x00\x00\x00',b'\x02\x00\x00\x00\x00\x00\x00\x00'
South,b'g\x08\x00\x00\x00\x00\x00\x00',b'\x02\x00\x00\x00\x00\x00\x00\x00'
South,b'f\x1f\x00\x00\x00\x00\x00\x00',b'\x02\x00\x00\x00\x00\x00\x00\x00'
South,b'n\x03\x00\x00\x00\x00\x00\x00',b'\x02\x00\x00\x00\x00\x00\x00\x00'
West,b'\xc0&\x00\x00\x00\x00\x00\x00',b'\x02\x00\x00\x00\x00\x00\x00\x00'
Central,b'\xa7&\x00\x00\x00\x00\x00\x00',b'\x02\x00\x00\x00\x00\x00\x00\x00'
Central,b'\xa7\x06\x00\x00\x00\x00\x00\x00',b'\x02\x00\x00\x00\x00\x00\x00\x00'
South,b'\xc1\x04\x00\x00\x00\x00\x00\x00',b'\x02\x00\x00\x00\x00\x00\x00\x00'
Central,b'\xa4\x19\x00\x00\x00\x00\x00\x00',b'\x02\x00\x00\x00\x00\x00\x00\x00'
West,b'\xb8&\x00\x00\x00\x00\x00\x00',b'\x02\x00\x00\x00\x00\x00\x00\x00'
Central,b'\xa3\x1b\x00\x00\x00\x00\x00\x00',b'\x02\x00\x00\x00\x00\x00\x00\x00'
Central,b'\xa3\x19\x00\x00\x00\x00\x00\x00',b'\x02\x00\x00\x00\x00\x00\x00\x00'
Central,b'\xa1!\x00\x00\x00\x00\x00\x00',b'\x02\x00\x00\x00\x00\x00\x00\x00'
Central,b'\x9f)\x00\x00\x00\x00\x00\x00',b'\x02\x00\x00\x00\x00\x00\x00\x00'
Central,b'\x9e \x00\x00\x00\x00\x00\x00',b'\x02\x00\x00\x00\x00\x00\x00\x00'
Central,b'\x9c\x12\x00\x00\x00\x00\x00\x00',b'\x02\x00\x00\x00\x00\x00\x00\x00'
Central,b'\x9c\x0f\x00\x00\x00\x00\x00\x00',b'\x02\x00\x00\x00\x00\x00\x00\x00'
Central,b'\x9b(\x00\x00\x00\x00\x00\x00',b'\x02\x00\x00\x00\x00\x00\x00\x00'
South,b'^(\x00\x00\x00\x00\x00\x00',b'\x02\x00\x00\x00\x00\x00\x00\x00'
South,b'\xbc$\x00\x00\x00\x00\x00\x00',b'\x02\x00\x00\x00\x00\x00\x00\x00'
South,b'\xbc\x1e\x00\x00\x00\x00\x00\x00',b'\x02\x00\x00\x00\x00\x00\x00\x00'
Central,b'\x96 \x00\x00\x00\x00\x00\x00',b'\x02\x00\x00\x00\x00\x00\x00\x00'
South,b'b\x1f\x00\x00\x00\x00\x00\x00',b'\x02\x00\x00\x00\x00\x00\x00\x00'
Central,b'\x96\x18\x00\x00\x00\x00\x00\x00',b'\x02\x00\x00\x00\x00\x00\x00\x00'
South,b'\xbb!\x00\x00\x00\x00\x00\x00',b'\x02\x00\x00\x00\x00\x00\x00\x00'
Central,b'\x95 \x00\x00\x00\x00\x00\x00',b'\x02\x00\x00\x00\x00\x00\x00\x00'
West,b'\xc9&\x00\x00\x00\x00\x00\x00',b'\x02\x00\x00\x00\x00\x00\x00\x00'
Central,b'\x85\x0e\x00\x00\x00\x00\x00\x00',b'\x02\x00\x00\x00\x00\x00\x00\x00'
South,b'\xa9\x11\x00\x00\x00\x00\x00\x00',b'\x02\x00\x00\x00\x00\x00\x00\x00'
South,"b""\xb1'\x00\x00\x00\x00\x00\x00""",b'\x02\x00\x00\x00\x00\x00\x00\x00'
South,"b't""\x00\x00\x00\x00\x00\x00'",b'\x02\x00\x00\x00\x00\x00\x00\x00'
Central,b'n(\x00\x00\x00\x00\x00\x00',b'\x02\x00\x00\x00\x00\x00\x00\x00'
Central,b'n\x11\x00\x00\x00\x00\x00\x00',b'\x02\x00\x00\x00\x00\x00\x00\x00'
South,b'\xaf\x08\x00\x00\x00\x00\x00\x00',b'\x02\x00\x00\x00\x00\x00\x00\x00'
Central,b'c\x07\x00\x00\x00\x00\x00\x00',b'\x02\x00\x00\x00\x00\x00\x00\x00'
Central,b'_\r\x00\x00\x00\x00\x00\x00',b'\x02\x00\x00\x00\x00\x00\x00\x00'
Central,b'_\x00\x00\x00\x00\x00\x00\x00',b'\x02\x00\x00\x00\x00\x00\x00\x00'
Central,b'^\x19\x00\x00\x00\x00\x00\x00',b'\x02\x00\x00\x00\x00\x00\x00\x00'
Central,b']\x19\x00\x00\x00\x00\x00\x00',b'\x02\x00\x00\x00\x00\x00\x00\x00'
South,b'\xad\x0b\x00\x00\x00\x00\x00\x00',b'\x02\x00\x00\x00\x00\x00\x00\x00'
West,b'\xd8\x15\x00\x00\x00\x00\x00\x00',b'\x02\x00\x00\x00\x00\x00\x00\x00'
South,b'\xac\x10\x00\x00\x00\x00\x00\x00',b'\x02\x00\x00\x00\x00\x00\x00\x00'
Central,b'[\x07\x00\x00\x00\x00\x00\x00',b'\x02\x00\x00\x00\x00\x00\x00\x00'
South,b'\xab(\x00\x00\x00\x00\x00\x00',b'\x02\x00\x00\x00\x00\x00\x00\x00'
Central,b'Z\x01\x00\x00\x00\x00\x00\x00',b'\x02\x00\x00\x00\x00\x00\x00\x00'
Central,b'Y\x1e\x00\x00\x00\x00\x00\x00',b'\x02\x00\x00\x00\x00\x00\x00\x00'
Central,b'X\x0f\x00\x00\x00\x00\x00\x00',b'\x02\x00\x00\x00\x00\x00\x00\x00'
Central,b'W\x0e\x00\x00\x00\x00\x00\x00',b'\x02\x00\x00\x00\x00\x00\x00\x00'
West,b'\xda\x1d\x00\x00\x00\x00\x00\x00',b'\x02\x00\x00\x00\x00\x00\x00\x00'
South,"b'\xa9""\x00\x00\x00\x00\x00\x00'",b'\x02\x00\x00\x00\x00\x00\x00\x00'
South,b'z\x19\x00\x00\x00\x00\x00\x00',b'\x02\x00\x00\x00\x00\x00\x00\x00'
Central,b'p)\x00\x00\x00\x00\x00\x00',b'\x02\x00\x00\x00\x00\x00\x00\x00'
Central,b's \x00\x00\x00\x00\x00\x00',b'\x02\x00\x00\x00\x00\x00\x00\x00'
Central,b'\x84&\x00\x00\x00\x00\x00\x00',b'\x02\x00\x00\x00\x00\x00\x00\x00'
Central,b't\x1c\x00\x00\x00\x00\x00\x00',b'\x02\x00\x00\x00\x00\x00\x00\x00'
Central,b'\x83$\x00\x00\x00\x00\x00\x00',b'\x02\x00\x00\x00\x00\x00\x00\x00'
Central,b'\x83\n\x00\x00\x00\x00\x00\x00',b'\x02\x00\x00\x00\x00\x00\x00\x00'
Central,b'\x80&\x00\x00\x00\x00\x00\x00',b'\x02\x00\x00\x00\x00\x00\x00\x00'
Central,b'\x7f\x1a\x00\x00\x00\x00\x00\x00',b'\x02\x00\x00\x00\x00\x00\x00\x00'
West,b'\xcd\x18\x00\x00\x00\x00\x00\x00',b'\x02\x00\x00\x00\x00\x00\x00\x00'
West,b'\xcd\x1d\x00\x00\x00\x00\x00\x00',b'\x02\x00\x00\x00\x00\x00\x00\x00'
South,b'o\x0c\x00\x00\x00\x00\x00\x00',b'\x02\x00\x00\x00\x00\x00\x00\x00'
Central,b'~\x07\x00\x00\x00\x00\x00\x00',b'\x02\x00\x00\x00\x00\x00\x00\x00'
South,b'\xb5\x1e\x00\x00\x00\x00\x00\x00',b'\x02\x00\x00\x00\x00\x00\x00\x00'
West,b'\xce\x19\x00\x00\x00\x00\x00\x00',b'\x02\x00\x00\x00\x00\x00\x00\x00'
Central,b'{)\x00\x00\x00\x00\x00\x00',b'\x02\x00\x00\x00\x00\x00\x00\x00'
South,b'r\x1f\x00\x00\x00\x00\x00\x00',b'\x02\x00\x00\x00\x00\x00\x00\x00'
West,b'\xcf\x06\x00\x00\x00\x00\x00\x00',b'\x02\x00\x00\x00\x00\x00\x00\x00'
Central,b'{\x00\x00\x00\x00\x00\x00\x00',b'\x02\x00\x00\x00\x00\x00\x00\x00'
Central,"b""z'\x00\x00\x00\x00\x00\x00""",b'\x02\x00\x00\x00\x00\x00\x00\x00'
Central,b'z%\x00\x00\x00\x00\x00\x00',b'\x02\x00\x00\x00\x00\x00\x00\x00'
South,b'\xcd\x11\x00\x00\x00\x00\x00\x00',b'\x02\x00\x00\x00\x00\x00\x00\x00'
Central,b'v%\x00\x00\x00\x00\x00\x00',b'\x02\x00\x00\x00\x00\x00\x00\x00'
South,b'\xb3\x11\x00\x00\x00\x00\x00\x00',b'\x02\x00\x00\x00\x00\x00\x00\x00'
West,b'\xd0\x1b\x00\x00\x00\x00\x00\x00',b'\x02\x00\x00\x00\x00\x00\x00\x00'
West,b'\xd0(\x00\x00\x00\x00\x00\x00',b'\x02\x00\x00\x00\x00\x00\x00\x00'
Central,b'x#\x00\x00\x00\x00\x00\x00',b'\x02\x00\x00\x00\x00\x00\x00\x00'
West,"b""\xff'\x00\x00\x00\x00\x00\x00""",b'\x02\x00\x00\x00\x00\x00\x00\x00'
Central,b'\xd0\r\x00\x00\x00\x00\x00\x00',b'\x02\x00\x00\x00\x00\x00\x00\x00'
West,b'^)\x00\x00\x00\x00\x00\x00',b'\x02\x00\x00\x00\x00\x00\x00\x00'
East,b'\xef)\x00\x00\x00\x00\x00\x00',b'\x02\x00\x00\x00\x00\x00\x00\x00'
East,"b""\xbc'\x00\x00\x00\x00\x00\x00""",b'\x02\x00\x00\x00\x00\x00\x00\x00'
East,"b""S'\x00\x00\x00\x00\x00\x00""",b'\x02\x00\x00\x00\x00\x00\x00\x00'
East,b'S!\x00\x00\x00\x00\x00\x00',b'\x02\x00\x00\x00\x00\x00\x00\x00'
East,b'S\x00\x00\x00\x00\x00\x00\x00',b'\x02\x00\x00\x00\x00\x00\x00\x00'
West,b'^\x0e\x00\x00\x00\x00\x00\x00',b'\x02\x00\x00\x00\x00\x00\x00\x00'
East,b'\xeb)\x00\x00\x00\x00\x00\x00',b'\x02\x00\x00\x00\x00\x00\x00\x00'
South,b'\xeb)\x00\x00\x00\x00\x00\x00',b'\x02\x00\x00\x00\x00\x00\x00\x00'
South,b'\xeb&\x00\x00\x00\x00\x00\x00',b'\x02\x00\x00\x00\x00\x00\x00\x00'
South,b'\x19\x06\x00\x00\x00\x00\x00\x00',b'\x02\x00\x00\x00\x00\x00\x00\x00'
East,b'W\x0b\x00\x00\x00\x00\x00\x00',b'\x02\x00\x00\x00\x00\x00\x00\x00'
East,b'L(\x00\x00\x00\x00\x00\x00',b'\x02\x00\x00\x00\x00\x00\x00\x00'
East,b'K\x14\x00\x00\x00\x00\x00\x00',b'\x02\x00\x00\x00\x00\x00\x00\x00'
East,b'\xbe!\x00\x00\x00\x00\x00\x00',b'\x02\x00\x00\x00\x00\x00\x00\x00'
East,b'I)\x00\x00\x00\x00\x00\x00',b'\x02\x00\x00\x00\x00\x00\x00\x00'
East,b'I(\x00\x00\x00\x00\x00\x00',b'\x02\x00\x00\x00\x00\x00\x00\x00'
East,b'I\x07\x00\x00\x00\x00\x00\x00',b'\x02\x00\x00\x00\x00\x00\x00\x00'
East,b'H)\x00\x00\x00\x00\x00\x00',b'\x02\x00\x00\x00\x00\x00\x00\x00'
East,b'\xeb\x08\x00\x00\x00\x00\x00\x00',b'\x02\x00\x00\x00\x00\x00\x00\x00'
West,"b""%'\x00\x00\x00\x00\x00\x00""",b'\x02\x00\x00\x00\x00\x00\x00\x00'
West,b'[!\x00\x00\x00\x00\x00\x00',b'\x02\x00\x00\x00\x00\x00\x00\x00'
East,b'\xf0(\x00\x00\x00\x00\x00\x00',b'\x02\x00\x00\x00\x00\x00\x00\x00'
South,b'\x11\x04\x00\x00\x00\x00\x00\x00',b'\x02\x00\x00\x00\x00\x00\x00\x00'
West,b'W\x0b\x00\x00\x00\x00\x00\x00',b'\x02\x00\x00\x00\x00\x00\x00\x00'
South,b'\x11\x17\x00\x00\x00\x00\x00\x00',b'\x02\x00\x00\x00\x00\x00\x00\x00'
East,b'\xb3\x11\x00\x00\x00\x00\x00\x00',b'\x02\x00\x00\x00\x00\x00\x00\x00'
West,b'\x06\x07\x00\x00\x00\x00\x00\x00',b'\x02\x00\x00\x00\x00\x00\x00\x00'
East,b'c%\x00\x00\x00\x00\x00\x00',b'\x02\x00\x00\x00\x00\x00\x00\x00'
East,b'\xf1\x1c\x00\x00\x00\x00\x00\x00',b'\x02\x00\x00\x00\x00\x00\x00\x00'
East,b'`\t\x00\x00\x00\x00\x00\x00',b'\x02\x00\x00\x00\x00\x00\x00\x00'
South,"b'\x12""\x00\x00\x00\x00\x00\x00'",b'\x02\x00\x00\x00\x00\x00\x00\x00'
West,b'\x06$\x00\x00\x00\x00\x00\x00',b'\x02\x00\x00\x00\x00\x00\x00\x00'
South,b'\x13\x06\x00\x00\x00\x00\x00\x00',b'\x02\x00\x00\x00\x00\x00\x00\x00'
East,b'\xf1\r\x00\x00\x00\x00\x00\x00',b'\x02\x00\x00\x00\x00\x00\x00\x00'
East,b'X%\x00\x00\x00\x00\x00\x00',b'\x02\x00\x00\x00\x00\x00\x00\x00'
East,b'^\x0e\x00\x00\x00\x00\x00\x00',b'\x02\x00\x00\x00\x00\x00\x00\x00'
South,b'\x14\t\x00\x00\x00\x00\x00\x00',b'\x02\x00\x00\x00\x00\x00\x00\x00'
South,b'\x15\t\x00\x00\x00\x00\x00\x00',b'\x02\x00\x00\x00\x00\x00\x00\x00'
South,b'\x15\x13\x00\x00\x00\x00\x00\x00',b'\x02\x00\x00\x00\x00\x00\x00\x00'
South,b'\xf0\x14\x00\x00\x00\x00\x00\x00',b'\x02\x00\x00\x00\x00\x00\x00\x00'
South,b'\x91%\x00\x00\x00\x00\x00\x00',b'\x02\x00\x00\x00\x00\x00\x00\x00'
West,b'Y)\x00\x00\x00\x00\x00\x00',b'\x02\x00\x00\x00\x00\x00\x00\x00'
East,b'\xf1\x07\x00\x00\x00\x00\x00\x00',b'\x02\x00\x00\x00\x00\x00\x00\x00'
West,b'Z\x02\x00\x00\x00\x00\x00\x00',b'\x02\x00\x00\x00\x00\x00\x00\x00'
South,b'\xe9\x12\x00\x00\x00\x00\x00\x00',b'\x02\x00\x00\x00\x00\x00\x00\x00'
East,b'\xc0\t\x00\x00\x00\x00\x00\x00',b'\x02\x00\x00\x00\x00\x00\x00\x00'
West,b'c \x00\x00\x00\x00\x00\x00',b'\x02\x00\x00\x00\x00\x00\x00\x00'
South,b'\xe6\x12\x00\x00\x00\x00\x00\x00',b'\x02\x00\x00\x00\x00\x00\x00\x00'
East,b':%\x00\x00\x00\x00\x00\x00',b'\x02\x00\x00\x00\x00\x00\x00\x00'
East,b'\xc2%\x00\x00\x00\x00\x00\x00',b'\x02\x00\x00\x00\x00\x00\x00\x00'
East,b':\x1a\x00\x00\x00\x00\x00\x00',b'\x02\x00\x00\x00\x00\x00\x00\x00'
East,b'9\n\x00\x00\x00\x00\x00\x00',b'\x02\x00\x00\x00\x00\x00\x00\x00'
East,b'\xc4\x01\x00\x00\x00\x00\x00\x00',b'\x02\x00\x00\x00\x00\x00\x00\x00'
East,b'8!\x00\x00\x00\x00\x00\x00',b'\x02\x00\x00\x00\x00\x00\x00\x00'
West,"b'""\x1b\x00\x00\x00\x00\x00\x00'",b'\x02\x00\x00\x00\x00\x00\x00\x00'
East,b'8\x10\x00\x00\x00\x00\x00\x00',b'\x02\x00\x00\x00\x00\x00\x00\x00'
East,b'\xc4$\x00\x00\x00\x00\x00\x00',b'\x02\x00\x00\x00\x00\x00\x00\x00'
South,b'\xe6\x0c\x00\x00\x00\x00\x00\x00',b'\x02\x00\x00\x00\x00\x00\x00\x00'
East,b'F\x05\x00\x00\x00\x00\x00\x00',b'\x02\x00\x00\x00\x00\x00\x00\x00'
West,b'm\x04\x00\x00\x00\x00\x00\x00',b'\x02\x00\x00\x00\x00\x00\x00\x00'
East,b'\xc5\x08\x00\x00\x00\x00\x00\x00',b'\x02\x00\x00\x00\x00\x00\x00\x00'
East,b'6(\x00\x00\x00\x00\x00\x00',b'\x02\x00\x00\x00\x00\x00\x00\x00'
South,b'\xe5\x11\x00\x00\x00\x00\x00\x00',b'\x02\x00\x00\x00\x00\x00\x00\x00'
South,b'!\x1f\x00\x00\x00\x00\x00\x00',b'\x02\x00\x00\x00\x00\x00\x00\x00'
South,"b""!'\x00\x00\x00\x00\x00\x00""",b'\x02\x00\x00\x00\x00\x00\x00\x00'
East,b'3)\x00\x00\x00\x00\x00\x00',b'\x02\x00\x00\x00\x00\x00\x00\x00'
East,b'\xc5\x0c\x00\x00\x00\x00\x00\x00',b'\x02\x00\x00\x00\x00\x00\x00\x00'
East,b'3(\x00\x00\x00\x00\x00\x00',b'\x02\x00\x00\x00\x00\x00\x00\x00'
East,b'\xc2\x19\x00\x00\x00\x00\x00\x00',b'\x02\x00\x00\x00\x00\x00\x00\x00'
East,b';(\x00\x00\x00\x00\x00\x00',b'\x02\x00\x00\x00\x00\x00\x00\x00'
East,b'<\x12\x00\x00\x00\x00\x00\x00',b'\x02\x00\x00\x00\x00\x00\x00\x00'
East,b'=\x03\x00\x00\x00\x00\x00\x00',b'\x02\x00\x00\x00\x00\x00\x00\x00'
East,b'E\x1e\x00\x00\x00\x00\x00\x00',b'\x02\x00\x00\x00\x00\x00\x00\x00'
West,b'd\t\x00\x00\x00\x00\x00\x00',b'\x02\x00\x00\x00\x00\x00\x00\x00'
East,b'E\x1c\x00\x00\x00\x00\x00\x00',b'\x02\x00\x00\x00\x00\x00\x00\x00'
East,b'D\n\x00\x00\x00\x00\x00\x00',b'\x02\x00\x00\x00\x00\x00\x00\x00'
East,b'D\x01\x00\x00\x00\x00\x00\x00',b'\x02\x00\x00\x00\x00\x00\x00\x00'
West,b'%\x04\x00\x00\x00\x00\x00\x00',b'\x02\x00\x00\x00\x00\x00\x00\x00'
West,b'f\x02\x00\x00\x00\x00\x00\x00',b'\x02\x00\x00\x00\x00\x00\x00\x00'
West,b'f\x0c\x00\x00\x00\x00\x00\x00',b'\x02\x00\x00\x00\x00\x00\x00\x00'
South,b'\x1c#\x00\x00\x00\x00\x00\x00',b'\x02\x00\x00\x00\x00\x00\x00\x00'
South,b'\x1d\x05\x00\x00\x00\x00\x00\x00',b'\x02\x00\x00\x00\x00\x00\x00\x00'
East,b'C&\x00\x00\x00\x00\x00\x00',b'\x02\x00\x00\x00\x00\x00\x00\x00'
East,b'\xc1(\x00\x00\x00\x00\x00\x00',b'\x02\x00\x00\x00\x00\x00\x00\x00'
East,b'@\x1b\x00\x00\x00\x00\x00\x00',b'\x02\x00\x00\x00\x00\x00\x00\x00'
South,b'\xe8\x02\x00\x00\x00\x00\x00\x00',b'\x02\x00\x00\x00\x00\x00\x00\x00'
West,b'$\x17\x00\x00\x00\x00\x00\x00',b'\x02\x00\x00\x00\x00\x00\x00\x00'
West,b'7\r\x00\x00\x00\x00\x00\x00',b'\x02\x00\x00\x00\x00\x00\x00\x00'
East,"b'=""\x00\x00\x00\x00\x00\x00'",b'\x02\x00\x00\x00\x00\x00\x00\x00'
East,b'\xc2\x12\x00\x00\x00\x00\x00\x00',b'\x02\x00\x00\x00\x00\x00\x00\x00'
East,b'=\x08\x00\x00\x00\x00\x00\x00',b'\x02\x00\x00\x00\x00\x00\x00\x00'
East,b'h\n\x00\x00\x00\x00\x00\x00',b'\x02\x00\x00\x00\x00\x00\x00\x00'
West,b'S!\x00\x00\x00\x00\x00\x00',b'\x02\x00\x00\x00\x00\x00\x00\x00'
East,b')#\x00\x00\x00\x00\x00\x00',b'\x02\x00\x00\x00\x00\x00\x00\x00'
East,b'\x8c\x15\x00\x00\x00\x00\x00\x00',b'\x02\x00\x00\x00\x00\x00\x00\x00'
East,b'\xfe%\x00\x00\x00\x00\x00\x00',b'\x02\x00\x00\x00\x00\x00\x00\x00'
East,b'\xa8\x11\x00\x00\x00\x00\x00\x00',b'\x02\x00\x00\x00\x00\x00\x00\x00'
East,b'\x92\x03\x00\x00\x00\x00\x00\x00',b'\x02\x00\x00\x00\x00\x00\x00\x00'
East,b'\x91(\x00\x00\x00\x00\x00\x00',b'\x02\x00\x00\x00\x00\x00\x00\x00'
East,b'\x90\x1e\x00\x00\x00\x00\x00\x00',b'\x02\x00\x00\x00\x00\x00\x00\x00'
East,b'\x90\x19\x00\x00\x00\x00\x00\x00',b'\x02\x00\x00\x00\x00\x00\x00\x00'
West,b'@\x14\x00\x00\x00\x00\x00\x00',b'\x02\x00\x00\x00\x00\x00\x00\x00'
East,b'\xff\x1d\x00\x00\x00\x00\x00\x00',b'\x02\x00\x00\x00\x00\x00\x00\x00'
South,b'\xfc)\x00\x00\x00\x00\x00\x00',b'\x02\x00\x00\x00\x00\x00\x00\x00'
West,b'\x03\x19\x00\x00\x00\x00\x00\x00',b'\x02\x00\x00\x00\x00\x00\x00\x00'
East,b'\xa1!\x00\x00\x00\x00\x00\x00',b'\x02\x00\x00\x00\x00\x00\x00\x00'
West,b'B!\x00\x00\x00\x00\x00\x00',b'\x02\x00\x00\x00\x00\x00\x00\x00'
West,"b""B'\x00\x00\x00\x00\x00\x00""",b'\x02\x00\x00\x00\x00\x00\x00\x00'
West,b'C\x01\x00\x00\x00\x00\x00\x00',b'\x02\x00\x00\x00\x00\x00\x00\x00'
East,b'\xf5\x07\x00\x00\x00\x00\x00\x00',b'\x02\x00\x00\x00\x00\x00\x00\x00'
East,b'\x88\t\x00\x00\x00\x00\x00\x00',b'\x02\x00\x00\x00\x00\x00\x00\x00'
South,b'\x02\x02\x00\x00\x00\x00\x00\x00',b'\x02\x00\x00\x00\x00\x00\x00\x00'
East,b'\x87\x10\x00\x00\x00\x00\x00\x00',b'\x02\x00\x00\x00\x00\x00\x00\x00'
East,b'\xab\x01\x00\x00\x00\x00\x00\x00',b'\x02\x00\x00\x00\x00\x00\x00\x00'
West,b'2\x19\x00\x00\x00\x00\x00\x00',b'\x02\x00\x00\x00\x00\x00\x00\x00'
East,"b""\xa6'\x00\x00\x00\x00\x00\x00""",b'\x02\x00\x00\x00\x00\x00\x00\x00'
East,b'\xfe\x0c\x00\x00\x00\x00\x00\x00',b'\x02\x00\x00\x00\x00\x00\x00\x00'
East,b'j\x00\x00\x00\x00\x00\x00\x00',b'\x02\x00\x00\x00\x00\x00\x00\x00'
East,b'\xa0\x11\x00\x00\x00\x00\x00\x00',b'\x02\x00\x00\x00\x00\x00\x00\x00'
East,b'\xf6\x1f\x00\x00\x00\x00\x00\x00',b'\x02\x00\x00\x00\x00\x00\x00\x00'
East,b'\x9c\x1a\x00\x00\x00\x00\x00\x00',b'\x02\x00\x00\x00\x00\x00\x00\x00'
West,b'7\x03\x00\x00\x00\x00\x00\x00',b'\x02\x00\x00\x00\x00\x00\x00\x00'
East,b'\xf8\x17\x00\x00\x00\x00\x00\x00',b'\x02\x00\x00\x00\x00\x00\x00\x00'
West,b'\x01\x00\x00\x00\x00\x00\x00\x00',b'\x02\x00\x00\x00\x00\x00\x00\x00'
East,b'\x9e\x02\x00\x00\x00\x00\x00\x00',b'\x02\x00\x00\x00\x00\x00\x00\x00'
West,b':\x05\x00\x00\x00\x00\x00\x00',b'\x02\x00\x00\x00\x00\x00\x00\x00'
East,b'\xf6\x1d\x00\x00\x00\x00\x00\x00',b'\x02\x00\x00\x00\x00\x00\x00\x00'
East,b'\x9e\x14\x00\x00\x00\x00\x00\x00',b'\x02\x00\x00\x00\x00\x00\x00\x00'
West,b':\x1d\x00\x00\x00\x00\x00\x00',b'\x02\x00\x00\x00\x00\x00\x00\x00'
East,b'\xa1\x15\x00\x00\x00\x00\x00\x00',b'\x02\x00\x00\x00\x00\x00\x00\x00'
West,b':)\x00\x00\x00\x00\x00\x00',b'\x02\x00\x00\x00\x00\x00\x00\x00'
South,"b""\xff'\x00\x00\x00\x00\x00\x00""",b'\x02\x00\x00\x00\x00\x00\x00\x00'
East,b'\x96\x03\x00\x00\x00\x00\x00\x00',b'\x02\x00\x00\x00\x00\x00\x00\x00'
East,"b'\x95""\x00\x00\x00\x00\x00\x00'",b'\x02\x00\x00\x00\x00\x00\x00\x00'
South,b'\xfe \x00\x00\x00\x00\x00\x00',b'\x02\x00\x00\x00\x00\x00\x00\x00'
West,b'<\x0b\x00\x00\x00\x00\x00\x00',b'\x02\x00\x00\x00\x00\x00\x00\x00'
West,b'<\r\x00\x00\x00\x00\x00\x00',b'\x02\x00\x00\x00\x00\x00\x00\x00'
South,b'\xfe\x1a\x00\x00\x00\x00\x00\x00',b'\x02\x00\x00\x00\x00\x00\x00\x00'
East,b'\xfc)\x00\x00\x00\x00\x00\x00',b'\x02\x00\x00\x00\x00\x00\x00\x00'
East,b'\x86\x19\x00\x00\x00\x00\x00\x00',b'\x02\x00\x00\x00\x00\x00\x00\x00'
East,b'\x85&\x00\x00\x00\x00\x00\x00',b'\x02\x00\x00\x00\x00\x00\x00\x00'
East,b'\x85\x1f\x00\x00\x00\x00\x00\x00',b'\x02\x00\x00\x00\x00\x00\x00\x00'
South,b'\x0c\x04\x00\x00\x00\x00\x00\x00',b'\x02\x00\x00\x00\x00\x00\x00\x00'
East,b'w#\x00\x00\x00\x00\x00\x00',b'\x02\x00\x00\x00\x00\x00\x00\x00'
South,b'\x07*\x00\x00\x00\x00\x00\x00',b'\x02\x00\x00\x00\x00\x00\x00\x00'
West,b'N\x08\x00\x00\x00\x00\x00\x00',b'\x02\x00\x00\x00\x00\x00\x00\x00'
South,b'\x08\x04\x00\x00\x00\x00\x00\x00',b'\x02\x00\x00\x00\x00\x00\x00\x00'
East,b's\x03\x00\x00\x00\x00\x00\x00',b'\x02\x00\x00\x00\x00\x00\x00\x00'
West,b'O#\x00\x00\x00\x00\x00\x00',b'\x02\x00\x00\x00\x00\x00\x00\x00'
East,"b'r""\x00\x00\x00\x00\x00\x00'",b'\x02\x00\x00\x00\x00\x00\x00\x00'
East,b'\xf2\x1f\x00\x00\x00\x00\x00\x00',b'\x02\x00\x00\x00\x00\x00\x00\x00'
South,b'\x0b\x13\x00\x00\x00\x00\x00\x00',b'\x02\x00\x00\x00\x00\x00\x00\x00'
West,b'P\x1e\x00\x00\x00\x00\x00\x00',b'\x02\x00\x00\x00\x00\x00\x00\x00'
East,b'\xf4\x11\x00\x00\x00\x00\x00\x00',b'\x02\x00\x00\x00\x00\x00\x00\x00'
East,b'\xaf\n\x00\x00\x00\x00\x00\x00',b'\x02\x00\x00\x00\x00\x00\x00\x00'
East,b'o)\x00\x00\x00\x00\x00\x00',b'\x02\x00\x00\x00\x00\x00\x00\x00'
West,b'Q$\x00\x00\x00\x00\x00\x00',b'\x02\x00\x00\x00\x00\x00\x00\x00'
East,b'\xaf%\x00\x00\x00\x00\x00\x00',b'\x02\x00\x00\x00\x00\x00\x00\x00'
West,"b""Q'\x00\x00\x00\x00\x00\x00""",b'\x02\x00\x00\x00\x00\x00\x00\x00'
East,b'o\x0c\x00\x00\x00\x00\x00\x00',b'\x02\x00\x00\x00\x00\x00\x00\x00'
East,b'n\x15\x00\x00\x00\x00\x00\x00',b'\x02\x00\x00\x00\x00\x00\x00\x00'
West,b'-\x16\x00\x00\x00\x00\x00\x00',b'\x02\x00\x00\x00\x00\x00\x00\x00'
East,b'k\x10\x00\x00\x00\x00\x00\x00',b'\x02\x00\x00\x00\x00\x00\x00\x00'
East,b'w)\x00\x00\x00\x00\x00\x00',b'\x02\x00\x00\x00\x00\x00\x00\x00'
South,b'\x07#\x00\x00\x00\x00\x00\x00',b'\x02\x00\x00\x00\x00\x00\x00\x00'
South,"b""\xf6'\x00\x00\x00\x00\x00\x00""",b'\x02\x00\x00\x00\x00\x00\x00\x00'
East,b'y\x02\x00\x00\x00\x00\x00\x00',b'\x02\x00\x00\x00\x00\x00\x00\x00'
East,b'\x85\x15\x00\x00\x00\x00\x00\x00',b'\x02\x00\x00\x00\x00\x00\x00\x00'
East,b'\xac\x16\x00\x00\x00\x00\x00\x00',b'\x02\x00\x00\x00\x00\x00\x00\x00'
West,b'1\x10\x00\x00\x00\x00\x00\x00',b'\x02\x00\x00\x00\x00\x00\x00\x00'
East,b'\x84\x06\x00\x00\x00\x00\x00\x00',b'\x02\x00\x00\x00\x00\x00\x00\x00'
West,b'1\x02\x00\x00\x00\x00\x00\x00',b'\x02\x00\x00\x00\x00\x00\x00\x00'
East,b'\xad&\x00\x00\x00\x00\x00\x00',b'\x02\x00\x00\x00\x00\x00\x00\x00'
West,b'0$\x00\x00\x00\x00\x00\x00',b'\x02\x00\x00\x00\x00\x00\x00\x00'
West,b'G\x08\x00\x00\x00\x00\x00\x00',b'\x02\x00\x00\x00\x00\x00\x00\x00'
East,"b""\x82'\x00\x00\x00\x00\x00\x00""",b'\x02\x00\x00\x00\x00\x00\x00\x00'
East,b'\xae\x01\x00\x00\x00\x00\x00\x00',b'\x02\x00\x00\x00\x00\x00\x00\x00'
East,b'\x82&\x00\x00\x00\x00\x00\x00',b'\x02\x00\x00\x00\x00\x00\x00\x00'
East,b'\x81\r\x00\x00\x00\x00\x00\x00',b'\x02\x00\x00\x00\x00\x00\x00\x00'
East,b'\xae\t\x00\x00\x00\x00\x00\x00',b'\x02\x00\x00\x00\x00\x00\x00\x00'
East,b'\x80\x05\x00\x00\x00\x00\x00\x00',b'\x02\x00\x00\x00\x00\x00\x00\x00'
South,b'\x06\x1c\x00\x00\x00\x00\x00\x00',b'\x02\x00\x00\x00\x00\x00\x00\x00'
West,"b""I'\x00\x00\x00\x00\x00\x00""",b'\x02\x00\x00\x00\x00\x00\x00\x00'
West,b'I)\x00\x00\x00\x00\x00\x00',b'\x02\x00\x00\x00\x00\x00\x00\x00'
South,b'\x06(\x00\x00\x00\x00\x00\x00',b'\x02\x00\x00\x00\x00\x00\x00\x00'
West,b'K\x02\x00\x00\x00\x00\x00\x00',b'\x02\x00\x00\x00\x00\x00\x00\x00'
East,b'\xc6\x11\x00\x00\x00\x00\x00\x00',b'\x02\x00\x00\x00\x00\x00\x00\x00'
East,b'\xc2\x0e\x00\x00\x00\x00\x00\x00',b'\x02\x00\x00\x00\x00\x00\x00\x00'
East,b'()\x00\x00\x00\x00\x00\x00',b'\x02\x00\x00\x00\x00\x00\x00\x00'
East,b'\xd5%\x00\x00\x00\x00\x00\x00',b'\x02\x00\x00\x00\x00\x00\x00\x00'
Central,b'\xf1\x1e\x00\x00\x00\x00\x00\x00',b'\x02\x00\x00\x00\x00\x00\x00\x00'
South,b'\xd6%\x00\x00\x00\x00\x00\x00',b'\x02\x00\x00\x00\x00\x00\x00\x00'
West,b'\x17\x04\x00\x00\x00\x00\x00\x00',b'\x02\x00\x00\x00\x00\x00\x00\x00'
Central,b'\xf0\x07\x00\x00\x00\x00\x00\x00',b'\x02\x00\x00\x00\x00\x00\x00\x00'
South,"b""A'\x00\x00\x00\x00\x00\x00""",b'\x02\x00\x00\x00\x00\x00\x00\x00'
Central,b'\xeb\x0b\x00\x00\x00\x00\x00\x00',b'\x02\x00\x00\x00\x00\x00\x00\x00'
East,b'\xd5!\x00\x00\x00\x00\x00\x00',b'\x02\x00\x00\x00\x00\x00\x00\x00'
Central,b'\xe9\x12\x00\x00\x00\x00\x00\x00',b'\x02\x00\x00\x00\x00\x00\x00\x00'
Central,b'\xf2\x14\x00\x00\x00\x00\x00\x00',b'\x02\x00\x00\x00\x00\x00\x00\x00'
South,b'C\x1d\x00\x00\x00\x00\x00\x00',b'\x02\x00\x00\x00\x00\x00\x00\x00'
West,b'\x16\x00\x00\x00\x00\x00\x00\x00',b'\x02\x00\x00\x00\x00\x00\x00\x00'
East,b'\xd7$\x00\x00\x00\x00\x00\x00',b'\x02\x00\x00\x00\x00\x00\x00\x00'
East,b'\xd8\x0c\x00\x00\x00\x00\x00\x00',b'\x02\x00\x00\x00\x00\x00\x00\x00'
West,b'\x8d\x1d\x00\x00\x00\x00\x00\x00',b'\x02\x00\x00\x00\x00\x00\x00\x00'
Central,"b""\xe6'\x00\x00\x00\x00\x00\x00""",b'\x02\x00\x00\x00\x00\x00\x00\x00'
West,b'\x0e\x1b\x00\x00\x00\x00\x00\x00',b'\x02\x00\x00\x00\x00\x00\x00\x00'
South,b'>\x1c\x00\x00\x00\x00\x00\x00',b'\x02\x00\x00\x00\x00\x00\x00\x00'
Central,b'\xf3$\x00\x00\x00\x00\x00\x00',b'\x02\x00\x00\x00\x00\x00\x00\x00'
West,b'\x8e\x1d\x00\x00\x00\x00\x00\x00',b'\x02\x00\x00\x00\x00\x00\x00\x00'
South,b'\xd8\x0c\x00\x00\x00\x00\x00\x00',b'\x02\x00\x00\x00\x00\x00\x00\x00'
East,b'\xd0$\x00\x00\x00\x00\x00\x00',b'\x02\x00\x00\x00\x00\x00\x00\x00'
South,b'7&\x00\x00\x00\x00\x00\x00',b'\x02\x00\x00\x00\x00\x00\x00\x00'
Central,b'\xfe\x10\x00\x00\x00\x00\x00\x00',b'\x02\x00\x00\x00\x00\x00\x00\x00'
South,b'\xd9\x07\x00\x00\x00\x00\x00\x00',b'\x02\x00\x00\x00\x00\x00\x00\x00'
South,b'8%\x00\x00\x00\x00\x00\x00',b'\x02\x00\x00\x00\x00\x00\x00\x00'
Central,b'\xfd\x10\x00\x00\x00\x00\x00\x00',b'\x02\x00\x00\x00\x00\x00\x00\x00'
Central,b'\xfc&\x00\x00\x00\x00\x00\x00',b'\x02\x00\x00\x00\x00\x00\x00\x00'
West,b'\x19\x02\x00\x00\x00\x00\x00\x00',b'\x02\x00\x00\x00\x00\x00\x00\x00'
East,b'\xd4!\x00\x00\x00\x00\x00\x00',b'\x02\x00\x00\x00\x00\x00\x00\x00'
West,b'\x83\x1e\x00\x00\x00\x00\x00\x00',b'\x02\x00\x00\x00\x00\x00\x00\x00'
East,b'\xd3\x1b\x00\x00\x00\x00\x00\x00',b'\x02\x00\x00\x00\x00\x00\x00\x00'
East,b'\xd3#\x00\x00\x00\x00\x00\x00',b'\x02\x00\x00\x00\x00\x00\x00\x00'
West,b'\x0c\x12\x00\x00\x00\x00\x00\x00',b'\x02\x00\x00\x00\x00\x00\x00\x00'
Central,b'\xf6\x1e\x00\x00\x00\x00\x00\x00',b'\x02\x00\x00\x00\x00\x00\x00\x00'
Central,b'\xf6\x0b\x00\x00\x00\x00\x00\x00',b'\x02\x00\x00\x00\x00\x00\x00\x00'
Central,b'\xf3)\x00\x00\x00\x00\x00\x00',b'\x02\x00\x00\x00\x00\x00\x00\x00'
West,b'\x14%\x00\x00\x00\x00\x00\x00',b'\x02\x00\x00\x00\x00\x00\x00\x00'
South,b'E\t\x00\x00\x00\x00\x00\x00',b'\x02\x00\x00\x00\x00\x00\x00\x00'
Central,b'\xff\x1f\x00\x00\x00\x00\x00\x00',b'\x02\x00\x00\x00\x00\x00\x00\x00'
Central,b'\xd4\x1a\x00\x00\x00\x00\x00\x00',b'\x02\x00\x00\x00\x00\x00\x00\x00'
Central,b'\xd8\x05\x00\x00\x00\x00\x00\x00',b'\x02\x00\x00\x00\x00\x00\x00\x00'
South,b'J(\x00\x00\x00\x00\x00\x00',b'\x02\x00\x00\x00\x00\x00\x00\x00'
West,b'\x98\x14\x00\x00\x00\x00\x00\x00',b'\x02\x00\x00\x00\x00\x00\x00\x00'
South,b'K\x14\x00\x00\x00\x00\x00\x00',b'\x02\x00\x00\x00\x00\x00\x00\x00'
Central,b'\xd6\x17\x00\x00\x00\x00\x00\x00',b'\x02\x00\x00\x00\x00\x00\x00\x00'
West,b'\x9b\x00\x00\x00\x00\x00\x00\x00',b'\x02\x00\x00\x00\x00\x00\x00\x00'
Central,b'\xd4!\x00\x00\x00\x00\x00\x00',b'\x02\x00\x00\x00\x00\x00\x00\x00'
West,b'\x9c\x00\x00\x00\x00\x00\x00\x00',b'\x02\x00\x00\x00\x00\x00\x00\x00'
East,b'\xdf\x1b\x00\x00\x00\x00\x00\x00',b'\x02\x00\x00\x00\x00\x00\x00\x00'
Central,b'\xd3$\x00\x00\x00\x00\x00\x00',b'\x02\x00\x00\x00\x00\x00\x00\x00'
Central,b'\xd3\x0e\x00\x00\x00\x00\x00\x00',b'\x02\x00\x00\x00\x00\x00\x00\x00'
South,b'\xce\x18\x00\x00\x00\x00\x00\x00',b'\x02\x00\x00\x00\x00\x00\x00\x00'
East,b'\xe2&\x00\x00\x00\x00\x00\x00',b'\x02\x00\x00\x00\x00\x00\x00\x00'
Central,b'\xd2\x1e\x00\x00\x00\x00\x00\x00',b'\x02\x00\x00\x00\x00\x00\x00\x00'
South,b'\xcd(\x00\x00\x00\x00\x00\x00',b'\x02\x00\x00\x00\x00\x00\x00\x00'
East,b'\xe0!\x00\x00\x00\x00\x00\x00',b'\x02\x00\x00\x00\x00\x00\x00\x00'
West,b'\x97%\x00\x00\x00\x00\x00\x00',b'\x02\x00\x00\x00\x00\x00\x00\x00'
East,b'\xdf\x14\x00\x00\x00\x00\x00\x00',b'\x02\x00\x00\x00\x00\x00\x00\x00'
East,b'\xd8\x12\x00\x00\x00\x00\x00\x00',b'\x02\x00\x00\x00\x00\x00\x00\x00'
South,b'\xd3\x00\x00\x00\x00\x00\x00\x00',b'\x02\x00\x00\x00\x00\x00\x00\x00'
West,b'\x8f\x00\x00\x00\x00\x00\x00\x00',b'\x02\x00\x00\x00\x00\x00\x00\x00'
Central,b'\xe5\n\x00\x00\x00\x00\x00\x00',b'\x02\x00\x00\x00\x00\x00\x00\x00'
Central,b'\xe4!\x00\x00\x00\x00\x00\x00',b'\x02\x00\x00\x00\x00\x00\x00\x00'
East,b'\xdc\t\x00\x00\x00\x00\x00\x00',b'\x02\x00\x00\x00\x00\x00\x00\x00'
West,b'\x91\x10\x00\x00\x00\x00\x00\x00',b'\x02\x00\x00\x00\x00\x00\x00\x00'
West,b'\x91\x15\x00\x00\x00\x00\x00\x00',b'\x02\x00\x00\x00\x00\x00\x00\x00'
Central,b'\xe1#\x00\x00\x00\x00\x00\x00',b'\x02\x00\x00\x00\x00\x00\x00\x00'
East,b'\xde\x08\x00\x00\x00\x00\x00\x00',b'\x02\x00\x00\x00\x00\x00\x00\x00'
South,b'\xcf)\x00\x00\x00\x00\x00\x00',b'\x02\x00\x00\x00\x00\x00\x00\x00'
Central,b'\xdf\x08\x00\x00\x00\x00\x00\x00',b'\x02\x00\x00\x00\x00\x00\x00\x00'
West,b'\x93&\x00\x00\x00\x00\x00\x00',b'\x02\x00\x00\x00\x00\x00\x00\x00'
Central,b'\xde\x03\x00\x00\x00\x00\x00\x00',b'\x02\x00\x00\x00\x00\x00\x00\x00'
South,b'H%\x00\x00\x00\x00\x00\x00',b'\x02\x00\x00\x00\x00\x00\x00\x00'
South,b'I\x04\x00\x00\x00\x00\x00\x00',b'\x02\x00\x00\x00\x00\x00\x00\x00'
West,b'\x12\x14\x00\x00\x00\x00\x00\x00',b'\x02\x00\x00\x00\x00\x00\x00\x00'
West,b'\x96\t\x00\x00\x00\x00\x00\x00',b'\x02\x00\x00\x00\x00\x00\x00\x00'
Central,b'\xff\x0f\x00\x00\x00\x00\x00\x00',b'\x02\x00\x00\x00\x00\x00\x00\x00'
West,b'7\x18\x00\x00\x00\x00\x00\x00',b'\x02\x00\x00\x00\x00\x00\x00\x00'
East,b'\x1e\x1d\x00\x00\x00\x00\x00\x00',b'\x02\x00\x00\x00\x00\x00\x00\x00'
East,b'\xe9\x0b\x00\x00\x00\x00\x00\x00',b'\x02\x00\x00\x00\x00\x00\x00\x00'
West,b'\n!\x00\x00\x00\x00\x00\x00',b'\x02\x00\x00\x00\x00\x00\x00\x00'
East,b'\xc9\x15\x00\x00\x00\x00\x00\x00',b'\x02\x00\x00\x00\x00\x00\x00\x00'
East,b'\t \x00\x00\x00\x00\x00\x00',b'\x02\x00\x00\x00\x00\x00\x00\x00'
East,b'\x1d%\x00\x00\x00\x00\x00\x00',b'\x02\x00\x00\x00\x00\x00\x00\x00'
East,b'\xe8\x0e\x00\x00\x00\x00\x00\x00',b'\x02\x00\x00\x00\x00\x00\x00\x00'
East,b'\x1d\x10\x00\x00\x00\x00\x00\x00',b'\x02\x00\x00\x00\x00\x00\x00\x00'
East,b'\xe8\x13\x00\x00\x00\x00\x00\x00',b'\x02\x00\x00\x00\x00\x00\x00\x00'
West,b'\x0b\x00\x00\x00\x00\x00\x00\x00',b'\x02\x00\x00\x00\x00\x00\x00\x00'
East,b'\x0b\x02\x00\x00\x00\x00\x00\x00',b'\x02\x00\x00\x00\x00\x00\x00\x00'
East,"b""\x0c'\x00\x00\x00\x00\x00\x00""",b'\x02\x00\x00\x00\x00\x00\x00\x00'
South,b'.\x03\x00\x00\x00\x00\x00\x00',b'\x02\x00\x00\x00\x00\x00\x00\x00'
East,b'\xce\x13\x00\x00\x00\x00\x00\x00',b'\x02\x00\x00\x00\x00\x00\x00\x00'
East,b'\x19\x06\x00\x00\x00\x00\x00\x00',b'\x02\x00\x00\x00\x00\x00\x00\x00'
East,b'\x03 \x00\x00\x00\x00\x00\x00',b'\x02\x00\x00\x00\x00\x00\x00\x00'
South,b'\xde\x03\x00\x00\x00\x00\x00\x00',b'\x02\x00\x00\x00\x00\x00\x00\x00'
East,b'\xce\x10\x00\x00\x00\x00\x00\x00',b'\x02\x00\x00\x00\x00\x00\x00\x00'
South,"b""\xdc'\x00\x00\x00\x00\x00\x00""",b'\x02\x00\x00\x00\x00\x00\x00\x00'
East,b'\xcc\x14\x00\x00\x00\x00\x00\x00',b'\x02\x00\x00\x00\x00\x00\x00\x00'
East,b'\xce\x07\x00\x00\x00\x00\x00\x00',b'\x02\x00\x00\x00\x00\x00\x00\x00'
East,b'\x17%\x00\x00\x00\x00\x00\x00',b'\x02\x00\x00\x00\x00\x00\x00\x00'
West,b'\x1d#\x00\x00\x00\x00\x00\x00',b'\x02\x00\x00\x00\x00\x00\x00\x00'
West,b'\x1e\x04\x00\x00\x00\x00\x00\x00',b'\x02\x00\x00\x00\x00\x00\x00\x00'
East,b'\x17\x0b\x00\x00\x00\x00\x00\x00',b'\x02\x00\x00\x00\x00\x00\x00\x00'
East,b'\x15\x1a\x00\x00\x00\x00\x00\x00',b'\x02\x00\x00\x00\x00\x00\x00\x00'
West,b'z\x11\x00\x00\x00\x00\x00\x00',b'\x02\x00\x00\x00\x00\x00\x00\x00'
West,"b""z'\x00\x00\x00\x00\x00\x00""",b'\x02\x00\x00\x00\x00\x00\x00\x00'
South,b'4\x1a\x00\x00\x00\x00\x00\x00',b'\x02\x00\x00\x00\x00\x00\x00\x00'
West,b'\x0b\x06\x00\x00\x00\x00\x00\x00',b'\x02\x00\x00\x00\x00\x00\x00\x00'
East,"b'""\'\x00\x00\x00\x00\x00\x00'",b'\x02\x00\x00\x00\x00\x00\x00\x00'
East,b'(\x17\x00\x00\x00\x00\x00\x00',b'\x02\x00\x00\x00\x00\x00\x00\x00'
South,b'6$\x00\x00\x00\x00\x00\x00',b'\x02\x00\x00\x00\x00\x00\x00\x00'
West,b's(\x00\x00\x00\x00\x00\x00',b'\x02\x00\x00\x00\x00\x00\x00\x00'
West,b'\x1b\x13\x00\x00\x00\x00\x00\x00',b'\x02\x00\x00\x00\x00\x00\x00\x00'
South,b'\xda\x10\x00\x00\x00\x00\x00\x00',b'\x02\x00\x00\x00\x00\x00\x00\x00'
South,b'6\x14\x00\x00\x00\x00\x00\x00',b'\x02\x00\x00\x00\x00\x00\x00\x00'
West,b'\x7f\x0b\x00\x00\x00\x00\x00\x00',b'\x02\x00\x00\x00\x00\x00\x00\x00'
East,b'\x01\x15\x00\x00\x00\x00\x00\x00',b'\x02\x00\x00\x00\x00\x00\x00\x00'
South,b'*&\x00\x00\x00\x00\x00\x00',b'\x02\x00\x00\x00\x00\x00\x00\x00'
South,b')&\x00\x00\x00\x00\x00\x00',b'\x02\x00\x00\x00\x00\x00\x00\x00'
West,b'\x7f\x13\x00\x00\x00\x00\x00\x00',b'\x02\x00\x00\x00\x00\x00\x00\x00'
East,b'!$\x00\x00\x00\x00\x00\x00',b'\x02\x00\x00\x00\x00\x00\x00\x00'
East,b'\x00(\x00\x00\x00\x00\x00\x00',b'\x02\x00\x00\x00\x00\x00\x00\x00'
West,b'\x9e\x16\x00\x00\x00\x00\x00\x00',b'\x01\x00\x00\x00\x00\x00\x00\x00\x07\x00\x00\x00\x00\x00\x00\x00'
West,b'\xe6)\x00\x00\x00\x00\x00\x00',b'\x01\x00\x00\x00\x00\x00\x00\x00\x05\x00\x00\x00\x00\x00\x00\x00'
East,b'\xc0\x0e\x00\x00\x00\x00\x00\x00',b'\x01\x00\x00\x00\x00\x00\x00\x00\x05\x00\x00\x00\x00\x00\x00\x00'
South,b'9\x1d\x00\x00\x00\x00\x00\x00',b'\x01\x00\x00\x00\x00\x00\x00\x00\x05\x00\x00\x00\x00\x00\x00\x00'
West,b'\xaf#\x00\x00\x00\x00\x00\x00',b'\x01\x00\x00\x00\x00\x00\x00\x00\x04\x00\x00\x00\x00\x00\x00\x00'
Central,b'R#\x00\x00\x00\x00\x00\x00',b'\x01\x00\x00\x00\x00\x00\x00\x00\x04\x00\x00\x00\x00\x00\x00\x00'
West,b'\x13$\x00\x00\x00\x00\x00\x00',b'\x01\x00\x00\x00\x00\x00\x00\x00\x04\x00\x00\x00\x00\x00\x00\x00'
West,b'=%\x00\x00\x00\x00\x00\x00',b'\x01\x00\x00\x00\x00\x00\x00\x00\x04\x00\x00\x00\x00\x00\x00\x00'
Central,b'\xb5\x0f\x00\x00\x00\x00\x00\x00',b'\x01\x00\x00\x00\x00\x00\x00\x00\x03\x00\x00\x00\x00\x00\x00\x00\x03\x00\x00\x00\x00\x00\x00\x00\x01\x00\x00\x00\x00\x00\x00\x00'
South,"b""J'\x00\x00\x00\x00\x00\x00""",b'\x01\x00\x00\x00\x00\x00\x00\x00\x03\x00\x00\x00\x00\x00\x00\x00\x03\x00\x00\x00\x00\x00\x00\x00'
South,b'\xc7%\x00\x00\x00\x00\x00\x00',b'\x01\x00\x00\x00\x00\x00\x00\x00\x03\x00\x00\x00\x00\x00\x00\x00'
East,b'O\x1d\x00\x00\x00\x00\x00\x00',b'\x01\x00\x00\x00\x00\x00\x00\x00\x03\x00\x00\x00\x00\x00\x00\x00'
South,b'\xdf!\x00\x00\x00\x00\x00\x00',b'\x01\x00\x00\x00\x00\x00\x00\x00\x03\x00\x00\x00\x00\x00\x00\x00'
East,b'-\x04\x00\x00\x00\x00\x00\x00',b'\x01\x00\x00\x00\x00\x00\x00\x00\x03\x00\x00\x00\x00\x00\x00\x00'
Central,b'\x0c\x0b\x00\x00\x00\x00\x00\x00',b'\x01\x00\x00\x00\x00\x00\x00\x00\x03\x00\x00\x00\x00\x00\x00\x00'
South,b'S!\x00\x00\x00\x00\x00\x00',b'\x01\x00\x00\x00\x00\x00\x00\x00\x03\x00\x00\x00\x00\x00\x00\x00'
South,b'\xd6\x1c\x00\x00\x00\x00\x00\x00',b'\x01\x00\x00\x00\x00\x00\x00\x00\x03\x00\x00\x00\x00\x00\x00\x00'
Central,b'\t\x07\x00\x00\x00\x00\x00\x00',b'\x01\x00\x00\x00\x00\x00\x00\x00\x03\x00\x00\x00\x00\x00\x00\x00'
South,b'\xe8)\x00\x00\x00\x00\x00\x00',b'\x01\x00\x00\x00\x00\x00\x00\x00\x03\x00\x00\x00\x00\x00\x00\x00'
West,b'4\x10\x00\x00\x00\x00\x00\x00',b'\x01\x00\x00\x00\x00\x00\x00\x00\x03\x00\x00\x00\x00\x00\x00\x00'
West,b'\x18 \x00\x00\x00\x00\x00\x00',b'\x01\x00\x00\x00\x00\x00\x00\x00\x03\x00\x00\x00\x00\x00\x00\x00'
West,b'\xe0\x07\x00\x00\x00\x00\x00\x00',b'\x01\x00\x00\x00\x00\x00\x00\x00\x03\x00\x00\x00\x00\x00\x00\x00'
East,b'\xc6(\x00\x00\x00\x00\x00\x00',b'\x01\x00\x00\x00\x00\x00\x00\x00\x03\x00\x00\x00\x00\x00\x00\x00'
Central,b'N#\x00\x00\x00\x00\x00\x00',b'\x01\x00\x00\x00\x00\x00\x00\x00\x02\x00\x00\x00\x00\x00\x00\x00\x04\x00\x00\x00\x00\x00\x00\x00'
East,b'\xb7\x10\x00\x00\x00\x00\x00\x00',b'\x01\x00\x00\x00\x00\x00\x00\x00\x02\x00\x00\x00\x00\x00\x00\x00\x02\x00\x00\x00\x00\x00\x00\x00\x01\x00\x00\x00\x00\x00\x00\x00\x01\x00\x00\x00\x00\x00\x00\x00'
Central,b'U\x0e\x00\x00\x00\x00\x00\x00',b'\x01\x00\x00\x00\x00\x00\x00\x00\x02\x00\x00\x00\x00\x00\x00\x00\x02\x00\x00\x00\x00\x00\x00\x00'
East,b'\xeb\x19\x00\x00\x00\x00\x00\x00',b'\x01\x00\x00\x00\x00\x00\x00\x00\x02\x00\x00\x00\x00\x00\x00\x00\x02\x00\x00\x00\x00\x00\x00\x00'
West,b'J)\x00\x00\x00\x00\x00\x00',b'\x01\x00\x00\x00\x00\x00\x00\x00\x02\x00\x00\x00\x00\x00\x00\x00\x02\x00\x00\x00\x00\x00\x00\x00'
East,b'\xba)\x00\x00\x00\x00\x00\x00',b'\x01\x00\x00\x00\x00\x00\x00\x00\x02\x00\x00\x00\x00\x00\x00\x00\x02\x00\x00\x00\x00\x00\x00\x00'
Central,"b""\x91'\x00\x00\x00\x00\x00\x00""",b'\x01\x00\x00\x00\x00\x00\x00\x00\x02\x00\x00\x00\x00\x00\x00\x00\x01\x00\x00\x00\x00\x00\x00\x00'
East,b'\xae\x13\x00\x00\x00\x00\x00\x00',b'\x01\x00\x00\x00\x00\x00\x00\x00\x02\x00\x00\x00\x00\x00\x00\x00\x01\x00\x00\x00\x00\x00\x00\x00'
Central,b'\xc9(\x00\x00\x00\x00\x00\x00',b'\x01\x00\x00\x00\x00\x00\x00\x00\x02\x00\x00\x00\x00\x00\x00\x00'
Central,"b'\xca""\x00\x00\x00\x00\x00\x00'",b'\x01\x00\x00\x00\x00\x00\x00\x00\x02\x00\x00\x00\x00\x00\x00\x00'
West,b'\x02 \x00\x00\x00\x00\x00\x00',b'\x01\x00\x00\x00\x00\x00\x00\x00\x02\x00\x00\x00\x00\x00\x00\x00'
Central,b'\x97(\x00\x00\x00\x00\x00\x00',b'\x01\x00\x00\x00\x00\x00\x00\x00\x02\x00\x00\x00\x00\x00\x00\x00'
East,b'\x82\x05\x00\x00\x00\x00\x00\x00',b'\x01\x00\x00\x00\x00\x00\x00\x00\x02\x00\x00\x00\x00\x00\x00\x00'
Central,b'\xbc\x1e\x00\x00\x00\x00\x00\x00',b'\x01\x00\x00\x00\x00\x00\x00\x00\x02\x00\x00\x00\x00\x00\x00\x00'
West,"b""p'\x00\x00\x00\x00\x00\x00""",b'\x01\x00\x00\x00\x00\x00\x00\x00\x02\x00\x00\x00\x00\x00\x00\x00'
East,b'\xad(\x00\x00\x00\x00\x00\x00',b'\x01\x00\x00\x00\x00\x00\x00\x00\x02\x00\x00\x00\x00\x00\x00\x00'
West,b'_ \x00\x00\x00\x00\x00\x00',b'\x01\x00\x00\x00\x00\x00\x00\x00\x02\x00\x00\x00\x00\x00\x00\x00'
West,"b""\x82'\x00\x00\x00\x00\x00\x00""",b'\x01\x00\x00\x00\x00\x00\x00\x00\x02\x00\x00\x00\x00\x00\x00\x00'
South,b'\x17\x08\x00\x00\x00\x00\x00\x00',b'\x01\x00\x00\x00\x00\x00\x00\x00\x02\x00\x00\x00\x00\x00\x00\x00'
West,b'\xf1\x15\x00\x00\x00\x00\x00\x00',b'\x01\x00\x00\x00\x00\x00\x00\x00\x02\x00\x00\x00\x00\x00\x00\x00'
West,b'X\x0f\x00\x00\x00\x00\x00\x00',b'\x01\x00\x00\x00\x00\x00\x00\x00\x02\x00\x00\x00\x00\x00\x00\x00'
Central,b'f(\x00\x00\x00\x00\x00\x00',b'\x01\x00\x00\x00\x00\x00\x00\x00\x02\x00\x00\x00\x00\x00\x00\x00'
West,b'\xd6\x17\x00\x00\x00\x00\x00\x00',b'\x01\x00\x00\x00\x00\x00\x00\x00\x02\x00\x00\x00\x00\x00\x00\x00'
West,b'\xf6\x1e\x00\x00\x00\x00\x00\x00',b'\x01\x00\x00\x00\x00\x00\x00\x00\x02\x00\x00\x00\x00\x00\x00\x00'
South,b'\x17\x11\x00\x00\x00\x00\x00\x00',b'\x01\x00\x00\x00\x00\x00\x00\x00\x02\x00\x00\x00\x00\x00\x00\x00'
West,b'^\x19\x00\x00\x00\x00\x00\x00',b'\x01\x00\x00\x00\x00\x00\x00\x00\x02\x00\x00\x00\x00\x00\x00\x00'
Central,b'\xd8\t\x00\x00\x00\x00\x00\x00',b'\x01\x00\x00\x00\x00\x00\x00\x00\x01\x00\x00\x00\x00\x00\x00\x00\x01\x00\x00\x00\x00\x00\x00\x00'
West,b'\xb9\x18\x00\x00\x00\x00\x00\x00',b'\x01\x00\x00\x00\x00\x00\x00\x00\x01\x00\x00\x00\x00\x00\x00\x00'
West,b'\x03$\x00\x00\x00\x00\x00\x00',b'\x01\x00\x00\x00\x00\x00\x00\x00\x01\x00\x00\x00\x00\x00\x00\x00'
Central,b'L\x08\x00\x00\x00\x00\x00\x00',b'\x01\x00\x00\x00\x00\x00\x00\x00\x01\x00\x00\x00\x00\x00\x00\x00'
East,b'7\x0e\x00\x00\x00\x00\x00\x00',b'\x01\x00\x00\x00\x00\x00\x00\x00\x01\x00\x00\x00\x00\x00\x00\x00'
West,b'\x02\x1f\x00\x00\x00\x00\x00\x00',b'\x01\x00\x00\x00\x00\x00\x00\x00\x01\x00\x00\x00\x00\x00\x00\x00'
South,b'E\r\x00\x00\x00\x00\x00\x00',b'\x01\x00\x00\x00\x00\x00\x00\x00\x01\x00\x00\x00\x00\x00\x00\x00'
East,"b'\xd9""\x00\x00\x00\x00\x00\x00'",b'\x01\x00\x00\x00\x00\x00\x00\x00\x01\x00\x00\x00\x00\x00\x00\x00'
West,b'A\x07\x00\x00\x00\x00\x00\x00',b'\x01\x00\x00\x00\x00\x00\x00\x00\x01\x00\x00\x00\x00\x00\x00\x00'
East,b'\xe0 \x00\x00\x00\x00\x00\x00',b'\x01\x00\x00\x00\x00\x00\x00\x00\x01\x00\x00\x00\x00\x00\x00\x00'
East,b'\xdf\x08\x00\x00\x00\x00\x00\x00',b'\x01\x00\x00\x00\x00\x00\x00\x00\x01\x00\x00\x00\x00\x00\x00\x00'
West,b'M\r\x00\x00\x00\x00\x00\x00',b'\x01\x00\x00\x00\x00\x00\x00\x00\x01\x00\x00\x00\x00\x00\x00\x00'
East,b'M\x14\x00\x00\x00\x00\x00\x00',b'\x01\x00\x00\x00\x00\x00\x00\x00\x01\x00\x00\x00\x00\x00\x00\x00'
West,b'*\x1d\x00\x00\x00\x00\x00\x00',b'\x01\x00\x00\x00\x00\x00\x00\x00\x01\x00\x00\x00\x00\x00\x00\x00'
Central,b'\xd3&\x00\x00\x00\x00\x00\x00',b'\x01\x00\x00\x00\x00\x00\x00\x00\x01\x00\x00\x00\x00\x00\x00\x00'
West,b'h\x1d\x00\x00\x00\x00\x00\x00',b'\x01\x00\x00\x00\x00\x00\x00\x00\x01\x00\x00\x00\x00\x00\x00\x00'
East,b'\xf5\r\x00\x00\x00\x00\x00\x00',b'\x01\x00\x00\x00\x00\x00\x00\x00'
Central,b'\x03\n\x00\x00\x00\x00\x00\x00',b'\x01\x00\x00\x00\x00\x00\x00\x00'
West,b'\xf4\x07\x00\x00\x00\x00\x00\x00',b'\x01\x00\x00\x00\x00\x00\x00\x00'
Central,b'\x1a\r\x00\x00\x00\x00\x00\x00',b'\x01\x00\x00\x00\x00\x00\x00\x00'
West,b'\x1b!\x00\x00\x00\x00\x00\x00',b'\x01\x00\x00\x00\x00\x00\x00\x00'
West,"b""\xe6'\x00\x00\x00\x00\x00\x00""",b'\x01\x00\x00\x00\x00\x00\x00\x00'
East,b'\xd4\n\x00\x00\x00\x00\x00\x00',b'\x01\x00\x00\x00\x00\x00\x00\x00'
East,b'\xd2\x16\x00\x00\x00\x00\x00\x00',b'\x01\x00\x00\x00\x00\x00\x00\x00'
West,b'\xee\x1a\x00\x00\x00\x00\x00\x00',b'\x01\x00\x00\x00\x00\x00\x00\x00'
Central,"b'\x11""\x00\x00\x00\x00\x00\x00'",b'\x01\x00\x00\x00\x00\x00\x00\x00'
Central,b'\x13\x06\x00\x00\x00\x00\x00\x00',b'\x01\x00\x00\x00\x00\x00\x00\x00'
West,b'$\x16\x00\x00\x00\x00\x00\x00',b'\x01\x00\x00\x00\x00\x00\x00\x00'
West,b'\x02$\x00\x00\x00\x00\x00\x00',b'\x01\x00\x00\x00\x00\x00\x00\x00'
Central,b'\x1b\x13\x00\x00\x00\x00\x00\x00',b'\x01\x00\x00\x00\x00\x00\x00\x00'
East,"b""\xc6'\x00\x00\x00\x00\x00\x00""",b'\x01\x00\x00\x00\x00\x00\x00\x00'
Central,b'&(\x00\x00\x00\x00\x00\x00',b'\x01\x00\x00\x00\x00\x00\x00\x00'
Central,"b""='\x00\x00\x00\x00\x00\x00""",b'\x01\x00\x00\x00\x00\x00\x00\x00'
Central,b'\x1b$\x00\x00\x00\x00\x00\x00',b'\x01\x00\x00\x00\x00\x00\x00\x00'
Central,b'\x1c\x17\x00\x00\x00\x00\x00\x00',b'\x01\x00\x00\x00\x00\x00\x00\x00'
South,b'\x8f)\x00\x00\x00\x00\x00\x00',b'\x01\x00\x00\x00\x00\x00\x00\x00'
Central,b'&\x1e\x00\x00\x00\x00\x00\x00',b'\x01\x00\x00\x00\x00\x00\x00\x00'
West,b'\t \x00\x00\x00\x00\x00\x00',b'\x01\x00\x00\x00\x00\x00\x00\x00'
East,b'\xd1$\x00\x00\x00\x00\x00\x00',b'\x01\x00\x00\x00\x00\x00\x00\x00'
West,b'\x11\x19\x00\x00\x00\x00\x00\x00',b'\x01\x00\x00\x00\x00\x00\x00\x00'
South,b'\x85&\x00\x00\x00\x00\x00\x00',b'\x01\x00\x00\x00\x00\x00\x00\x00'
West,b'\xff\x1d\x00\x00\x00\x00\x00\x00',b'\x01\x00\x00\x00\x00\x00\x00\x00'
East,b'\xee\x04\x00\x00\x00\x00\x00\x00',b'\x01\x00\x00\x00\x00\x00\x00\x00'
Central,b'\x02#\x00\x00\x00\x00\x00\x00',b'\x01\x00\x00\x00\x00\x00\x00\x00'
West,"b""\xfe'\x00\x00\x00\x00\x00\x00""",b'\x01\x00\x00\x00\x00\x00\x00\x00'
South,b'\x80\x19\x00\x00\x00\x00\x00\x00',b'\x01\x00\x00\x00\x00\x00\x00\x00'
South,b'\x8f\t\x00\x00\x00\x00\x00\x00',b'\x01\x00\x00\x00\x00\x00\x00\x00'
South,b'\x97!\x00\x00\x00\x00\x00\x00',b'\x01\x00\x00\x00\x00\x00\x00\x00'
East,b'\xef\x04\x00\x00\x00\x00\x00\x00',b'\x01\x00\x00\x00\x00\x00\x00\x00'
West,b'\xe8\x12\x00\x00\x00\x00\x00\x00',b'\x01\x00\x00\x00\x00\x00\x00\x00'
West,b'\x12\x05\x00\x00\x00\x00\x00\x00',b'\x01\x00\x00\x00\x00\x00\x00\x00'
East,b'\xd8\x05\x00\x00\x00\x00\x00\x00',b'\x01\x00\x00\x00\x00\x00\x00\x00'
Central,b'0\x1f\x00\x00\x00\x00\x00\x00',b'\x01\x00\x00\x00\x00\x00\x00\x00'
East,b'\xdd\n\x00\x00\x00\x00\x00\x00',b'\x01\x00\x00\x00\x00\x00\x00\x00'
West,b'\x0f\x10\x00\x00\x00\x00\x00\x00',b'\x01\x00\x00\x00\x00\x00\x00\x00'
South,b'\x8d\x1c\x00\x00\x00\x00\x00\x00',b'\x01\x00\x00\x00\x00\x00\x00\x00'
East,"b""\xc0'\x00\x00\x00\x00\x00\x00""",b'\x01\x00\x00\x00\x00\x00\x00\x00'
East,b'\xe4\x18\x00\x00\x00\x00\x00\x00',b'\x01\x00\x00\x00\x00\x00\x00\x00'
East,b'\xd6\x17\x00\x00\x00\x00\x00\x00',b'\x01\x00\x00\x00\x00\x00\x00\x00'
West,b'\xf1\x14\x00\x00\x00\x00\x00\x00',b'\x01\x00\x00\x00\x00\x00\x00\x00'
South,b'\x82%\x00\x00\x00\x00\x00\x00',b'\x01\x00\x00\x00\x00\x00\x00\x00'
South,b'\x95\x0c\x00\x00\x00\x00\x00\x00',b'\x01\x00\x00\x00\x00\x00\x00\x00'
West,b'\xe8\x02\x00\x00\x00\x00\x00\x00',b'\x01\x00\x00\x00\x00\x00\x00\x00'
West,b'\xea\x04\x00\x00\x00\x00\x00\x00',b'\x01\x00\x00\x00\x00\x00\x00\x00'
East,"b'\xe4""\x00\x00\x00\x00\x00\x00'",b'\x01\x00\x00\x00\x00\x00\x00\x00'
South,"b'\x9e""\x00\x00\x00\x00\x00\x00'",b'\x01\x00\x00\x00\x00\x00\x00\x00'
West,b'\xf1\x17\x00\x00\x00\x00\x00\x00',b'\x01\x00\x00\x00\x00\x00\x00\x00'
South,b'\x83\n\x00\x00\x00\x00\x00\x00',b'\x01\x00\x00\x00\x00\x00\x00\x00'
West,b'\xfb\x06\x00\x00\x00\x00\x00\x00',b'\x01\x00\x00\x00\x00\x00\x00\x00'
South,"b""\x9b'\x00\x00\x00\x00\x00\x00""",b'\x01\x00\x00\x00\x00\x00\x00\x00'
West,b'0\n\x00\x00\x00\x00\x00\x00',b'\x01\x00\x00\x00\x00\x00\x00\x00'
Central,b'2\x04\x00\x00\x00\x00\x00\x00',b'\x01\x00\x00\x00\x00\x00\x00\x00'
Central,b'\x0f\x0f\x00\x00\x00\x00\x00\x00',b'\x01\x00\x00\x00\x00\x00\x00\x00'
West,b'\xeb\x1d\x00\x00\x00\x00\x00\x00',b'\x01\x00\x00\x00\x00\x00\x00\x00'
South,b'\x8e\x1d\x00\x00\x00\x00\x00\x00',b'\x01\x00\x00\x00\x00\x00\x00\x00'
Central,b'.\x0c\x00\x00\x00\x00\x00\x00',b'\x01\x00\x00\x00\x00\x00\x00\x00'
West,b'3\x1b\x00\x00\x00\x00\x00\x00',b'\x01\x00\x00\x00\x00\x00\x00\x00'
Central,b'\x07\x0f\x00\x00\x00\x00\x00\x00',b'\x01\x00\x00\x00\x00\x00\x00\x00'
West,b'\x12\x11\x00\x00\x00\x00\x00\x00',b'\x01\x00\x00\x00\x00\x00\x00\x00'
East,b'\xcf)\x00\x00\x00\x00\x00\x00',b'\x01\x00\x00\x00\x00\x00\x00\x00'
West,b'\xfd\x10\x00\x00\x00\x00\x00\x00',b'\x01\x00\x00\x00\x00\x00\x00\x00'
South,b'\x85\x15\x00\x00\x00\x00\x00\x00',b'\x01\x00\x00\x00\x00\x00\x00\x00'
Central,b'\x08*\x00\x00\x00\x00\x00\x00',b'\x01\x00\x00\x00\x00\x00\x00\x00'
South,b'\x9d)\x00\x00\x00\x00\x00\x00',b'\x01\x00\x00\x00\x00\x00\x00\x00'
South,b'\x83\x18\x00\x00\x00\x00\x00\x00',b'\x01\x00\x00\x00\x00\x00\x00\x00'
East,b'\xc3\x06\x00\x00\x00\x00\x00\x00',b'\x01\x00\x00\x00\x00\x00\x00\x00'
Central,"b""-'\x00\x00\x00\x00\x00\x00""",b'\x01\x00\x00\x00\x00\x00\x00\x00'
East,b'\xab\x04\x00\x00\x00\x00\x00\x00',b'\x01\x00\x00\x00\x00\x00\x00\x00'
West,"b""\xf7'\x00\x00\x00\x00\x00\x00""",b'\x01\x00\x00\x00\x00\x00\x00\x00'
West,b'\x1f\x13\x00\x00\x00\x00\x00\x00',b'\x01\x00\x00\x00\x00\x00\x00\x00'
East,b'\xf4\x13\x00\x00\x00\x00\x00\x00',b'\x01\x00\x00\x00\x00\x00\x00\x00'
East,"b""\xea'\x00\x00\x00\x00\x00\x00""",b'\x01\x00\x00\x00\x00\x00\x00\x00'
Central,b'\x17\x01\x00\x00\x00\x00\x00\x00',b'\x01\x00\x00\x00\x00\x00\x00\x00'
East,b'\xe5\x13\x00\x00\x00\x00\x00\x00',b'\x01\x00\x00\x00\x00\x00\x00\x00'
West,b'\x17\x01\x00\x00\x00\x00\x00\x00',b'\x01\x00\x00\x00\x00\x00\x00\x00'
South,b'\x9e\x0e\x00\x00\x00\x00\x00\x00',b'\x01\x00\x00\x00\x00\x00\x00\x00'
West,b'\xd2\x1e\x00\x00\x00\x00\x00\x00',b'\x01\x00\x00\x00\x00\x00\x00\x00'
East,b'\x9c\x12\x00\x00\x00\x00\x00\x00',b'\x01\x00\x00\x00\x00\x00\x00\x00'
Central,b'\xfc#\x00\x00\x00\x00\x00\x00',b'\x01\x00\x00\x00\x00\x00\x00\x00'
South,b'2#\x00\x00\x00\x00\x00\x00',b'\x01\x00\x00\x00\x00\x00\x00\x00'
East,b'\n\x00\x00\x00\x00\x00\x00\x00',b'\x01\x00\x00\x00\x00\x00\x00\x00'
South,b'\xdb!\x00\x00\x00\x00\x00\x00',b'\x01\x00\x00\x00\x00\x00\x00\x00'
Central,b'\xa9\x1e\x00\x00\x00\x00\x00\x00',b'\x01\x00\x00\x00\x00\x00\x00\x00'
West,b'\xb6(\x00\x00\x00\x00\x00\x00',b'\x01\x00\x00\x00\x00\x00\x00\x00'
West,b'\xb5(\x00\x00\x00\x00\x00\x00',b'\x01\x00\x00\x00\x00\x00\x00\x00'
West,b'\x80\x13\x00\x00\x00\x00\x00\x00',b'\x01\x00\x00\x00\x00\x00\x00\x00'
Central,b'\xb1#\x00\x00\x00\x00\x00\x00',b'\x01\x00\x00\x00\x00\x00\x00\x00'
West,b'\xb3\x19\x00\x00\x00\x00\x00\x00',b'\x01\x00\x00\x00\x00\x00\x00\x00'
South,b'\xd8\x0f\x00\x00\x00\x00\x00\x00',b'\x01\x00\x00\x00\x00\x00\x00\x00'
Central,b'\xa3 \x00\x00\x00\x00\x00\x00',b'\x01\x00\x00\x00\x00\x00\x00\x00'
South,b'X%\x00\x00\x00\x00\x00\x00',b'\x01\x00\x00\x00\x00\x00\x00\x00'
Central,b'\xf7\x13\x00\x00\x00\x00\x00\x00',b'\x01\x00\x00\x00\x00\x00\x00\x00'
Central,b'\xb3\x1c\x00\x00\x00\x00\x00\x00',b'\x01\x00\x00\x00\x00\x00\x00\x00'
Central,b'\xf7\x06\x00\x00\x00\x00\x00\x00',b'\x01\x00\x00\x00\x00\x00\x00\x00'
South,b'<(\x00\x00\x00\x00\x00\x00',b'\x01\x00\x00\x00\x00\x00\x00\x00'
Central,b'\xf6\x1f\x00\x00\x00\x00\x00\x00',b'\x01\x00\x00\x00\x00\x00\x00\x00'
South,b'=%\x00\x00\x00\x00\x00\x00',b'\x01\x00\x00\x00\x00\x00\x00\x00'
Central,b'\xf4\x13\x00\x00\x00\x00\x00\x00',b'\x01\x00\x00\x00\x00\x00\x00\x00'
West,b'\x85\x07\x00\x00\x00\x00\x00\x00',b'\x01\x00\x00\x00\x00\x00\x00\x00'
South,b'\xdc\x16\x00\x00\x00\x00\x00\x00',b'\x01\x00\x00\x00\x00\x00\x00\x00'
West,b'{)\x00\x00\x00\x00\x00\x00',b'\x01\x00\x00\x00\x00\x00\x00\x00'
Central,b'\xb7\x07\x00\x00\x00\x00\x00\x00',b'\x01\x00\x00\x00\x00\x00\x00\x00'
South,b'_ \x00\x00\x00\x00\x00\x00',b'\x01\x00\x00\x00\x00\x00\x00\x00'
Central,b'\x93(\x00\x00\x00\x00\x00\x00',b'\x01\x00\x00\x00\x00\x00\x00\x00'
South,b'f(\x00\x00\x00\x00\x00\x00',b'\x01\x00\x00\x00\x00\x00\x00\x00'
West,b'n\x11\x00\x00\x00\x00\x00\x00',b'\x01\x00\x00\x00\x00\x00\x00\x00'
East,b'0\n\x00\x00\x00\x00\x00\x00',b'\x01\x00\x00\x00\x00\x00\x00\x00'
East,b'.)\x00\x00\x00\x00\x00\x00',b'\x01\x00\x00\x00\x00\x00\x00\x00'
West,b'p\x10\x00\x00\x00\x00\x00\x00',b'\x01\x00\x00\x00\x00\x00\x00\x00'
South,b'\xbc#\x00\x00\x00\x00\x00\x00',b'\x01\x00\x00\x00\x00\x00\x00\x00'
West,b'q\x1f\x00\x00\x00\x00\x00\x00',b'\x01\x00\x00\x00\x00\x00\x00\x00'
South,b'_)\x00\x00\x00\x00\x00\x00',b'\x01\x00\x00\x00\x00\x00\x00\x00'
East,b'!\x05\x00\x00\x00\x00\x00\x00',b'\x01\x00\x00\x00\x00\x00\x00\x00'
East,b'\x0e\x0e\x00\x00\x00\x00\x00\x00',b'\x01\x00\x00\x00\x00\x00\x00\x00'
South,b'+)\x00\x00\x00\x00\x00\x00',b'\x01\x00\x00\x00\x00\x00\x00\x00'
West,b'u\x03\x00\x00\x00\x00\x00\x00',b'\x01\x00\x00\x00\x00\x00\x00\x00'
West,b'u\r\x00\x00\x00\x00\x00\x00',b'\x01\x00\x00\x00\x00\x00\x00\x00'
East,b'\x1d\x08\x00\x00\x00\x00\x00\x00',b'\x01\x00\x00\x00\x00\x00\x00\x00'
West,b'v\x1e\x00\x00\x00\x00\x00\x00',b'\x01\x00\x00\x00\x00\x00\x00\x00'
East,b'\x19\x19\x00\x00\x00\x00\x00\x00',b'\x01\x00\x00\x00\x00\x00\x00\x00'
Central,b'\x9f\x16\x00\x00\x00\x00\x00\x00',b'\x01\x00\x00\x00\x00\x00\x00\x00'
South,b'0\t\x00\x00\x00\x00\x00\x00',b'\x01\x00\x00\x00\x00\x00\x00\x00'
East,b'\x10\x14\x00\x00\x00\x00\x00\x00',b'\x01\x00\x00\x00\x00\x00\x00\x00'
West,b'\x85$\x00\x00\x00\x00\x00\x00',b'\x01\x00\x00\x00\x00\x00\x00\x00'
Central,b'\xf0\r\x00\x00\x00\x00\x00\x00',b'\x01\x00\x00\x00\x00\x00\x00\x00'
Central,"b""\x92'\x00\x00\x00\x00\x00\x00""",b'\x01\x00\x00\x00\x00\x00\x00\x00'
West,b'\x97\n\x00\x00\x00\x00\x00\x00',b'\x01\x00\x00\x00\x00\x00\x00\x00'
South,"b""\xd2'\x00\x00\x00\x00\x00\x00""",b'\x01\x00\x00\x00\x00\x00\x00\x00'
Central,b'\xdc(\x00\x00\x00\x00\x00\x00',b'\x01\x00\x00\x00\x00\x00\x00\x00'
Central,b'\xc4\x1c\x00\x00\x00\x00\x00\x00',b'\x01\x00\x00\x00\x00\x00\x00\x00'
Central,b'\xdc\x15\x00\x00\x00\x00\x00\x00',b'\x01\x00\x00\x00\x00\x00\x00\x00'
West,b'\x96\x18\x00\x00\x00\x00\x00\x00',b'\x01\x00\x00\x00\x00\x00\x00\x00'
South,b'\xd0!\x00\x00\x00\x00\x00\x00',b'\x01\x00\x00\x00\x00\x00\x00\x00'
West,b'\xa5\x1d\x00\x00\x00\x00\x00\x00',b'\x01\x00\x00\x00\x00\x00\x00\x00'
Central,"b'\xc5""\x00\x00\x00\x00\x00\x00'",b'\x01\x00\x00\x00\x00\x00\x00\x00'
South,b'I)\x00\x00\x00\x00\x00\x00',b'\x01\x00\x00\x00\x00\x00\x00\x00'
Central,b'\xc6(\x00\x00\x00\x00\x00\x00',b'\x01\x00\x00\x00\x00\x00\x00\x00'
South,b'F\x04\x00\x00\x00\x00\x00\x00',b'\x01\x00\x00\x00\x00\x00\x00\x00'
South,b'N\t\x00\x00\x00\x00\x00\x00',b'\x01\x00\x00\x00\x00\x00\x00\x00'
Central,b'\xd5\r\x00\x00\x00\x00\x00\x00',b'\x01\x00\x00\x00\x00\x00\x00\x00'
South,b'\xcc\x04\x00\x00\x00\x00\x00\x00',b'\x01\x00\x00\x00\x00\x00\x00\x00'
South,"b'K""\x00\x00\x00\x00\x00\x00'",b'\x01\x00\x00\x00\x00\x00\x00\x00'
Central,b'\xc9)\x00\x00\x00\x00\x00\x00',b'\x01\x00\x00\x00\x00\x00\x00\x00'
West,b'\xa1\x14\x00\x00\x00\x00\x00\x00',b'\x01\x00\x00\x00\x00\x00\x00\x00'
Central,b'\xcb\x05\x00\x00\x00\x00\x00\x00',b'\x01\x00\x00\x00\x00\x00\x00\x00'
South,b'\xce\x17\x00\x00\x00\x00\x00\x00',b'\x01\x00\x00\x00\x00\x00\x00\x00'
Central,b'\xd0\x1b\x00\x00\x00\x00\x00\x00',b'\x01\x00\x00\x00\x00\x00\x00\x00'
West,b'\x92%\x00\x00\x00\x00\x00\x00',b'\x01\x00\x00\x00\x00\x00\x00\x00'
West,b'\x90\x1e\x00\x00\x00\x00\x00\x00',b'\x01\x00\x00\x00\x00\x00\x00\x00'
West,b'\x89\x12\x00\x00\x00\x00\x00\x00',b'\x01\x00\x00\x00\x00\x00\x00\x00'
Central,b'\xe6\x12\x00\x00\x00\x00\x00\x00',b'\x01\x00\x00\x00\x00\x00\x00\x00'
Central,b'\xed\x03\x00\x00\x00\x00\x00\x00',b'\x01\x00\x00\x00\x00\x00\x00\x00'
West,b'\x8a\x1f\x00\x00\x00\x00\x00\x00',b'\x01\x00\x00\x00\x00\x00\x00\x00'
South,b'C\x10\x00\x00\x00\x00\x00\x00',b'\x01\x00\x00\x00\x00\x00\x00\x00'
West,b'\x8c\x02\x00\x00\x00\x00\x00\x00',b'\x01\x00\x00\x00\x00\x00\x00\x00'
South,"b""C'\x00\x00\x00\x00\x00\x00""",b'\x01\x00\x00\x00\x00\x00\x00\x00'
Central,b'\xe9\x00\x00\x00\x00\x00\x00\x00',b'\x01\x00\x00\x00\x00\x00\x00\x00'
Central,b'\xe7(\x00\x00\x00\x00\x00\x00',b'\x01\x00\x00\x00\x00\x00\x00\x00'
West,b'\x8d\x06\x00\x00\x00\x00\x00\x00',b'\x01\x00\x00\x00\x00\x00\x00\x00'
West,b'\x8d\x1c\x00\x00\x00\x00\x00\x00',b'\x01\x00\x00\x00\x00\x00\x00\x00'
Central,b'\xba)\x00\x00\x00\x00\x00\x00',b'\x01\x00\x00\x00\x00\x00\x00\x00'
South,b'\xc6(\x00\x00\x00\x00\x00\x00',b'\x01\x00\x00\x00\x00\x00\x00\x00'
West,"b""\xab'\x00\x00\x00\x00\x00\x00""",b'\x01\x00\x00\x00\x00\x00\x00\x00'
Central,b'\xe6\x10\x00\x00\x00\x00\x00\x00',b'\x01\x00\x00\x00\x00\x00\x00\x00'
West,b'\x8e%\x00\x00\x00\x00\x00\x00',b'\x01\x00\x00\x00\x00\x00\x00\x00'
Central,b'\xbd\x07\x00\x00\x00\x00\x00\x00',b'\x01\x00\x00\x00\x00\x00\x00\x00'
West,b'\x8e&\x00\x00\x00\x00\x00\x00',b'\x01\x00\x00\x00\x00\x00\x00\x00'
Central,b'\xbe)\x00\x00\x00\x00\x00\x00',b'\x01\x00\x00\x00\x00\x00\x00\x00'
West,b'\x90\x01\x00\x00\x00\x00\x00\x00',b'\x01\x00\x00\x00\x00\x00\x00\x00'
Central,b'\xe3&\x00\x00\x00\x00\x00\x00',b'\x01\x00\x00\x00\x00\x00\x00\x00'
Central,b'\xe3\x18\x00\x00\x00\x00\x00\x00',b'\x01\x00\x00\x00\x00\x00\x00\x00'
West,b'\xc1)\x00\x00\x00\x00\x00\x00',b'\x01\x00\x00\x00\x00\x00\x00\x00'
South,b'\xbb\x04\x00\x00\x00\x00\x00\x00',b'\x01\x00\x00\x00\x00\x00\x00\x00'
Central,b'A$\x00\x00\x00\x00\x00\x00',b'\x01\x00\x00\x00\x00\x00\x00\x00'
Central,b'Z$\x00\x00\x00\x00\x00\x00',b'\x01\x00\x00\x00\x00\x00\x00\x00'
South,b'\x02#\x00\x00\x00\x00\x00\x00',b'\x01\x00\x00\x00\x00\x00\x00\x00'
South,b'\xaa\x0b\x00\x00\x00\x00\x00\x00',b'\x01\x00\x00\x00\x00\x00\x00\x00'
Central,b'W\x1a\x00\x00\x00\x00\x00\x00',b'\x01\x00\x00\x00\x00\x00\x00\x00'
East,b'\x85\x07\x00\x00\x00\x00\x00\x00',b'\x01\x00\x00\x00\x00\x00\x00\x00'
West,b'E\x1e\x00\x00\x00\x00\x00\x00',b'\x01\x00\x00\x00\x00\x00\x00\x00'
East,b'\x84\x02\x00\x00\x00\x00\x00\x00',b'\x01\x00\x00\x00\x00\x00\x00\x00'
West,b'F \x00\x00\x00\x00\x00\x00',b'\x01\x00\x00\x00\x00\x00\x00\x00'
South,"b""\x03'\x00\x00\x00\x00\x00\x00""",b'\x01\x00\x00\x00\x00\x00\x00\x00'
South,b'\xab%\x00\x00\x00\x00\x00\x00',b'\x01\x00\x00\x00\x00\x00\x00\x00'
South,b'\xf8\r\x00\x00\x00\x00\x00\x00',b'\x01\x00\x00\x00\x00\x00\x00\x00'
South,b'\x02 \x00\x00\x00\x00\x00\x00',b'\x01\x00\x00\x00\x00\x00\x00\x00'
East,b'~\r\x00\x00\x00\x00\x00\x00',b'\x01\x00\x00\x00\x00\x00\x00\x00'
West,b'\xd8\x0e\x00\x00\x00\x00\x00\x00',b'\x01\x00\x00\x00\x00\x00\x00\x00'
South,b'\xf7\x13\x00\x00\x00\x00\x00\x00',b'\x01\x00\x00\x00\x00\x00\x00\x00'
East,b'w\x0f\x00\x00\x00\x00\x00\x00',b'\x01\x00\x00\x00\x00\x00\x00\x00'
South,b'\xf6\x08\x00\x00\x00\x00\x00\x00',b'\x01\x00\x00\x00\x00\x00\x00\x00'
West,b'N\x15\x00\x00\x00\x00\x00\x00',b'\x01\x00\x00\x00\x00\x00\x00\x00'
West,b'O\x1c\x00\x00\x00\x00\x00\x00',b'\x01\x00\x00\x00\x00\x00\x00\x00'
South,b'\n)\x00\x00\x00\x00\x00\x00',b'\x01\x00\x00\x00\x00\x00\x00\x00'
Central,b'k\x02\x00\x00\x00\x00\x00\x00',b'\x01\x00\x00\x00\x00\x00\x00\x00'
Central,b'R\x07\x00\x00\x00\x00\x00\x00',b'\x01\x00\x00\x00\x00\x00\x00\x00'
Central,b'Q$\x00\x00\x00\x00\x00\x00',b'\x01\x00\x00\x00\x00\x00\x00\x00'
South,b'\xb0\x0c\x00\x00\x00\x00\x00\x00',b'\x01\x00\x00\x00\x00\x00\x00\x00'
West,b'>\x0c\x00\x00\x00\x00\x00\x00',b'\x01\x00\x00\x00\x00\x00\x00\x00'
East,b'\xf8\x1d\x00\x00\x00\x00\x00\x00',b'\x01\x00\x00\x00\x00\x00\x00\x00'
Central,"b'B""\x00\x00\x00\x00\x00\x00'",b'\x01\x00\x00\x00\x00\x00\x00\x00'
Central,b'B$\x00\x00\x00\x00\x00\x00',b'\x01\x00\x00\x00\x00\x00\x00\x00'
East,b'\xf9\x0c\x00\x00\x00\x00\x00\x00',b'\x01\x00\x00\x00\x00\x00\x00\x00'
East,b'\xfc%\x00\x00\x00\x00\x00\x00',b'\x01\x00\x00\x00\x00\x00\x00\x00'
East,b'\xfd&\x00\x00\x00\x00\x00\x00',b'\x01\x00\x00\x00\x00\x00\x00\x00'
Central,b'F\x05\x00\x00\x00\x00\x00\x00',b'\x01\x00\x00\x00\x00\x00\x00\x00'
West,"b""='\x00\x00\x00\x00\x00\x00""",b'\x01\x00\x00\x00\x00\x00\x00\x00'
East,b'\x93\x11\x00\x00\x00\x00\x00\x00',b'\x01\x00\x00\x00\x00\x00\x00\x00'
East,b'\x92\x14\x00\x00\x00\x00\x00\x00',b'\x01\x00\x00\x00\x00\x00\x00\x00'
East,b'\x89\t\x00\x00\x00\x00\x00\x00',b'\x01\x00\x00\x00\x00\x00\x00\x00'
East,b'\x8f#\x00\x00\x00\x00\x00\x00',b'\x01\x00\x00\x00\x00\x00\x00\x00'
East,b'\x8f\t\x00\x00\x00\x00\x00\x00',b'\x01\x00\x00\x00\x00\x00\x00\x00'
West,"b'\xde""\x00\x00\x00\x00\x00\x00'",b'\x01\x00\x00\x00\x00\x00\x00\x00'
South,b'\xfd\t\x00\x00\x00\x00\x00\x00',b'\x01\x00\x00\x00\x00\x00\x00\x00'
East,b'\xff\x1e\x00\x00\x00\x00\x00\x00',b'\x01\x00\x00\x00\x00\x00\x00\x00'
East,"b""\x8b'\x00\x00\x00\x00\x00\x00""",b'\x01\x00\x00\x00\x00\x00\x00\x00'
East,b'\x8b\x01\x00\x00\x00\x00\x00\x00',b'\x01\x00\x00\x00\x00\x00\x00\x00'
South,b'\xa8\x1a\x00\x00\x00\x00\x00\x00',b'\x01\x00\x00\x00\x00\x00\x00\x00'
East,b'\x8a!\x00\x00\x00\x00\x00\x00',b'\x01\x00\x00\x00\x00\x00\x00\x00'
Central,b'l!\x00\x00\x00\x00\x00\x00',b'\x01\x00\x00\x00\x00\x00\x00\x00'
East,b'l%\x00\x00\x00\x00\x00\x00',b'\x01\x00\x00\x00\x00\x00\x00\x00'
South,b'h\x00\x00\x00\x00\x00\x00\x00',b'\x01\x00\x00\x00\x00\x00\x00\x00'
East,b'B!\x00\x00\x00\x00\x00\x00',b'\x01\x00\x00\x00\x00\x00\x00\x00'
East,b'J\x16\x00\x00\x00\x00\x00\x00',b'\x01\x00\x00\x00\x00\x00\x00\x00'
West,b'\xc9)\x00\x00\x00\x00\x00\x00',b'\x01\x00\x00\x00\x00\x00\x00\x00'
West,"b""b'\x00\x00\x00\x00\x00\x00""",b'\x01\x00\x00\x00\x00\x00\x00\x00'
South,b'\xe9$\x00\x00\x00\x00\x00\x00',b'\x01\x00\x00\x00\x00\x00\x00\x00'
South,b'\xb7\x07\x00\x00\x00\x00\x00\x00',b'\x01\x00\x00\x00\x00\x00\x00\x00'
West,b'\xc8#\x00\x00\x00\x00\x00\x00',b'\x01\x00\x00\x00\x00\x00\x00\x00'
East,b'E\x14\x00\x00\x00\x00\x00\x00',b'\x01\x00\x00\x00\x00\x00\x00\x00'
West,b'\xc6\x16\x00\x00\x00\x00\x00\x00',b'\x01\x00\x00\x00\x00\x00\x00\x00'
East,b'C\x17\x00\x00\x00\x00\x00\x00',b'\x01\x00\x00\x00\x00\x00\x00\x00'
East,b'A\x1f\x00\x00\x00\x00\x00\x00',b'\x01\x00\x00\x00\x00\x00\x00\x00'
Central,b'\x84\x15\x00\x00\x00\x00\x00\x00',b'\x01\x00\x00\x00\x00\x00\x00\x00'
Central,b'\x8d!\x00\x00\x00\x00\x00\x00',b'\x01\x00\x00\x00\x00\x00\x00\x00'
West,b'\xc5\x08\x00\x00\x00\x00\x00\x00',b'\x01\x00\x00\x00\x00\x00\x00\x00'
South,b'\x1e\x1d\x00\x00\x00\x00\x00\x00',b'\x01\x00\x00\x00\x00\x00\x00\x00'
South,b'\x1f\x01\x00\x00\x00\x00\x00\x00',b'\x01\x00\x00\x00\x00\x00\x00\x00'
Central,b'\x8e%\x00\x00\x00\x00\x00\x00',b'\x01\x00\x00\x00\x00\x00\x00\x00'
West,b'i\x1c\x00\x00\x00\x00\x00\x00',b'\x01\x00\x00\x00\x00\x00\x00\x00'
West,b'j\x05\x00\x00\x00\x00\x00\x00',b'\x01\x00\x00\x00\x00\x00\x00\x00'
South,b' \x1f\x00\x00\x00\x00\x00\x00',b'\x01\x00\x00\x00\x00\x00\x00\x00'
Central,b'\x90\x01\x00\x00\x00\x00\x00\x00',b'\x01\x00\x00\x00\x00\x00\x00\x00'
South,b'\xea\x1b\x00\x00\x00\x00\x00\x00',b'\x01\x00\x00\x00\x00\x00\x00\x00'
East,b'P\x02\x00\x00\x00\x00\x00\x00',b'\x01\x00\x00\x00\x00\x00\x00\x00'
South,b'\x0e&\x00\x00\x00\x00\x00\x00',b'\x01\x00\x00\x00\x00\x00\x00\x00'
East,b'^\x1f\x00\x00\x00\x00\x00\x00',b'\x01\x00\x00\x00\x00\x00\x00\x00'
South,b'\x0e(\x00\x00\x00\x00\x00\x00',b'\x01\x00\x00\x00\x00\x00\x00\x00'
East,b'h\x1f\x00\x00\x00\x00\x00\x00',b'\x01\x00\x00\x00\x00\x00\x00\x00'
East,b'f\x0e\x00\x00\x00\x00\x00\x00',b'\x01\x00\x00\x00\x00\x00\x00\x00'
South,b'\x12\x07\x00\x00\x00\x00\x00\x00',b'\x01\x00\x00\x00\x00\x00\x00\x00'
East,b'a!\x00\x00\x00\x00\x00\x00',b'\x01\x00\x00\x00\x00\x00\x00\x00'
West,"b""\xd0'\x00\x00\x00\x00\x00\x00""",b'\x01\x00\x00\x00\x00\x00\x00\x00'
East,b'`\x01\x00\x00\x00\x00\x00\x00',b'\x01\x00\x00\x00\x00\x00\x00\x00'
South,b'\xb2 \x00\x00\x00\x00\x00\x00',b'\x01\x00\x00\x00\x00\x00\x00\x00'
East,b'_\x06\x00\x00\x00\x00\x00\x00',b'\x01\x00\x00\x00\x00\x00\x00\x00'
West,b'W&\x00\x00\x00\x00\x00\x00',b'\x01\x00\x00\x00\x00\x00\x00\x00'
South,b'o\x03\x00\x00\x00\x00\x00\x00',b'\x01\x00\x00\x00\x00\x00\x00\x00'
East,b'\\\x1f\x00\x00\x00\x00\x00\x00',b'\x01\x00\x00\x00\x00\x00\x00\x00'
East,b'Y\t\x00\x00\x00\x00\x00\x00',b'\x01\x00\x00\x00\x00\x00\x00\x00'
East,b'X\x0f\x00\x00\x00\x00\x00\x00',b'\x01\x00\x00\x00\x00\x00\x00\x00'
Central,b'|#\x00\x00\x00\x00\x00\x00',b'\x01\x00\x00\x00\x00\x00\x00\x00'
South,b'\x17\x0b\x00\x00\x00\x00\x00\x00',b'\x01\x00\x00\x00\x00\x00\x00\x00'
West,b'\\\x0f\x00\x00\x00\x00\x00\x00',b'\x01\x00\x00\x00\x00\x00\x00\x00'
East,b'U\x10\x00\x00\x00\x00\x00\x00',b'\x01\x00\x00\x00\x00\x00\x00\x00'
East,b'Q\x13\x00\x00\x00\x00\x00\x00',b'\x01\x00\x00\x00\x00\x00\x00\x00'
West,b'\xcd\x11\x00\x00\x00\x00\x00\x00',b'\x01\x00\x00\x00\x00\x00\x00\x00'
West,b'\x10\x16\x00\x00\x00\x00\x00\x00',b'\x01\x00\x00\x00\x00\x00\x00\x00'
